[2026-08-19 11:38:04] == 開始克隆 5 個商家首頁 → /home/ubuntu/.mok/html/project/MokCs ==
[2026-08-19 11:38:04] [1/5] 聚萌 | https://www.dogatherhk.com/
[2026-08-19 11:38:04]   ✓ 已儲存 聚萌.html (639KB, requests 648254B)
[2026-08-19 11:38:04] [2/5] Ruff & Fetch 拉夫寵物生活 (佐敦 Jordan | http://www.ruffandfetch.com/
[2026-08-19 11:38:06]   ✓ 已儲存 Ruff--Fetch-拉夫寵物生活-佐敦-Jordan.html (1509KB, requests 1524357B)
[2026-08-19 11:38:06] [3/5] Bob's Paradise - Pet Supply Pe | https://www.facebook.com/bobsparadisecentral/
[2026-08-19 11:38:12]   ✓ 已儲存 Bobs-Paradise---Pet-Supply-Pet-Grooming-Pet-Service-Pet-Bake.html (1360KB, playwright(playwright 1390119B))
[2026-08-19 11:38:13] [4/5] Whiskers N Paws | Pet Shop | C | http://www.wnp.com.hk/
[2026-08-19 11:38:13]   ✓ 已儲存 Whiskers-N-Paws-Pet-Shop-Cat--Dog-Grooming-Cat--Dog-Adoption.html (980KB, requests 989245B)
[2026-08-19 11:38:14] [5/5] Lego Pet 楽高寵物 | http://www.legopet.com.hk/
[2026-08-19 11:38:14]   ✓ 已儲存 Lego-Pet-楽高寵物.html (1314KB, requests 1318308B)
[2026-08-19 11:38:14] == 完成 ==
[2026-08-19 11:38:14] 成功 5 個，失敗 0 個
[2026-08-19 11:40:46] == 開始克隆 1 個商家首頁 → /home/ubuntu/.mok/html/project/MokCs ==
[2026-08-19 11:40:46] [1/1] 聚萌 | https://www.dogatherhk.com/
[2026-08-19 11:40:46]   ✓ 已儲存 聚萌.html (635KB, requests 648254B)
[2026-08-19 11:40:46] == 完成 ==
[2026-08-19 11:40:46] 成功 1 個，失敗 0 個
[2026-08-19 11:41:48] == 開始克隆 77 個商家首頁 → /home/ubuntu/.mok/html/project/MokCs ==
[2026-08-19 11:41:48] [1/77] 聚萌 | https://www.dogatherhk.com/
[2026-08-19 11:41:49]   ✓ 已儲存 聚萌.html (635KB, requests 648254B)
[2026-08-19 11:41:49] [2/77] Ruff & Fetch 拉夫寵物生活 (佐敦 Jordan | http://www.ruffandfetch.com/
[2026-08-19 11:41:50]   ✓ 已儲存 Ruff--Fetch-拉夫寵物生活-佐敦-Jordan.html (1509KB, requests 1524357B)
[2026-08-19 11:41:50] [3/77] Bob's Paradise - Pet Supply Pe | https://www.facebook.com/bobsparadisecentral/
[2026-08-19 11:41:56]   ✓ 已儲存 Bobs-Paradise---Pet-Supply-Pet-Grooming-Pet-Service-Pet-Bake.html (1363KB, playwright(playwright 1393831B))
[2026-08-19 11:41:57] [4/77] Whiskers N Paws | Pet Shop | C | http://www.wnp.com.hk/
[2026-08-19 11:41:57]   ✓ 已儲存 Whiskers-N-Paws-Pet-Shop-Cat--Dog-Grooming-Cat--Dog-Adoption.html (980KB, requests 989245B)
[2026-08-19 11:41:57] [5/77] Lego Pet 楽高寵物 | http://www.legopet.com.hk/
[2026-08-19 11:41:58]   ✓ 已儲存 Lego-Pet-楽高寵物.html (1298KB, requests 1318308B)
[2026-08-19 11:41:58] [6/77] 香港醫美診所 Hong Kong Beauty Clinic | https://www.hongkongbeautyhk.com/
[2026-08-19 11:42:01]   ✗ 抓取失敗: playwright ERR Page.goto: net::ERR_CONNECTION_REFUSED at https://www.hongkongbeautyhk.com/
Call log:
  - navigating to "https://www.hongkongbeautyhk.com/", waiting until "domcontentloaded"

[2026-08-19 11:42:01] [7/77] Lux Medical 医繊美 | https://www.luxbeauty.hk/
[2026-08-19 11:42:01]   ✓ 已儲存 Lux-Medical-医繊美.html (91KB, requests 85242B)
[2026-08-19 11:42:01] [8/77] V Beauty Cosmedical Centre 香港医 | https://www.vbeauty.com.hk/
[2026-08-19 11:42:14]   ✓ 已儲存 V-Beauty-Cosmedical-Centre-香港医学美容中心.html (28KB, playwright(playwright 27316B))
[2026-08-19 11:42:15] [9/77] 香港醫學美容中心 | https://www.hkmedibeauty.com/
[2026-08-19 11:42:18]   ✓ 已儲存 香港醫學美容中心.html (332KB, requests 334865B)
[2026-08-19 11:42:18] [10/77] AMOUR Aesthetic | https://amour-group.com/
[2026-08-19 11:42:20]   ✓ 已儲存 AMOUR-Aesthetic.html (219KB, requests 216655B)
[2026-08-19 11:42:20] [11/77] 夏蓮娜化粧美容学院Helena Beauty Centre | https://hbcmakeup.shoplineapp.com/
[2026-08-19 11:42:21]   ✓ 已儲存 夏蓮娜化粧美容学院Helena-Beauty-Centre.html (364KB, requests 366884B)
[2026-08-19 11:42:22] [12/77] T.J Beauty Centre | https://www.tjbeautycentre.com/home
[2026-08-19 11:42:22]   ✓ 已儲存 T.J-Beauty-Centre.html (1407KB, requests 1434171B)
[2026-08-19 11:42:22] [13/77] Pure Beauty Medical Center | http://www.purebeautymc.com/
[2026-08-19 11:42:25]   ✓ 已儲存 Pure-Beauty-Medical-Center.html (370KB, requests 376854B)
[2026-08-19 11:42:25] [14/77] Lagoon Hair Salon Causeway Bay | http://lagoonhair.hk/
[2026-08-19 11:42:26]   ✓ 已儲存 Lagoon-Hair-Salon-Causeway-Bay-日系髮型屋.html (649KB, requests 652072B)
[2026-08-19 11:42:26] [15/77] 電髮 染髮 焗油 GH Haircut Salon | https://haircuthk.com/%E4%B8%AD%E7%92%B0%E6%9F%93%E9%AB%AE/
[2026-08-19 11:42:27]   ✓ 已儲存 電髮-染髮-焗油-GH-Haircut-Salon.html (653KB, requests 621750B)
[2026-08-19 11:42:27] [16/77] Love Hair | http://www.lovehairhk.com/
[2026-08-19 11:42:29]   ✓ 已儲存 Love-Hair.html (22KB, requests 20777B)
[2026-08-19 11:42:29] [17/77] French83 Hk | http://www.french83.com/
[2026-08-19 11:42:29]   ✓ 已儲存 French83-Hk.html (940KB, requests 961875B)
[2026-08-19 11:42:30] [18/77] Day22hair | https://instagram.com/day_22_hair?igshid=1tc08cyqt8ifr
[2026-08-19 11:42:30]   ✓ 已儲存 Day22hair.html (609KB, requests 622687B)
[2026-08-19 11:42:30] [19/77] Hair Studio LStyling (日系髮型屋 Sa | https://ugroup.hk/
[2026-08-19 11:42:31]   ✓ 已儲存 Hair-Studio-LStyling-日系髮型屋-Salon.html (35KB, requests 30527B)
[2026-08-19 11:42:31] [20/77] 鋒主義 - 室內設計公司 | 室內裝修工程 | 工期 報價  | https://www.fungstyle.com.hk/
[2026-08-19 11:42:31]   ✓ 已儲存 鋒主義---室內設計公司-室內裝修工程-工期-報價-服務-三大保證.html (319KB, requests 304559B)
[2026-08-19 11:42:32] [21/77] 裝修佬 hkdecoman – 香港一站式網上裝修平台 |  | https://hkdecoman.com/
[2026-08-19 11:42:32]   ✓ 已儲存 裝修佬-hkdecoman--香港一站式網上裝修平台-裝修報價-室內設計-裝修設計.html (102KB, requests 94072B)
[2026-08-19 11:42:33] [22/77] PRESTIGE LIGHTING (HK) CO. LTD | http://www.prestigelighting.com.hk/
[2026-08-19 11:42:37]   ✓ 已儲存 PRESTIGE-LIGHTING-HK-CO.-LTD.html (6KB, requests(requests 4639B)→playwright(playwright 4909B))
[2026-08-19 11:42:37] [23/77] 居屋皇 House king | 香港室内設計及装修公司 | http://housekinghk.com/
[2026-08-19 11:42:38]   ✓ 已儲存 居屋皇-House-king-香港室内設計及装修公司.html (1857KB, requests 1870632B)
[2026-08-19 11:42:38] [24/77] Toby 裝修設計平台｜免費裝修報價｜香港裝修公司及室內設計 | https://www.hellotoby.com/zh-hk/id
[2026-08-19 11:42:39]   ✓ 已儲存 Toby-裝修設計平台免費裝修報價香港裝修公司及室內設計公司.html (332KB, requests 286321B)
[2026-08-19 11:42:40] [25/77] EcHouse 装修配対平台 | 装修報価 | 室内設計 | | https://www.echouse.com.hk/
[2026-08-19 11:42:43]   ✓ 已儲存 EcHouse-装修配対平台-装修報価-室内設計-装修設計.html (174KB, requests 165939B)
[2026-08-19 11:42:43] [26/77] 装修兄弟 | http://www.renobro.com.hk/
[2026-08-19 11:42:44]   ✓ 已儲存 装修兄弟.html (51KB, requests 43068B)
[2026-08-19 11:42:44] [27/77] Petsco. | http://www.petsco.com.hk/
[2026-08-19 11:42:45]   ✓ 已儲存 Petsco.html (289KB, requests 288487B)
[2026-08-19 11:42:46] [28/77] Hair Theorem Kwun Tong | https://www.hairtheorem.com/
[2026-08-19 11:42:47]   ✓ 已儲存 Hair-Theorem-Kwun-Tong.html (161KB, requests 162197B)
[2026-08-19 11:42:47] [29/77] Pet to Go Tsim Sha Tsui | https://pettogo.net/
[2026-08-19 11:42:48]   ✓ 已儲存 Pet-to-Go-Tsim-Sha-Tsui.html (107KB, requests 107062B)
[2026-08-19 11:42:48] [30/77] 英博教学中心 - 数学中文英文補習 - 中小学補習社 | https://eplc.edu.hk/
[2026-08-19 11:42:49]   ✓ 已儲存 英博教学中心---数学中文英文補習---中小学補習社.html (78KB, requests 71318B)
[2026-08-19 11:42:49] [31/77] 進研教育 - 英文中文数学補習社 | https://joinin-education.com/
[2026-08-19 11:42:50]   ✓ 已儲存 進研教育---英文中文数学補習社.html (584KB, requests 589968B)
[2026-08-19 11:42:51] [32/77] HKTA香港導師会 | https://www.hkta.edu.hk/
[2026-08-19 11:42:51]   ✓ 已儲存 HKTA香港導師会.html (232KB, requests 208548B)
[2026-08-19 11:42:52] [33/77] 中文補習 - DSE中文狂熱 | Jason So 中文 | https://www.ilearndse.com/
[2026-08-19 11:42:53]   ✓ 已儲存 中文補習---DSE中文狂熱-Jason-So-中文.html (546KB, requests 552779B)
[2026-08-19 11:42:53] [34/77] KM 教育 | http://www.kmeducationwkm.com/
[2026-08-19 11:42:55]   ✓ 已儲存 KM-教育.html (150KB, requests 146826B)
[2026-08-19 11:42:55] [35/77] 香港文化教育中心 | https://docs.google.com/forms/d/e/1FAIpQLSdjgsQlR4w8ZgKgE9RgAUPsPwrZzAZpo5SCULDDOgygEdeDnQ/viewform
[2026-08-19 11:42:56]   ✓ 已儲存 香港文化教育中心.html (134KB, requests 125114B)
[2026-08-19 11:42:56] [36/77] GETUTOR 香港導師総会｜上門補習中介平台｜私補導師推介 | https://www.getutor.com.hk/
[2026-08-19 11:42:57]   ✓ 已儲存 GETUTOR-香港導師総会上門補習中介平台私補導師推介Private-Tutors-AgencyIB-IGCSE-A.html (633KB, requests 626238B)
[2026-08-19 11:42:57] [37/77] 騎士数学 Knight Mathematics - Band | https://knightmaths.edu.hk/
[2026-08-19 11:42:59]   ✓ 已儲存 騎士数学-Knight-Mathematics---Band-1-DSE-数学補習社.html (99KB, requests 96543B)
[2026-08-19 11:42:59] [38/77] 補習社｜學博教育 Learn Smart Education | https://learnsmart.edu.hk/
[2026-08-19 11:42:59]   ✓ 已儲存 補習社學博教育-Learn-Smart-Education-旺角華僑分校中文英文數學補習.html (282KB, requests 259062B)
[2026-08-19 11:43:00] [39/77] EFX24 灣仔 (英皇集團中心) | https://efx24.fit/
[2026-08-19 11:43:01]   ✓ 已儲存 EFX24-灣仔-英皇集團中心.html (309KB, requests 309380B)
[2026-08-19 11:43:02] [40/77] WOW Fitness | http://wowfitnesshk.com/
[2026-08-19 11:43:02]   ✓ 已儲存 WOW-Fitness.html (372KB, requests 379624B)
[2026-08-19 11:43:02] [41/77] 24/7 Fitness Mong Kok | http://247.fitness/
[2026-08-19 11:43:03]   ✓ 已儲存 24-7-Fitness-Mong-Kok.html (203KB, requests 180498B)
[2026-08-19 11:43:04] [42/77] Anytime Fitness Mong Kok | https://www.anytimefitness.hk/
[2026-08-19 11:43:04]   ✓ 已儲存 Anytime-Fitness-Mong-Kok.html (53KB, requests 53495B)
[2026-08-19 11:43:04] [43/77] Halu Fitness 女性健身室 (旺角) | https://www.halufitnesshk.com/
[2026-08-19 11:43:05]   ✓ 已儲存 Halu-Fitness-女性健身室-旺角.html (1537KB, requests 1569720B)
[2026-08-19 11:43:05] [44/77] Home Dental (Tsim Sha Tsui Bra | https://homedentalhk.com/cn/contact-us/tst
[2026-08-19 11:43:06]   ✓ 已儲存 Home-Dental-Tsim-Sha-Tsui-Branch.html (228KB, requests 206628B)
[2026-08-19 11:43:06] [45/77] Home Dental | https://homedentalhk.com/cn/contact-us/cwb
[2026-08-19 11:43:07]   ✓ 已儲存 Home-Dental.html (252KB, requests 222144B)
[2026-08-19 11:43:07] [46/77] 啓弘牙科（旺角店）丨九龍/旺角牙医/智慧歯/箍牙/隠式美/全 | https://omnesdental.com/
[2026-08-19 11:43:08]   ✓ 已儲存 啓弘牙科旺角店丨九龍-旺角牙医-智慧歯-箍牙-隠式美-全方位牙科服務-専業治療牙痛-種植牙-補牙-剥牙-洗牙.html (216KB, requests 215562B)
[2026-08-19 11:43:08] [47/77] T.O.P Dental by Family Smile L | http://www.topdental.hk/
[2026-08-19 11:43:08]   ✓ 已儲存 T.O.P-Dental-by-Family-Smile-Ltd-香港牙科醫療集團-旺角太子牙醫中心.html (1356KB, requests 1387286B)
[2026-08-19 11:43:09] [48/77] 伍裕彤牙医 | https://trucaredental.hk/
[2026-08-19 11:43:09]   ✓ 已儲存 伍裕彤牙医.html (392KB, requests 391953B)
[2026-08-19 11:43:09] [49/77] 仁健牙科 Nixon Dental (太子牙醫/旺角牙醫/洗 | http://www.nixondental.com/
[2026-08-19 11:43:09]   ✓ 已儲存 仁健牙科-Nixon-Dental-太子牙醫-旺角牙醫-洗牙-補牙-種牙-植牙-杜牙根-智慧齒-箍牙-Invisalig.html (511KB, requests 514806B)
[2026-08-19 11:43:10] [50/77] Smith & Jain Dentists 史密夫和鄭牙醫診 | https://smithandjaindentists.com/
[2026-08-19 11:43:11]   ✓ 已儲存 Smith--Jain-Dentists-史密夫和鄭牙醫診所.html (282KB, requests 284796B)
[2026-08-19 11:43:11] [51/77] 仁健牙科 Nixon Dental (仁健牙科 Nixon  | https://www.nixondental.com/
[2026-08-19 11:43:11]   ✓ 已儲存 仁健牙科-Nixon-Dental-仁健牙科-Nixon-Dental-中環牙醫-洗牙-補牙-種牙-植牙-杜牙根-智慧齒.html (511KB, requests 514806B)
[2026-08-19 11:43:12] [52/77] A-Cars Workshop | https://www.facebook.com/ACARS24HRS/
[2026-08-19 11:43:18]   ✓ 已儲存 A-Cars-Workshop.html (1051KB, playwright(playwright 1073892B))
[2026-08-19 11:43:18] [53/77] 東九龍汽車維修 及輪呔専線 • 香港呔妹 EB 二十四小時上 | https://ebgirl24car96151351.com/
[2026-08-19 11:43:21]   ✓ 已儲存 東九龍汽車維修-及輪呔専線--香港呔妹-EB-二十四小時上門汽車換呔補呔服務.html (5KB, playwright(playwright 4436B))
[2026-08-19 11:43:21] [54/77] Workboy Auto Service Company | https://www.sifu24.com.hk/zh-hk/car-services/tire-services/
[2026-08-19 11:43:22]   ✓ 已儲存 Workboy-Auto-Service-Company.html (118KB, requests 114525B)
[2026-08-19 11:43:22] [55/77] 京華汽車修理服務 | http://shops.car1.hk/shop/KING-WAH-REPAIR-AUTO-SERVICE/222/?tag=kwun-tong&tag_id=82
[2026-08-19 11:43:23]   ✓ 已儲存 京華汽車修理服務.html (33KB, requests 30058B)
[2026-08-19 11:43:23] [56/77] Toyota Kowloon Bay Service Cen | https://www.toyota.com.hk/?utm_campaign=gmb&utm_medium=organic&utm_source=local
[2026-08-19 11:43:24]   ✓ 已儲存 Toyota-Kowloon-Bay-Service-Centre-Mechanical.html (182KB, requests 172341B)
[2026-08-19 11:43:24] [57/77] Flow & Roll Laundry 自助洗衣 (灣仔分域 | https://flowandroll.com/
[2026-08-19 11:43:25]   ✓ 已儲存 Flow--Roll-Laundry-自助洗衣-灣仔分域街.html (81KB, requests 81719B)
[2026-08-19 11:43:25] [58/77] 海豚洗衣24h（旺角廣東道店）Dolphin Laundry | https://www.dolphinlaundry.com.hk/
[2026-08-19 11:43:31]   ✓ 已儲存 海豚洗衣24h旺角廣東道店Dolphin-Laundry-Canton-Road-Store.html (87KB, playwright(playwright 81657B))
[2026-08-19 11:43:32] [59/77] Give. Gift. Boutique. 尚禮坊花店 | https://www.givegift.com.hk/
[2026-08-19 11:43:32]   ✓ 已儲存 Give.-Gift.-Boutique.-尚禮坊花店.html (133KB, requests 126586B)
[2026-08-19 11:43:32] [60/77] FDHK - Flower Delivery Hong Ko | https://flowerdeliveryhongkong.com/
[2026-08-19 11:43:34]   ✓ 已儲存 FDHK---Flower-Delivery-Hong-Kong.html (382KB, requests 364049B)
[2026-08-19 11:43:34] [61/77] Anglo Chinese Florist | http://www.anglochinese.com/
[2026-08-19 11:43:35]   ✓ 已儲存 Anglo-Chinese-Florist.html (435KB, requests 441567B)
[2026-08-19 11:43:36] [62/77] 藍之森花店 Blue Forest Florist | http://blueforestflora.com/
[2026-08-19 11:43:36]   ✓ 已儲存 藍之森花店-Blue-Forest-Florist.html (155KB, requests 138050B)
[2026-08-19 11:43:37] [63/77] You N me Floral | https://www.younmefloral.com.hk/
[2026-08-19 11:43:38]   ✓ 已儲存 You-N-me-Floral.html (499KB, requests 485520B)
[2026-08-19 11:43:38] [64/77] Florist Hong Kong Flower Deliv | https://www.floristhongkong.com.hk/
[2026-08-19 11:43:38]   ✓ 已儲存 Florist-Hong-Kong-Flower-Delivery-網上花店.html (5KB, requests 3809B)
[2026-08-19 11:43:39] [65/77] KOF 職人摂影 Korean Official Foto | https://wa.me/message/P6GGL6S6XLBHJ1
[2026-08-19 11:43:43]   ✓ 已儲存 KOF-職人摂影-Korean-Official-Foto.html (239KB, playwright(playwright 242100B))
[2026-08-19 11:43:43] [66/77] Photogram Studio 専業証件相摂影服務 | https://www.photogram.hk/
[2026-08-19 11:43:48]   ✓ 已儲存 Photogram-Studio-専業証件相摂影服務.html (34KB, requests(requests 3607B)→playwright(playwright 31712B))
[2026-08-19 11:43:48] [67/77] Photobi HK 韓式 証件相拍摂工作室 - 油麻地店 | https://photobi.hk/
[2026-08-19 11:43:51]   ✓ 已儲存 Photobi-HK-韓式-証件相拍摂工作室---油麻地店.html (5KB, playwright(playwright 4436B))
[2026-08-19 11:43:51] [68/77] Happy Face Photo-synthesis 一站式 | http://www.facebook.com/happy.hk.face
[2026-08-19 11:43:58]   ✓ 已儲存 Happy-Face-Photo-synthesis-一站式化妝影楼.html (1547KB, playwright(playwright 1580044B))
[2026-08-19 11:43:58] [69/77] METEOR HK 摂影器材精品店 | http://www.meteor.com.hk/
[2026-08-19 11:43:59]   ✓ 已儲存 METEOR-HK-摂影器材精品店.html (977KB, requests 1001005B)
[2026-08-19 11:43:59] [70/77] Fox Studio HK | https://www.facebook.com/foxstudiohk
[2026-08-19 11:44:06]   ✓ 已儲存 Fox-Studio-HK.html (1454KB, playwright(playwright 1486093B))
[2026-08-19 11:44:06] [71/77] Terry Focus - 香港拍片公司 | 影片拍攝製作  | https://www.terryfocus.com/
[2026-08-19 11:44:06]   ✓ 已儲存 Terry-Focus---香港拍片公司-影片拍攝製作-Video短片製作報價.html (70KB, requests 64788B)
[2026-08-19 11:44:07] [72/77] Tin Lung Heen | The Ritz-Carlt | https://www.ritzcarlton.com/en/hotels/hkgkw-the-ritz-carlton-hong-kong/dining/?scid=feed67b0-9a2f-4de1-8df6-114544116108
[2026-08-19 11:44:07]   ✓ 已儲存 Tin-Lung-Heen-The-Ritz-Carlton-Hong-Kong.html (184KB, requests 187323B)
[2026-08-19 11:44:07] [73/77] 添好運點心專賣店 | https://www.timhowan.com.hk/
[2026-08-19 11:44:08]   ✓ 已儲存 添好運點心專賣店.html (90KB, requests 90708B)
[2026-08-19 11:44:08] [74/77] Hutong | https://hutong.com.hk/
[2026-08-19 11:44:10]   ✓ 已儲存 Hutong.html (115KB, requests 116894B)
[2026-08-19 11:44:10] [75/77] Yat Tung Heen - Eaton HK | https://www.yattungheen.com/
[2026-08-19 11:44:11]   ✓ 已儲存 Yat-Tung-Heen---Eaton-HK.html (71KB, requests 71225B)
[2026-08-19 11:44:11] [76/77] 南蛮亭香港店 | http://nanbantei.com.hk/
[2026-08-19 11:44:12]   ✓ 已儲存 南蛮亭香港店.html (797KB, requests 815016B)
[2026-08-19 11:44:12] [77/77] La Petite Maison (LPM) Hong Ko | https://lpmrestaurants.com/hongkong/
[2026-08-19 11:44:14]   ✓ 已儲存 La-Petite-Maison-LPM-Hong-Kong.html (42KB, requests 39581B)
[2026-08-19 11:44:14] == 完成 ==
[2026-08-19 11:44:14] 成功 76 個，失敗 1 個
[2026-08-19 11:44:14]   失敗: 香港醫美診所 Hong Kong Beauty Clinic | https://www.hongkongbeautyhk.com/ | playwright ERR Page.goto: net::ERR_CONNECTION_REFUSED at https://www.hongkongbeautyhk.com/
Call log:
  - navigating to "https://www.hongkongbeautyhk.com/", waiting until "domcontentloaded"

[2026-08-19 11:45:31] == 開始克隆 1 個商家首頁 → /home/ubuntu/.mok/html/project/MokCs ==
[2026-08-19 11:45:31] [1/1] Photobi HK 韓式 証件相拍摂工作室 - 油麻地店 | https://photobi.hk/
[2026-08-19 11:45:42]   ✓ 已儲存 Photobi-HK-韓式-証件相拍摂工作室---油麻地店.html (278KB, playwright(playwright 279859B))
[2026-08-19 11:45:42] == 完成 ==
[2026-08-19 11:45:42] 成功 1 個，失敗 0 個
[2026-08-19 11:45:42] == 開始克隆 1 個商家首頁 → /home/ubuntu/.mok/html/project/MokCs ==
[2026-08-19 11:45:42] [1/1] 東九龍汽車維修 及輪呔専線 • 香港呔妹 EB 二十四小時上 | https://ebgirl24car96151351.com/
[2026-08-19 11:45:52]   ✓ 已儲存 東九龍汽車維修-及輪呔専線--香港呔妹-EB-二十四小時上門汽車換呔補呔服務.html (178KB, playwright(playwright 170387B))
[2026-08-19 11:45:52] == 完成 ==
[2026-08-19 11:45:52] 成功 1 個，失敗 0 個
[2026-08-24 18:45:21]   過濾：113 間 → 保留 77 間有 WhatsApp/Email 的商家
[2026-08-24 18:45:21] == 開始克隆 77 個商家首頁 → /home/ubuntu/.mok/html/project/MokCs ==
[2026-08-24 18:45:21] [1/77] Hutong | https://hutong.com.hk/
[2026-08-24 18:45:22]   ✓ 已儲存 Hutong.html (119KB, requests 121588B)
[2026-08-24 18:45:22] [2/77] The Chairman Restaurant | https://www.thechairmangroup.com/
[2026-08-24 18:45:23]   ✓ 已儲存 The-Chairman-Restaurant.html (53KB, requests 52645B)
[2026-08-24 18:45:23] [3/77] 南蛮亭香港店 | http://nanbantei.com.hk/
[2026-08-24 18:45:24]   ✓ 已儲存 南蛮亭香港店.html (799KB, requests 816919B)
[2026-08-24 18:45:25] [4/77] 添好運點心專賣店 | https://www.timhowan.com.hk/
[2026-08-24 18:45:27]   ✓ 已儲存 添好運點心專賣店.html (90KB, requests 90708B)
[2026-08-24 18:45:27] [5/77] La Petite Maison (LPM) Hong Ko | https://lpmrestaurants.com/hongkong/
[2026-08-24 18:45:29]   ✓ 已儲存 La-Petite-Maison-LPM-Hong-Kong.html (42KB, requests 39581B)
[2026-08-24 18:45:29] [6/77] Glow Hong Kong | https://www.glowspa.hk/
[2026-08-24 18:45:30]   ✓ 已儲存 Glow-Hong-Kong.html (1047KB, requests 1071140B)
[2026-08-24 18:45:30] [7/77] Mó The Slow Bloom | https://www.mo-hk.com/
[2026-08-24 18:45:31]   ✓ 已儲存 Mó-The-Slow-Bloom.html (228KB, requests 221895B)
[2026-08-24 18:45:31] [8/77] Lux Medical 医繊美 | https://www.luxbeauty.hk/
[2026-08-24 18:45:32]   ✓ 已儲存 Lux-Medical-医繊美.html (91KB, requests 85242B)
[2026-08-24 18:45:32] [9/77] 114HAIR | http://www.114hair.com/
[2026-08-24 18:45:33]   ✓ 已儲存 114HAIR.html (263KB, requests 267329B)
[2026-08-24 18:45:33] [10/77] Love Hair | http://www.lovehairhk.com/
[2026-08-24 18:45:34]   ✓ 已儲存 Love-Hair.html (22KB, requests 20777B)
[2026-08-24 18:45:34] [11/77] TONI&GUY HK | http://www.toniandguyhk.com/
[2026-08-24 18:45:35]   ✓ 已儲存 TONIGUY-HK.html (1148KB, requests 1174459B)
[2026-08-24 18:45:35] [12/77] iMPROVE HAiR-尖沙咀salon 尖沙咀剪髮 尖沙 | http://www.ihair.com.hk/
[2026-08-24 18:45:36]   ✓ 已儲存 iMPROVE-HAiR-尖沙咀salon-尖沙咀剪髮-尖沙咀髮廊-尖沙咀中藥染髮-尖沙咀假髮-尖沙咀頭皮護理.html (57KB, requests 54897B)
[2026-08-24 18:45:36] [13/77] 金澱装修工程有限公司 | https://www.palaceengineeringltd.com/
[2026-08-24 18:45:36]   ✓ 已儲存 金澱装修工程有限公司.html (1021KB, requests 1039535B)
[2026-08-24 18:45:37] [14/77] 鋒主義 - 室內設計公司 | 室內裝修工程 | 工期 報價  | https://www.fungstyle.com.hk/
[2026-08-24 18:45:37]   ✓ 已儲存 鋒主義---室內設計公司-室內裝修工程-工期-報價-服務-三大保證.html (319KB, requests 304559B)
[2026-08-24 18:45:38] [15/77] 装修兄弟 | http://www.renobro.com.hk/
[2026-08-24 18:45:38]   ✓ 已儲存 装修兄弟.html (51KB, requests 43068B)
[2026-08-24 18:45:39] [16/77] 居屋皇 House king | 香港室内設計及装修公司 | http://housekinghk.com/
[2026-08-24 18:45:40]   ✓ 已儲存 居屋皇-House-king-香港室内設計及装修公司.html (1838KB, requests 1857227B)
[2026-08-24 18:45:40] [17/77] Toby 裝修設計平台｜免費裝修報價｜香港裝修公司及室內設計 | https://www.hellotoby.com/zh-hk/id
[2026-08-24 18:45:41]   ✓ 已儲存 Toby-裝修設計平台免費裝修報價香港裝修公司及室內設計公司.html (332KB, requests 286321B)
[2026-08-24 18:45:41] [18/77] PET HK - Mid Levels Edition | http://pethk.com/
[2026-08-24 18:45:42]   ✓ 已儲存 PET-HK---Mid-Levels-Edition.html (863KB, requests 977573B)
[2026-08-24 18:45:43] [19/77] Ruff & Fetch 拉夫寵物生活 (佐敦 Jordan | http://www.ruffandfetch.com/
[2026-08-24 18:45:44]   ✓ 已儲存 Ruff--Fetch-拉夫寵物生活-佐敦-Jordan.html (1509KB, requests 1524357B)
[2026-08-24 18:45:44] [20/77] HKTA香港導師会 | https://www.hkta.edu.hk/
[2026-08-24 18:45:45]   ✓ 已儲存 HKTA香港導師会.html (233KB, requests 209189B)
[2026-08-24 18:45:45] [21/77] 騎士数学 Knight Mathematics - Band | https://knightmaths.edu.hk/
[2026-08-24 18:45:46]   ✓ 已儲存 騎士数学-Knight-Mathematics---Band-1-DSE-数学補習社.html (99KB, requests 96543B)
[2026-08-24 18:45:47] [22/77] 香港文化教育中心 | https://docs.google.com/forms/d/e/1FAIpQLSdjgsQlR4w8ZgKgE9RgAUPsPwrZzAZpo5SCULDDOgygEdeDnQ/viewform
[2026-08-24 18:45:47]   ✓ 已儲存 香港文化教育中心.html (134KB, requests 125169B)
[2026-08-24 18:45:48] [23/77] GETUTOR 香港導師総会｜上門補習中介平台｜私補導師推介 | https://www.getutor.com.hk/
[2026-08-24 18:45:48]   ✓ 已儲存 GETUTOR-香港導師総会上門補習中介平台私補導師推介Private-Tutors-AgencyIB-IGCSE-A.html (631KB, requests 625602B)
[2026-08-24 18:45:48] [24/77] 英博教学中心 - 数学中文英文補習 - 中小学補習社 | https://eplc.edu.hk/
[2026-08-24 18:45:50]   ✓ 已儲存 英博教学中心---数学中文英文補習---中小学補習社.html (78KB, requests 71477B)
[2026-08-24 18:45:50] [25/77] 進研教育 - 英文中文数学補習社 | https://joinin-education.com/
[2026-08-24 18:45:50]   過濾：113 間 → 保留 77 間有 WhatsApp/Email 的商家
[2026-08-24 18:45:50] == 開始克隆 77 個商家首頁 → /home/ubuntu/.mok/html/project/MokCs ==
[2026-08-24 18:45:50] [1/77] Hutong | https://hutong.com.hk/
[2026-08-24 18:45:50]   ↳ 已存在，跳過 (Hutong.html)
[2026-08-24 18:45:50] [2/77] The Chairman Restaurant | https://www.thechairmangroup.com/
[2026-08-24 18:45:50]   ↳ 已存在，跳過 (The-Chairman-Restaurant.html)
[2026-08-24 18:45:50] [3/77] 南蛮亭香港店 | http://nanbantei.com.hk/
[2026-08-24 18:45:50]   ↳ 已存在，跳過 (南蛮亭香港店.html)
[2026-08-24 18:45:50] [4/77] 添好運點心專賣店 | https://www.timhowan.com.hk/
[2026-08-24 18:45:50]   ↳ 已存在，跳過 (添好運點心專賣店.html)
[2026-08-24 18:45:50] [5/77] La Petite Maison (LPM) Hong Ko | https://lpmrestaurants.com/hongkong/
[2026-08-24 18:45:50]   ↳ 已存在，跳過 (La-Petite-Maison-LPM-Hong-Kong.html)
[2026-08-24 18:45:50] [6/77] Glow Hong Kong | https://www.glowspa.hk/
[2026-08-24 18:45:50]   ↳ 已存在，跳過 (Glow-Hong-Kong.html)
[2026-08-24 18:45:50] [7/77] Mó The Slow Bloom | https://www.mo-hk.com/
[2026-08-24 18:45:50]   ↳ 已存在，跳過 (Mó-The-Slow-Bloom.html)
[2026-08-24 18:45:50] [8/77] Lux Medical 医繊美 | https://www.luxbeauty.hk/
[2026-08-24 18:45:50]   ↳ 已存在，跳過 (Lux-Medical-医繊美.html)
[2026-08-24 18:45:50] [9/77] 114HAIR | http://www.114hair.com/
[2026-08-24 18:45:50]   ↳ 已存在，跳過 (114HAIR.html)
[2026-08-24 18:45:50] [10/77] Love Hair | http://www.lovehairhk.com/
[2026-08-24 18:45:50]   ↳ 已存在，跳過 (Love-Hair.html)
[2026-08-24 18:45:50] [11/77] TONI&GUY HK | http://www.toniandguyhk.com/
[2026-08-24 18:45:50]   ↳ 已存在，跳過 (TONIGUY-HK.html)
[2026-08-24 18:45:50] [12/77] iMPROVE HAiR-尖沙咀salon 尖沙咀剪髮 尖沙 | http://www.ihair.com.hk/
[2026-08-24 18:45:50]   ↳ 已存在，跳過 (iMPROVE-HAiR-尖沙咀salon-尖沙咀剪髮-尖沙咀髮廊-尖沙咀中藥染髮-尖沙咀假髮-尖沙咀頭皮護理.html)
[2026-08-24 18:45:50] [13/77] 金澱装修工程有限公司 | https://www.palaceengineeringltd.com/
[2026-08-24 18:45:50]   ↳ 已存在，跳過 (金澱装修工程有限公司.html)
[2026-08-24 18:45:50] [14/77] 鋒主義 - 室內設計公司 | 室內裝修工程 | 工期 報價  | https://www.fungstyle.com.hk/
[2026-08-24 18:45:50]   ↳ 已存在，跳過 (鋒主義---室內設計公司-室內裝修工程-工期-報價-服務-三大保證.html)
[2026-08-24 18:45:50] [15/77] 装修兄弟 | http://www.renobro.com.hk/
[2026-08-24 18:45:50]   ↳ 已存在，跳過 (装修兄弟.html)
[2026-08-24 18:45:50] [16/77] 居屋皇 House king | 香港室内設計及装修公司 | http://housekinghk.com/
[2026-08-24 18:45:50]   ↳ 已存在，跳過 (居屋皇-House-king-香港室内設計及装修公司.html)
[2026-08-24 18:45:50] [17/77] Toby 裝修設計平台｜免費裝修報價｜香港裝修公司及室內設計 | https://www.hellotoby.com/zh-hk/id
[2026-08-24 18:45:50]   ↳ 已存在，跳過 (Toby-裝修設計平台免費裝修報價香港裝修公司及室內設計公司.html)
[2026-08-24 18:45:50] [18/77] PET HK - Mid Levels Edition | http://pethk.com/
[2026-08-24 18:45:50]   ↳ 已存在，跳過 (PET-HK---Mid-Levels-Edition.html)
[2026-08-24 18:45:50] [19/77] Ruff & Fetch 拉夫寵物生活 (佐敦 Jordan | http://www.ruffandfetch.com/
[2026-08-24 18:45:50]   ↳ 已存在，跳過 (Ruff--Fetch-拉夫寵物生活-佐敦-Jordan.html)
[2026-08-24 18:45:50] [20/77] HKTA香港導師会 | https://www.hkta.edu.hk/
[2026-08-24 18:45:50]   ↳ 已存在，跳過 (HKTA香港導師会.html)
[2026-08-24 18:45:50] [21/77] 騎士数学 Knight Mathematics - Band | https://knightmaths.edu.hk/
[2026-08-24 18:45:50]   ↳ 已存在，跳過 (騎士数学-Knight-Mathematics---Band-1-DSE-数学補習社.html)
[2026-08-24 18:45:50] [22/77] 香港文化教育中心 | https://docs.google.com/forms/d/e/1FAIpQLSdjgsQlR4w8ZgKgE9RgAUPsPwrZzAZpo5SCULDDOgygEdeDnQ/viewform
[2026-08-24 18:45:50]   ↳ 已存在，跳過 (香港文化教育中心.html)
[2026-08-24 18:45:50] [23/77] GETUTOR 香港導師総会｜上門補習中介平台｜私補導師推介 | https://www.getutor.com.hk/
[2026-08-24 18:45:50]   ↳ 已存在，跳過 (GETUTOR-香港導師総会上門補習中介平台私補導師推介Private-Tutors-AgencyIB-IGCSE-A.html)
[2026-08-24 18:45:50] [24/77] 英博教学中心 - 数学中文英文補習 - 中小学補習社 | https://eplc.edu.hk/
[2026-08-24 18:45:50]   ↳ 已存在，跳過 (英博教学中心---数学中文英文補習---中小学補習社.html)
[2026-08-24 18:45:50] [25/77] 進研教育 - 英文中文数学補習社 | https://joinin-education.com/
[2026-08-24 18:45:51]   ✓ 已儲存 進研教育---英文中文数学補習社.html (584KB, requests 589976B)
[2026-08-24 18:45:51]   ✓ 已儲存 進研教育---英文中文数学補習社.html (584KB, requests 589976B)
[2026-08-24 18:45:51] [26/77] 學斯教育(灣仔) | http://hoksi-edu.com/
[2026-08-24 18:45:51] [26/77] 學斯教育(灣仔) | http://hoksi-edu.com/
[2026-08-24 18:45:51]   ✓ 已儲存 學斯教育灣仔.html (62KB, requests 55081B)
[2026-08-24 18:45:51]   ✓ 已儲存 學斯教育灣仔.html (62KB, requests 55081B)
[2026-08-24 18:45:52] [27/77] 補習社｜学博教育 Learn Smart Education | https://learnsmart.edu.hk/
[2026-08-24 18:45:52] [27/77] 補習社｜学博教育 Learn Smart Education | https://learnsmart.edu.hk/
[2026-08-24 18:45:52]   ✓ 已儲存 補習社学博教育-Learn-Smart-Education.html (280KB, requests 253628B)
[2026-08-24 18:45:52]   ✓ 已儲存 補習社学博教育-Learn-Smart-Education.html (280KB, requests 253628B)
[2026-08-24 18:45:53] [28/77] 24/7 Fitness Central | http://247.fitness/
[2026-08-24 18:45:53] [28/77] 24/7 Fitness Central | http://247.fitness/
[2026-08-24 18:45:53]   ✓ 已儲存 24-7-Fitness-Central.html (203KB, requests 180498B)
[2026-08-24 18:45:53]   ✓ 已儲存 24-7-Fitness-Central.html (203KB, requests 180498B)
[2026-08-24 18:45:54] [29/77] 啓弘牙科（旺角店）丨九龍/旺角牙医/智慧歯/箍牙/隠式美/全 | https://omnesdental.com/
[2026-08-24 18:45:54] [29/77] 啓弘牙科（旺角店）丨九龍/旺角牙医/智慧歯/箍牙/隠式美/全 | https://omnesdental.com/
[2026-08-24 18:45:54]   ✓ 已儲存 啓弘牙科旺角店丨九龍-旺角牙医-智慧歯-箍牙-隠式美-全方位牙科服務-専業治療牙痛-種植牙-補牙-剥牙-洗牙.html (217KB, requests 216003B)
[2026-08-24 18:45:54]   ✓ 已儲存 啓弘牙科旺角店丨九龍-旺角牙医-智慧歯-箍牙-隠式美-全方位牙科服務-専業治療牙痛-種植牙-補牙-剥牙-洗牙.html (217KB, requests 216003B)
[2026-08-24 18:45:54] [30/77] Smith & Jain Dentists 史密夫和鄭牙醫診 | https://smithandjaindentists.com/
[2026-08-24 18:45:54] [30/77] Smith & Jain Dentists 史密夫和鄭牙醫診 | https://smithandjaindentists.com/
[2026-08-24 18:45:55]   ✓ 已儲存 Smith--Jain-Dentists-史密夫和鄭牙醫診所.html (282KB, requests 285308B)
[2026-08-24 18:45:55]   ✓ 已儲存 Smith--Jain-Dentists-史密夫和鄭牙醫診所.html (282KB, requests 285308B)
[2026-08-24 18:45:56] [31/77] Home Dental (Tsim Sha Tsui Bra | https://homedentalhk.com/cn/contact-us/tst
[2026-08-24 18:45:56] [31/77] Home Dental (Tsim Sha Tsui Bra | https://homedentalhk.com/cn/contact-us/tst
[2026-08-24 18:45:56]   ✓ 已儲存 Home-Dental-Tsim-Sha-Tsui-Branch.html (229KB, requests 207160B)
[2026-08-24 18:45:56]   ✓ 已儲存 Home-Dental-Tsim-Sha-Tsui-Branch.html (229KB, requests 207160B)
[2026-08-24 18:45:57] [32/77] 伍裕彤牙医 | https://trucaredental.hk/
[2026-08-24 18:45:57] [32/77] 伍裕彤牙医 | https://trucaredental.hk/
[2026-08-24 18:45:57]   ✓ 已儲存 伍裕彤牙医.html (404KB, requests 403605B)
[2026-08-24 18:45:57]   ✓ 已儲存 伍裕彤牙医.html (404KB, requests 403605B)
[2026-08-24 18:45:57] [33/77] Home Dental | https://homedentalhk.com/cn/contact-us/cwb
[2026-08-24 18:45:57] [33/77] Home Dental | https://homedentalhk.com/cn/contact-us/cwb
[2026-08-24 18:45:58]   ✓ 已儲存 Home-Dental.html (253KB, requests 222676B)
[2026-08-24 18:45:58]   ✓ 已儲存 Home-Dental.html (253KB, requests 222676B)
[2026-08-24 18:45:58] [34/77] T.O.P Dental by Family Smile L | http://www.topdental.hk/
[2026-08-24 18:45:58] [34/77] T.O.P Dental by Family Smile L | http://www.topdental.hk/
[2026-08-24 18:45:58]   ✓ 已儲存 T.O.P-Dental-by-Family-Smile-Ltd-香港牙科醫療集團-旺角太子牙醫中心.html (1357KB, requests 1388107B)
[2026-08-24 18:45:58]   ✓ 已儲存 T.O.P-Dental-by-Family-Smile-Ltd-香港牙科醫療集團-旺角太子牙醫中心.html (1357KB, requests 1388107B)
[2026-08-24 18:45:59] [35/77] Metro Dental 城健総合牙科医療中心 | https://www.metrodental.com.hk/
[2026-08-24 18:45:59] [35/77] Metro Dental 城健総合牙科医療中心 | https://www.metrodental.com.hk/
[2026-08-24 18:45:59]   ✓ 已儲存 Metro-Dental-城健総合牙科医療中心.html (149KB, requests 147956B)
[2026-08-24 18:46:00]   ✓ 已儲存 Metro-Dental-城健総合牙科医療中心.html (149KB, requests 147956B)
[2026-08-24 18:46:00] [36/77] 大国手 汽車車身維修 Grand Tycoon Automo | http://grandtycoon.com/
[2026-08-24 18:46:00] [36/77] 大国手 汽車車身維修 Grand Tycoon Automo | http://grandtycoon.com/
[2026-08-24 18:46:01]   ✓ 已儲存 大国手-汽車車身維修-Grand-Tycoon-Automotive-Repair-Shop.html (77KB, requests 78031B)
[2026-08-24 18:46:01]   ✓ 已儲存 大国手-汽車車身維修-Grand-Tycoon-Automotive-Repair-Shop.html (77KB, requests 78031B)
[2026-08-24 18:46:01] [37/77] AutoMate | Sham Shui Po Shop | https://www.automate-app.com/auto-shop
[2026-08-24 18:46:01] [37/77] AutoMate | Sham Shui Po Shop | https://www.automate-app.com/auto-shop
[2026-08-24 18:46:01]   ✓ 已儲存 AutoMate-Sham-Shui-Po-Shop.html (106KB, requests 100768B)
[2026-08-24 18:46:01]   ✓ 已儲存 AutoMate-Sham-Shui-Po-Shop.html (106KB, requests 100768B)
[2026-08-24 18:46:01] [38/77] Carol Garage Limited | http://www.carolgarage.com.hk/
[2026-08-24 18:46:01] [38/77] Carol Garage Limited | http://www.carolgarage.com.hk/
[2026-08-24 18:46:03]   ✓ 已儲存 Carol-Garage-Limited.html (326KB, requests 331009B)
[2026-08-24 18:46:03]   ✓ 已儲存 Carol-Garage-Limited.html (326KB, requests 331009B)
[2026-08-24 18:46:04] [39/77] 八方汽車 | Power Moto Limited | http://www.power-moto.hk/
[2026-08-24 18:46:04] [39/77] 八方汽車 | Power Moto Limited | http://www.power-moto.hk/
[2026-08-24 18:46:04]   ✓ 已儲存 八方汽車-Power-Moto-Limited.html (550KB, requests 561170B)
[2026-08-24 18:46:04]   ✓ 已儲存 八方汽車-Power-Moto-Limited.html (550KB, requests 561170B)
[2026-08-24 18:46:04] [40/77] Flow & Roll Laundry 自助洗衣 (中環 C | https://flowandroll.com/
[2026-08-24 18:46:04] [40/77] Flow & Roll Laundry 自助洗衣 (中環 C | https://flowandroll.com/
[2026-08-24 18:46:05]   ✓ 已儲存 Flow--Roll-Laundry-自助洗衣-中環-Central.html (81KB, requests 81719B)
[2026-08-24 18:46:05]   ✓ 已儲存 Flow--Roll-Laundry-自助洗衣-中環-Central.html (81KB, requests 81719B)
[2026-08-24 18:46:05] [41/77] 初洗 First Laundry 觀塘24小時自助洗衣店 | https://wa.me/85268716550
[2026-08-24 18:46:05] [41/77] 初洗 First Laundry 觀塘24小時自助洗衣店 | https://wa.me/85268716550
[2026-08-24 18:46:06]   ✓ 已儲存 初洗-First-Laundry-觀塘24小時自助洗衣店.html (198KB, requests 200467B)
[2026-08-24 18:46:06]   ✓ 已儲存 初洗-First-Laundry-觀塘24小時自助洗衣店.html (198KB, requests 200492B)
[2026-08-24 18:46:06] [42/77] 水漾衣坊 water laundry | https://whalewashmk.hk/
[2026-08-24 18:46:06] [42/77] 水漾衣坊 water laundry | https://whalewashmk.hk/
[2026-08-24 18:46:08]   ✓ 已儲存 水漾衣坊-water-laundry.html (175KB, requests 175621B)
[2026-08-24 18:46:08]   ✓ 已儲存 水漾衣坊-water-laundry.html (175KB, requests 175621B)
[2026-08-24 18:46:08] [43/77] FLORISTRY by ART OF LIVING | http://www.floristrybyartofliving.com/
[2026-08-24 18:46:08] [43/77] FLORISTRY by ART OF LIVING | http://www.floristrybyartofliving.com/
[2026-08-24 18:46:09]   ✓ 已儲存 FLORISTRY-by-ART-OF-LIVING.html (193KB, requests 193070B)
[2026-08-24 18:46:09]   ✓ 已儲存 FLORISTRY-by-ART-OF-LIVING.html (193KB, requests 193070B)
[2026-08-24 18:46:09] [44/77] 花籃 450 - Flower 450 | https://flower450.com/
[2026-08-24 18:46:09] [44/77] 花籃 450 - Flower 450 | https://flower450.com/
[2026-08-24 18:46:10]   ✓ 已儲存 花籃-450---Flower-450.html (70KB, requests 69116B)
[2026-08-24 18:46:10]   ✓ 已儲存 花籃-450---Flower-450.html (70KB, requests 69116B)
[2026-08-24 18:46:10] [45/77] 優之花鋪-U Flower Shop | https://www.uflowershop.com/
[2026-08-24 18:46:10] [45/77] 優之花鋪-U Flower Shop | https://www.uflowershop.com/
[2026-08-24 18:46:10]   ✓ 已儲存 優之花鋪-U-Flower-Shop.html (117KB, requests 113912B)
[2026-08-24 18:46:11]   ✓ 已儲存 優之花鋪-U-Flower-Shop.html (117KB, requests 113912B)
[2026-08-24 18:46:11] [46/77] Eternal Flora hk | https://www.eternalflorahk.com/
[2026-08-24 18:46:11] [46/77] Eternal Flora hk | https://www.eternalflorahk.com/
[2026-08-24 18:46:11]   ✓ 已儲存 Eternal-Flora-hk.html (115KB, requests 113983B)
[2026-08-24 18:46:11]   ✓ 已儲存 Eternal-Flora-hk.html (115KB, requests 113983B)
[2026-08-24 18:46:12] [47/77] FDHK - Flower Delivery Hong Ko | https://flowerdeliveryhongkong.com/
[2026-08-24 18:46:12] [47/77] FDHK - Flower Delivery Hong Ko | https://flowerdeliveryhongkong.com/
[2026-08-24 18:46:13]   ✓ 已儲存 FDHK---Flower-Delivery-Hong-Kong.html (381KB, requests 362936B)
[2026-08-24 18:46:13]   ✓ 已儲存 FDHK---Flower-Delivery-Hong-Kong.html (381KB, requests 362936B)
[2026-08-24 18:46:13] [48/77] Joseph Photo 香港專業攝影工作室 | https://josephphoto.hk/
[2026-08-24 18:46:14] [48/77] Joseph Photo 香港專業攝影工作室 | https://josephphoto.hk/
[2026-08-24 18:46:15]   ✓ 已儲存 Joseph-Photo-香港專業攝影工作室.html (152KB, requests 154344B)
[2026-08-24 18:46:15]   ✓ 已儲存 Joseph-Photo-香港專業攝影工作室.html (152KB, requests 154344B)
[2026-08-24 18:46:15] [49/77] Majesty Professional Photo殿堂館- | https://www.majestyprofessional.com/
[2026-08-24 18:46:15] [49/77] Majesty Professional Photo殿堂館- | https://www.majestyprofessional.com/
[2026-08-24 18:46:15]   ✓ 已儲存 Majesty-Professional-Photo殿堂館-專業照首選.html (20KB, requests 18871B)
[2026-08-24 18:46:15]   ✓ 已儲存 Majesty-Professional-Photo殿堂館-專業照首選.html (20KB, requests 18871B)
[2026-08-24 18:46:16] [50/77] Owl Photo Studio 貓頭鷹照相館 | https://www.owlphoto.hk/
[2026-08-24 18:46:16] [50/77] Owl Photo Studio 貓頭鷹照相館 | https://www.owlphoto.hk/
[2026-08-24 18:46:16]   ✓ 已儲存 Owl-Photo-Studio-貓頭鷹照相館.html (959KB, requests 977994B)
[2026-08-24 18:46:16]   ✓ 已儲存 Owl-Photo-Studio-貓頭鷹照相館.html (959KB, requests 977994B)
[2026-08-24 18:46:16] [51/77] Yat Tung Heen - Eaton HK | https://www.yattungheen.com/
[2026-08-24 18:46:16] [51/77] Yat Tung Heen - Eaton HK | https://www.yattungheen.com/
[2026-08-24 18:46:17]   ✓ 已儲存 Yat-Tung-Heen---Eaton-HK.html (71KB, requests 71260B)
[2026-08-24 18:46:17]   ✓ 已儲存 Yat-Tung-Heen---Eaton-HK.html (71KB, requests 71260B)
[2026-08-24 18:46:17] [52/77] Hair Quest Hair salon Central | https://www.hairquest-hk.com/
[2026-08-24 18:46:17] [52/77] Hair Quest Hair salon Central | https://www.hairquest-hk.com/
[2026-08-24 18:46:17]   ✓ 已儲存 Hair-Quest-Hair-salon-Central.html (809KB, requests 826490B)
[2026-08-24 18:46:17]   ✓ 已儲存 Hair-Quest-Hair-salon-Central.html (809KB, requests 826490B)
[2026-08-24 18:46:18] [53/77] 天下猫猫一様猫 | https://www.catiscat.com.hk/
[2026-08-24 18:46:18] [53/77] 天下猫猫一様猫 | https://www.catiscat.com.hk/
[2026-08-24 18:46:18]   ✓ 已儲存 天下猫猫一様猫.html (354KB, requests 355435B)
[2026-08-24 18:46:18]   ✓ 已儲存 天下猫猫一様猫.html (354KB, requests 355435B)
[2026-08-24 18:46:18] [54/77] Bora beauty | https://bora.hk/
[2026-08-24 18:46:18] [54/77] Bora beauty | https://bora.hk/
[2026-08-24 18:46:19]   ✓ 已儲存 Bora-beauty.html (457KB, requests 431594B)
[2026-08-24 18:46:19]   ✓ 已儲存 Bora-beauty.html (457KB, requests 431594B)
[2026-08-24 18:46:19] [55/77] Dream Scenes Studio | http://dreamscenesstudio.com/
[2026-08-24 18:46:19] [55/77] Dream Scenes Studio | http://dreamscenesstudio.com/
[2026-08-24 18:46:23]   ✓ 已儲存 Dream-Scenes-Studio.html (231KB, requests 231368B)
[2026-08-24 18:46:23]   ✓ 已儲存 Dream-Scenes-Studio.html (231KB, requests 231368B)
[2026-08-24 18:46:23] [56/77] Dazzling Smile Dental Clinic 瑩 | https://dazzlingsmiledentalclinic.com/
[2026-08-24 18:46:23] [56/77] Dazzling Smile Dental Clinic 瑩 | https://dazzlingsmiledentalclinic.com/
[2026-08-24 18:46:28]   ✓ 已儲存 Dazzling-Smile-Dental-Clinic-瑩恩牙科診所.html (202KB, requests 206106B)
[2026-08-24 18:46:28]   ✓ 已儲存 Dazzling-Smile-Dental-Clinic-瑩恩牙科診所.html (202KB, requests 206106B)
[2026-08-24 18:46:28] [57/77] Family Smile Limited | http://www.familysmile.hk/
[2026-08-24 18:46:28] [57/77] Family Smile Limited | http://www.familysmile.hk/
[2026-08-24 18:46:32]   ✓ 已儲存 Family-Smile-Limited.html (170KB, requests 173217B)
[2026-08-24 18:46:32]   ✓ 已儲存 Family-Smile-Limited.html (170KB, requests 173217B)
[2026-08-24 18:46:32] [58/77] INDULGENCE hair & beauty salon | http://www.indulgence.hk/
[2026-08-24 18:46:32] [58/77] INDULGENCE hair & beauty salon | http://www.indulgence.hk/
[2026-08-24 18:46:33]   ✓ 已儲存 INDULGENCE-hair--beauty-salon.html (103KB, requests 104492B)
[2026-08-24 18:46:33]   ✓ 已儲存 INDULGENCE-hair--beauty-salon.html (103KB, requests 104492B)
[2026-08-24 18:46:34] [59/77] 花店 | 花束專家 | https://www.flowerbouquet.com.hk/
[2026-08-24 18:46:34] [59/77] 花店 | 花束專家 | https://www.flowerbouquet.com.hk/
[2026-08-24 18:46:34]   ✓ 已儲存 花店-花束專家.html (222KB, requests 206092B)
[2026-08-24 18:46:34] [60/77] 網上訂花 ‧ 送花香港 | Fdhk 最高評分即日網上花店 | https://flowerdeliveryhongkong.com/zh
[2026-08-24 18:46:35]   ✓ 已儲存 花店-花束專家.html (222KB, requests 206092B)
[2026-08-24 18:46:35] [60/77] 網上訂花 ‧ 送花香港 | Fdhk 最高評分即日網上花店 | https://flowerdeliveryhongkong.com/zh
[2026-08-24 18:46:35]   ✓ 已儲存 網上訂花--送花香港-Fdhk-最高評分即日網上花店.html (381KB, requests 362936B)
[2026-08-24 18:46:36]   ✓ 已儲存 網上訂花--送花香港-Fdhk-最高評分即日網上花店.html (381KB, requests 362936B)
[2026-08-24 18:46:36] [61/77] Rhine Flowers | https://rhineflowers.com/
[2026-08-24 18:46:36] [61/77] Rhine Flowers | https://rhineflowers.com/
[2026-08-24 18:46:37]   ✓ 已儲存 Rhine-Flowers.html (313KB, requests 334660B)
[2026-08-24 18:46:37]   ✓ 已儲存 Rhine-Flowers.html (312KB, requests 333487B)
[2026-08-24 18:46:37] [62/77] 香港花店｜網上訂花及送花｜Gift Flowers HK | https://giftflowers.com.hk/cn/
[2026-08-24 18:46:37] [62/77] 香港花店｜網上訂花及送花｜Gift Flowers HK | https://giftflowers.com.hk/cn/
[2026-08-24 18:46:37]   ✓ 已儲存 香港花店網上訂花及送花Gift-Flowers-HK.html (234KB, requests 237159B)
[2026-08-24 18:46:37]   ✓ 已儲存 香港花店網上訂花及送花Gift-Flowers-HK.html (234KB, requests 237159B)
[2026-08-24 18:46:38] [63/77] Flora Floriculture - 花店 | https://www.floraf.com.hk/
[2026-08-24 18:46:38] [63/77] Flora Floriculture - 花店 | https://www.floraf.com.hk/
[2026-08-24 18:46:38]   ✓ 已儲存 Flora-Floriculture---花店.html (60KB, requests 53948B)
[2026-08-24 18:46:38] [64/77] 香港花店 | https://www.mrsliuflorist.com/
[2026-08-24 18:46:38]   ✓ 已儲存 香港花店.html (449KB, requests 451705B)
[2026-08-24 18:46:39] [65/77] 網上花店| 網上訂花 | 即日送花 | HKfashop | https://hkfashop.com/
[2026-08-24 18:46:39]   ✓ 已儲存 Flora-Floriculture---花店.html (60KB, requests 53945B)
[2026-08-24 18:46:39] [64/77] 香港花店 | https://www.mrsliuflorist.com/
[2026-08-24 18:46:39]   ↳ 已存在，跳過 (香港花店.html)
[2026-08-24 18:46:39] [65/77] 網上花店| 網上訂花 | 即日送花 | HKfashop | https://hkfashop.com/
[2026-08-24 18:46:40]   ✓ 已儲存 網上花店-網上訂花-即日送花-HKfashop.html (149KB, requests 146329B)
[2026-08-24 18:46:41] [66/77] 【 送花】 ｜訂花｜Flowerbee Florist訂花束 | https://flowerbee-hk.com/zh
[2026-08-24 18:46:41]   ✓ 已儲存 網上花店-網上訂花-即日送花-HKfashop.html (149KB, requests 146310B)
[2026-08-24 18:46:41] [66/77] 【 送花】 ｜訂花｜Flowerbee Florist訂花束 | https://flowerbee-hk.com/zh
[2026-08-24 18:46:41]   ✓ 已儲存 送花-訂花Flowerbee-Florist訂花束---Flowerbee-HK-Florist.html (331KB, requests 312730B)
[2026-08-24 18:46:42]   ✓ 已儲存 送花-訂花Flowerbee-Florist訂花束---Flowerbee-HK-Florist.html (331KB, requests 312730B)
[2026-08-24 18:46:42] [67/77] 花點時間｜香港旺角花墟實體花店：24小時訂花、鮮花花束、開張 | https://www.reflower.com.hk/
[2026-08-24 18:46:42] [67/77] 花點時間｜香港旺角花墟實體花店：24小時訂花、鮮花花束、開張 | https://www.reflower.com.hk/
[2026-08-24 18:46:43]   ✓ 已儲存 花點時間香港旺角花墟實體花店24小時訂花鮮花花束開張花籃鮮花批發---花點時間-Reflower.html (263KB, requests 252293B)
[2026-08-24 18:46:43]   ✓ 已儲存 花點時間香港旺角花墟實體花店24小時訂花鮮花花束開張花籃鮮花批發---花點時間-Reflower.html (263KB, requests 252293B)
[2026-08-24 18:46:43] [68/77] 香港花店- 首頁花店推薦 - 我們代表和倡導位於香港島、九龍 | https://zh-hk.hk-florist.org/
[2026-08-24 18:46:43] [68/77] 香港花店- 首頁花店推薦 - 我們代表和倡導位於香港島、九龍 | https://zh-hk.hk-florist.org/
[2026-08-24 18:46:45]   ✓ 已儲存 香港花店--首頁花店推薦---我們代表和倡導位於香港島九龍和新界的花店以及在線花店和鮮花配送公司.html (187KB, requests 181455B)
[2026-08-24 18:46:45]   ✓ 已儲存 香港花店--首頁花店推薦---我們代表和倡導位於香港島九龍和新界的花店以及在線花店和鮮花配送公司.html (187KB, requests 181455B)
[2026-08-24 18:46:45] [69/77] 有花漾 ZH Flowers | https://www.zh-flowers.com/
[2026-08-24 18:46:45] [69/77] 有花漾 ZH Flowers | https://www.zh-flowers.com/
[2026-08-24 18:46:46]   ✓ 已儲存 有花漾-ZH-Flowers.html (21KB, requests 16635B)
[2026-08-24 18:46:46]   ✓ 已儲存 有花漾-ZH-Flowers.html (21KB, requests 16635B)
[2026-08-24 18:46:46] [70/77] 花店花生花華 | FaSunflower Florist | https://www.fasunflower.com/
[2026-08-24 18:46:46] [70/77] 花店花生花華 | FaSunflower Florist | https://www.fasunflower.com/
[2026-08-24 18:46:47]   ✓ 已儲存 花店花生花華-FaSunflower-Florist.html (2983KB, requests 3032434B)
[2026-08-24 18:46:47]   ✓ 已儲存 花店花生花華-FaSunflower-Florist.html (2983KB, requests 3032434B)
[2026-08-24 18:46:47] [71/77] 格蘭花店 Grand Floral & Gift Shop | https://grand.com.hk/
[2026-08-24 18:46:47] [71/77] 格蘭花店 Grand Floral & Gift Shop | https://grand.com.hk/
[2026-08-24 18:46:47]   ✓ 已儲存 格蘭花店-Grand-Floral--Gift-Shop.html (401KB, requests 411678B)
[2026-08-24 18:46:48]   ✓ 已儲存 格蘭花店-Grand-Floral--Gift-Shop.html (401KB, requests 411678B)
[2026-08-24 18:46:48] [72/77] WHY Studio - 上環證件相｜學生相｜專業形象照 | https://www.whystudiohk.com/
[2026-08-24 18:46:48] [72/77] WHY Studio - 上環證件相｜學生相｜專業形象照 | https://www.whystudiohk.com/
[2026-08-24 18:46:50]   ✓ 已儲存 WHY-Studio---上環證件相學生相專業形象照.html (516KB, requests 523158B)
[2026-08-24 18:46:50] [73/77] Cat Watt 晴珊猫舎 | http://www.catwatt.com/
[2026-08-24 18:46:50]   ✓ 已儲存 WHY-Studio---上環證件相學生相專業形象照.html (516KB, requests 523158B)
[2026-08-24 18:46:51] [73/77] Cat Watt 晴珊猫舎 | http://www.catwatt.com/
[2026-08-24 18:46:51]   ✓ 已儲存 Cat-Watt-晴珊猫舎.html (424KB, requests 431291B)
[2026-08-24 18:46:51]   ✓ 已儲存 Cat-Watt-晴珊猫舎.html (424KB, requests 431291B)
[2026-08-24 18:46:52] [74/77] 牙齒矯正及兒童齒科中心 (旺角朗豪坊) | Orthodon | https://www.ortho-center.com/
[2026-08-24 18:46:52] [74/77] 牙齒矯正及兒童齒科中心 (旺角朗豪坊) | Orthodon | https://www.ortho-center.com/
[2026-08-24 18:46:53]   ✓ 已儲存 牙齒矯正及兒童齒科中心-旺角朗豪坊-Orthodontic--Childrens-Dental-Center-Langh.html (137KB, requests 139343B)
[2026-08-24 18:46:53]   ✓ 已儲存 牙齒矯正及兒童齒科中心-旺角朗豪坊-Orthodontic--Childrens-Dental-Center-Langh.html (137KB, requests 139343B)
[2026-08-24 18:46:53] [75/77] HALO Flowers | https://haloflowers.com.hk/zh-hant/
[2026-08-24 18:46:54] [75/77] HALO Flowers | https://haloflowers.com.hk/zh-hant/
[2026-08-24 18:46:55]   ✓ 已儲存 HALO-Flowers.html (357KB, requests 357798B)
[2026-08-24 18:46:55]   ✓ 已儲存 HALO-Flowers.html (357KB, requests 357798B)
[2026-08-24 18:46:55] [76/77] Pettington 柏靈頓獸醫寵物用品 | https://www.pettington.com/
[2026-08-24 18:46:56] [76/77] Pettington 柏靈頓獸醫寵物用品 | https://www.pettington.com/
[2026-08-24 18:46:56]   ✓ 已儲存 Pettington-柏靈頓獸醫寵物用品.html (524KB, requests 523531B)
[2026-08-24 18:46:56]   ✓ 已儲存 Pettington-柏靈頓獸醫寵物用品.html (524KB, requests 523531B)
[2026-08-24 18:46:56] [77/77] 皓保牙科診所 Craft Smile Dental Cent | https://zh.drchrischeung.com/
[2026-08-24 18:46:56] [77/77] 皓保牙科診所 Craft Smile Dental Cent | https://zh.drchrischeung.com/
[2026-08-24 18:46:56]   ✓ 已儲存 皓保牙科診所-Craft-Smile-Dental-Center.html (571KB, requests 583349B)
[2026-08-24 18:46:56]   ✓ 已儲存 皓保牙科診所-Craft-Smile-Dental-Center.html (571KB, requests 583349B)
[2026-08-24 18:46:57] == 完成 ==
[2026-08-24 18:46:57] 成功 77 個，失敗 0 個
[2026-08-24 18:46:57] == 完成 ==
[2026-08-24 18:46:57] 成功 77 個，失敗 0 個
[2026-08-24 19:55:20] == 開始為 0 間「沒網站但有聯絡」的商家建立一頁式網頁 → /home/ubuntu/.mok/html/project/MokCs ==
[2026-08-24 19:55:20] == 一頁式網頁完成：0/0 ==
[2026-08-24 19:55:49]   過濾：77 間 → 保留 77 間有 WhatsApp/Email 的商家
[2026-08-24 19:55:49] == 開始克隆 77 個商家首頁 → /home/ubuntu/.mok/html/project/MokCs ==
[2026-08-24 19:55:49] [1/77] Hutong | https://hutong.com.hk/
[2026-08-24 19:55:49]   ↳ 已存在，跳過 (Hutong.html)
[2026-08-24 19:55:49] [2/77] The Chairman Restaurant | https://www.thechairmangroup.com/
[2026-08-24 19:55:49]   ↳ 已存在，跳過 (The-Chairman-Restaurant.html)
[2026-08-24 19:55:49] [3/77] 南蛮亭香港店 | http://nanbantei.com.hk/
[2026-08-24 19:55:49]   ↳ 已存在，跳過 (南蛮亭香港店.html)
[2026-08-24 19:55:49] [4/77] 添好運點心專賣店 | https://www.timhowan.com.hk/
[2026-08-24 19:55:49]   ↳ 已存在，跳過 (添好運點心專賣店.html)
[2026-08-24 19:55:49] [5/77] La Petite Maison (LPM) Hong Ko | https://lpmrestaurants.com/hongkong/
[2026-08-24 19:55:49]   ↳ 已存在，跳過 (La-Petite-Maison-LPM-Hong-Kong.html)
[2026-08-24 19:55:49] [6/77] Glow Hong Kong | https://www.glowspa.hk/
[2026-08-24 19:55:49]   ↳ 已存在，跳過 (Glow-Hong-Kong.html)
[2026-08-24 19:55:49] [7/77] Mó The Slow Bloom | https://www.mo-hk.com/
[2026-08-24 19:55:49]   ↳ 已存在，跳過 (Mó-The-Slow-Bloom.html)
[2026-08-24 19:55:49] [8/77] Lux Medical 医繊美 | https://www.luxbeauty.hk/
[2026-08-24 19:55:49]   ↳ 已存在，跳過 (Lux-Medical-医繊美.html)
[2026-08-24 19:55:49] [9/77] 114HAIR | http://www.114hair.com/
[2026-08-24 19:55:49]   ↳ 已存在，跳過 (114HAIR.html)
[2026-08-24 19:55:49] [10/77] Love Hair | http://www.lovehairhk.com/
[2026-08-24 19:55:49]   ↳ 已存在，跳過 (Love-Hair.html)
[2026-08-24 19:55:49] [11/77] TONI&GUY HK | http://www.toniandguyhk.com/
[2026-08-24 19:55:49]   ↳ 已存在，跳過 (TONIGUY-HK.html)
[2026-08-24 19:55:49] [12/77] iMPROVE HAiR-尖沙咀salon 尖沙咀剪髮 尖沙 | http://www.ihair.com.hk/
[2026-08-24 19:55:49]   ↳ 已存在，跳過 (iMPROVE-HAiR-尖沙咀salon-尖沙咀剪髮-尖沙咀髮廊-尖沙咀中藥染髮-尖沙咀假髮-尖沙咀頭皮護理.html)
[2026-08-24 19:55:49] [13/77] 金澱装修工程有限公司 | https://www.palaceengineeringltd.com/
[2026-08-24 19:55:49]   ↳ 已存在，跳過 (金澱装修工程有限公司.html)
[2026-08-24 19:55:49] [14/77] 鋒主義 - 室內設計公司 | 室內裝修工程 | 工期 報價  | https://www.fungstyle.com.hk/
[2026-08-24 19:55:49]   ↳ 已存在，跳過 (鋒主義---室內設計公司-室內裝修工程-工期-報價-服務-三大保證.html)
[2026-08-24 19:55:49] [15/77] 装修兄弟 | http://www.renobro.com.hk/
[2026-08-24 19:55:49]   ↳ 已存在，跳過 (装修兄弟.html)
[2026-08-24 19:55:49] [16/77] 居屋皇 House king | 香港室内設計及装修公司 | http://housekinghk.com/
[2026-08-24 19:55:49]   ↳ 已存在，跳過 (居屋皇-House-king-香港室内設計及装修公司.html)
[2026-08-24 19:55:49] [17/77] Toby 裝修設計平台｜免費裝修報價｜香港裝修公司及室內設計 | https://www.hellotoby.com/zh-hk/id
[2026-08-24 19:55:49]   ↳ 已存在，跳過 (Toby-裝修設計平台免費裝修報價香港裝修公司及室內設計公司.html)
[2026-08-24 19:55:49] [18/77] PET HK - Mid Levels Edition | http://pethk.com/
[2026-08-24 19:55:49]   ↳ 已存在，跳過 (PET-HK---Mid-Levels-Edition.html)
[2026-08-24 19:55:49] [19/77] Ruff & Fetch 拉夫寵物生活 (佐敦 Jordan | http://www.ruffandfetch.com/
[2026-08-24 19:55:49]   ↳ 已存在，跳過 (Ruff--Fetch-拉夫寵物生活-佐敦-Jordan.html)
[2026-08-24 19:55:49] [20/77] HKTA香港導師会 | https://www.hkta.edu.hk/
[2026-08-24 19:55:49]   ↳ 已存在，跳過 (HKTA香港導師会.html)
[2026-08-24 19:55:49] [21/77] 騎士数学 Knight Mathematics - Band | https://knightmaths.edu.hk/
[2026-08-24 19:55:49]   ↳ 已存在，跳過 (騎士数学-Knight-Mathematics---Band-1-DSE-数学補習社.html)
[2026-08-24 19:55:49] [22/77] 香港文化教育中心 | https://docs.google.com/forms/d/e/1FAIpQLSdjgsQlR4w8ZgKgE9RgAUPsPwrZzAZpo5SCULDDOgygEdeDnQ/viewform
[2026-08-24 19:55:49]   ↳ 已存在，跳過 (香港文化教育中心.html)
[2026-08-24 19:55:49] [23/77] GETUTOR 香港導師総会｜上門補習中介平台｜私補導師推介 | https://www.getutor.com.hk/
[2026-08-24 19:55:49]   ↳ 已存在，跳過 (GETUTOR-香港導師総会上門補習中介平台私補導師推介Private-Tutors-AgencyIB-IGCSE-A.html)
[2026-08-24 19:55:49] [24/77] 英博教学中心 - 数学中文英文補習 - 中小学補習社 | https://eplc.edu.hk/
[2026-08-24 19:55:49]   ↳ 已存在，跳過 (英博教学中心---数学中文英文補習---中小学補習社.html)
[2026-08-24 19:55:49] [25/77] 進研教育 - 英文中文数学補習社 | https://joinin-education.com/
[2026-08-24 19:55:49]   ↳ 已存在，跳過 (進研教育---英文中文数学補習社.html)
[2026-08-24 19:55:49] [26/77] 學斯教育(灣仔) | http://hoksi-edu.com/
[2026-08-24 19:55:49]   ↳ 已存在，跳過 (學斯教育灣仔.html)
[2026-08-24 19:55:49] [27/77] 補習社｜学博教育 Learn Smart Education | https://learnsmart.edu.hk/
[2026-08-24 19:55:49]   ↳ 已存在，跳過 (補習社学博教育-Learn-Smart-Education.html)
[2026-08-24 19:55:49] [28/77] 24/7 Fitness Central | http://247.fitness/
[2026-08-24 19:55:49]   ↳ 已存在，跳過 (24-7-Fitness-Central.html)
[2026-08-24 19:55:49] [29/77] 啓弘牙科（旺角店）丨九龍/旺角牙医/智慧歯/箍牙/隠式美/全 | https://omnesdental.com/
[2026-08-24 19:55:49]   ↳ 已存在，跳過 (啓弘牙科旺角店丨九龍-旺角牙医-智慧歯-箍牙-隠式美-全方位牙科服務-専業治療牙痛-種植牙-補牙-剥牙-洗牙.html)
[2026-08-24 19:55:49] [30/77] Smith & Jain Dentists 史密夫和鄭牙醫診 | https://smithandjaindentists.com/
[2026-08-24 19:55:49]   ↳ 已存在，跳過 (Smith--Jain-Dentists-史密夫和鄭牙醫診所.html)
[2026-08-24 19:55:49] [31/77] Home Dental (Tsim Sha Tsui Bra | https://homedentalhk.com/cn/contact-us/tst
[2026-08-24 19:55:49]   ↳ 已存在，跳過 (Home-Dental-Tsim-Sha-Tsui-Branch.html)
[2026-08-24 19:55:49] [32/77] 伍裕彤牙医 | https://trucaredental.hk/
[2026-08-24 19:55:49]   ↳ 已存在，跳過 (伍裕彤牙医.html)
[2026-08-24 19:55:49] [33/77] Home Dental | https://homedentalhk.com/cn/contact-us/cwb
[2026-08-24 19:55:49]   ↳ 已存在，跳過 (Home-Dental.html)
[2026-08-24 19:55:49] [34/77] T.O.P Dental by Family Smile L | http://www.topdental.hk/
[2026-08-24 19:55:49]   ↳ 已存在，跳過 (T.O.P-Dental-by-Family-Smile-Ltd-香港牙科醫療集團-旺角太子牙醫中心.html)
[2026-08-24 19:55:49] [35/77] Metro Dental 城健総合牙科医療中心 | https://www.metrodental.com.hk/
[2026-08-24 19:55:49]   ↳ 已存在，跳過 (Metro-Dental-城健総合牙科医療中心.html)
[2026-08-24 19:55:49] [36/77] 大国手 汽車車身維修 Grand Tycoon Automo | http://grandtycoon.com/
[2026-08-24 19:55:49]   ↳ 已存在，跳過 (大国手-汽車車身維修-Grand-Tycoon-Automotive-Repair-Shop.html)
[2026-08-24 19:55:49] [37/77] AutoMate | Sham Shui Po Shop | https://www.automate-app.com/auto-shop
[2026-08-24 19:55:49]   ↳ 已存在，跳過 (AutoMate-Sham-Shui-Po-Shop.html)
[2026-08-24 19:55:49] [38/77] Carol Garage Limited | http://www.carolgarage.com.hk/
[2026-08-24 19:55:49]   ↳ 已存在，跳過 (Carol-Garage-Limited.html)
[2026-08-24 19:55:49] [39/77] 八方汽車 | Power Moto Limited | http://www.power-moto.hk/
[2026-08-24 19:55:49]   ↳ 已存在，跳過 (八方汽車-Power-Moto-Limited.html)
[2026-08-24 19:55:49] [40/77] Flow & Roll Laundry 自助洗衣 (中環 C | https://flowandroll.com/
[2026-08-24 19:55:49]   ↳ 已存在，跳過 (Flow--Roll-Laundry-自助洗衣-中環-Central.html)
[2026-08-24 19:55:49] [41/77] 初洗 First Laundry 觀塘24小時自助洗衣店 | https://wa.me/85268716550
[2026-08-24 19:55:49]   ↳ 已存在，跳過 (初洗-First-Laundry-觀塘24小時自助洗衣店.html)
[2026-08-24 19:55:49] [42/77] 水漾衣坊 water laundry | https://whalewashmk.hk/
[2026-08-24 19:55:49]   ↳ 已存在，跳過 (水漾衣坊-water-laundry.html)
[2026-08-24 19:55:49] [43/77] FLORISTRY by ART OF LIVING | http://www.floristrybyartofliving.com/
[2026-08-24 19:55:49]   ↳ 已存在，跳過 (FLORISTRY-by-ART-OF-LIVING.html)
[2026-08-24 19:55:49] [44/77] 花籃 450 - Flower 450 | https://flower450.com/
[2026-08-24 19:55:49]   ↳ 已存在，跳過 (花籃-450---Flower-450.html)
[2026-08-24 19:55:49] [45/77] 優之花鋪-U Flower Shop | https://www.uflowershop.com/
[2026-08-24 19:55:49]   ↳ 已存在，跳過 (優之花鋪-U-Flower-Shop.html)
[2026-08-24 19:55:49] [46/77] Eternal Flora hk | https://www.eternalflorahk.com/
[2026-08-24 19:55:49]   ↳ 已存在，跳過 (Eternal-Flora-hk.html)
[2026-08-24 19:55:49] [47/77] FDHK - Flower Delivery Hong Ko | https://flowerdeliveryhongkong.com/
[2026-08-24 19:55:49]   ↳ 已存在，跳過 (FDHK---Flower-Delivery-Hong-Kong.html)
[2026-08-24 19:55:49] [48/77] Joseph Photo 香港專業攝影工作室 | https://josephphoto.hk/
[2026-08-24 19:55:49]   ↳ 已存在，跳過 (Joseph-Photo-香港專業攝影工作室.html)
[2026-08-24 19:55:49] [49/77] Majesty Professional Photo殿堂館- | https://www.majestyprofessional.com/
[2026-08-24 19:55:49]   ↳ 已存在，跳過 (Majesty-Professional-Photo殿堂館-專業照首選.html)
[2026-08-24 19:55:49] [50/77] Owl Photo Studio 貓頭鷹照相館 | https://www.owlphoto.hk/
[2026-08-24 19:55:49]   ↳ 已存在，跳過 (Owl-Photo-Studio-貓頭鷹照相館.html)
[2026-08-24 19:55:49] [51/77] Yat Tung Heen - Eaton HK | https://www.yattungheen.com/
[2026-08-24 19:55:49]   ↳ 已存在，跳過 (Yat-Tung-Heen---Eaton-HK.html)
[2026-08-24 19:55:49] [52/77] Hair Quest Hair salon Central | https://www.hairquest-hk.com/
[2026-08-24 19:55:49]   ↳ 已存在，跳過 (Hair-Quest-Hair-salon-Central.html)
[2026-08-24 19:55:49] [53/77] 天下猫猫一様猫 | https://www.catiscat.com.hk/
[2026-08-24 19:55:49]   ↳ 已存在，跳過 (天下猫猫一様猫.html)
[2026-08-24 19:55:49] [54/77] Bora beauty | https://bora.hk/
[2026-08-24 19:55:49]   ↳ 已存在，跳過 (Bora-beauty.html)
[2026-08-24 19:55:49] [55/77] Dream Scenes Studio | http://dreamscenesstudio.com/
[2026-08-24 19:55:49]   ↳ 已存在，跳過 (Dream-Scenes-Studio.html)
[2026-08-24 19:55:49] [56/77] Dazzling Smile Dental Clinic 瑩 | https://dazzlingsmiledentalclinic.com/
[2026-08-24 19:55:49]   ↳ 已存在，跳過 (Dazzling-Smile-Dental-Clinic-瑩恩牙科診所.html)
[2026-08-24 19:55:49] [57/77] Family Smile Limited | http://www.familysmile.hk/
[2026-08-24 19:55:49]   ↳ 已存在，跳過 (Family-Smile-Limited.html)
[2026-08-24 19:55:49] [58/77] INDULGENCE hair & beauty salon | http://www.indulgence.hk/
[2026-08-24 19:55:49]   ↳ 已存在，跳過 (INDULGENCE-hair--beauty-salon.html)
[2026-08-24 19:55:49] [59/77] 花店 | 花束專家 | https://www.flowerbouquet.com.hk/
[2026-08-24 19:55:49]   ↳ 已存在，跳過 (花店-花束專家.html)
[2026-08-24 19:55:49] [60/77] 網上訂花 ‧ 送花香港 | Fdhk 最高評分即日網上花店 | https://flowerdeliveryhongkong.com/zh
[2026-08-24 19:55:49]   ↳ 已存在，跳過 (網上訂花--送花香港-Fdhk-最高評分即日網上花店.html)
[2026-08-24 19:55:49] [61/77] Rhine Flowers | https://rhineflowers.com/
[2026-08-24 19:55:49]   ↳ 已存在，跳過 (Rhine-Flowers.html)
[2026-08-24 19:55:49] [62/77] 香港花店｜網上訂花及送花｜Gift Flowers HK | https://giftflowers.com.hk/cn/
[2026-08-24 19:55:49]   ↳ 已存在，跳過 (香港花店網上訂花及送花Gift-Flowers-HK.html)
[2026-08-24 19:55:49] [63/77] Flora Floriculture - 花店 | https://www.floraf.com.hk/
[2026-08-24 19:55:49]   ↳ 已存在，跳過 (Flora-Floriculture---花店.html)
[2026-08-24 19:55:49] [64/77] 香港花店 | https://www.mrsliuflorist.com/
[2026-08-24 19:55:49]   ↳ 已存在，跳過 (香港花店.html)
[2026-08-24 19:55:49] [65/77] 網上花店| 網上訂花 | 即日送花 | HKfashop | https://hkfashop.com/
[2026-08-24 19:55:49]   ↳ 已存在，跳過 (網上花店-網上訂花-即日送花-HKfashop.html)
[2026-08-24 19:55:49] [66/77] 【 送花】 ｜訂花｜Flowerbee Florist訂花束 | https://flowerbee-hk.com/zh
[2026-08-24 19:55:49]   ↳ 已存在，跳過 (送花-訂花Flowerbee-Florist訂花束---Flowerbee-HK-Florist.html)
[2026-08-24 19:55:49] [67/77] 花點時間｜香港旺角花墟實體花店：24小時訂花、鮮花花束、開張 | https://www.reflower.com.hk/
[2026-08-24 19:55:49]   ↳ 已存在，跳過 (花點時間香港旺角花墟實體花店24小時訂花鮮花花束開張花籃鮮花批發---花點時間-Reflower.html)
[2026-08-24 19:55:49] [68/77] 香港花店- 首頁花店推薦 - 我們代表和倡導位於香港島、九龍 | https://zh-hk.hk-florist.org/
[2026-08-24 19:55:49]   ↳ 已存在，跳過 (香港花店--首頁花店推薦---我們代表和倡導位於香港島九龍和新界的花店以及在線花店和鮮花配送公司.html)
[2026-08-24 19:55:49] [69/77] 有花漾 ZH Flowers | https://www.zh-flowers.com/
[2026-08-24 19:55:49]   ↳ 已存在，跳過 (有花漾-ZH-Flowers.html)
[2026-08-24 19:55:49] [70/77] 花店花生花華 | FaSunflower Florist | https://www.fasunflower.com/
[2026-08-24 19:55:49]   ↳ 已存在，跳過 (花店花生花華-FaSunflower-Florist.html)
[2026-08-24 19:55:49] [71/77] 格蘭花店 Grand Floral & Gift Shop | https://grand.com.hk/
[2026-08-24 19:55:49]   ↳ 已存在，跳過 (格蘭花店-Grand-Floral--Gift-Shop.html)
[2026-08-24 19:55:49] [72/77] WHY Studio - 上環證件相｜學生相｜專業形象照 | https://www.whystudiohk.com/
[2026-08-24 19:55:49]   ↳ 已存在，跳過 (WHY-Studio---上環證件相學生相專業形象照.html)
[2026-08-24 19:55:49] [73/77] Cat Watt 晴珊猫舎 | http://www.catwatt.com/
[2026-08-24 19:55:49]   ↳ 已存在，跳過 (Cat-Watt-晴珊猫舎.html)
[2026-08-24 19:55:49] [74/77] 牙齒矯正及兒童齒科中心 (旺角朗豪坊) | Orthodon | https://www.ortho-center.com/
[2026-08-24 19:55:49]   ↳ 已存在，跳過 (牙齒矯正及兒童齒科中心-旺角朗豪坊-Orthodontic--Childrens-Dental-Center-Langh.html)
[2026-08-24 19:55:49] [75/77] HALO Flowers | https://haloflowers.com.hk/zh-hant/
[2026-08-24 19:55:49]   ↳ 已存在，跳過 (HALO-Flowers.html)
[2026-08-24 19:55:49] [76/77] Pettington 柏靈頓獸醫寵物用品 | https://www.pettington.com/
[2026-08-24 19:55:49]   ↳ 已存在，跳過 (Pettington-柏靈頓獸醫寵物用品.html)
[2026-08-24 19:55:49] [77/77] 皓保牙科診所 Craft Smile Dental Cent | https://zh.drchrischeung.com/
[2026-08-24 19:55:49]   ↳ 已存在，跳過 (皓保牙科診所-Craft-Smile-Dental-Center.html)
[2026-08-24 19:55:49] == 完成 ==
[2026-08-24 19:55:49] 成功 77 個，失敗 0 個
[2026-08-24 19:55:49] == 開始為 0 間「沒網站但有聯絡」的商家建立一頁式網頁 → /home/ubuntu/.mok/html/project/MokCs ==
[2026-08-24 19:55:49] == 一頁式網頁完成：0/0 ==
[2026-08-25 00:15:43]   過濾：78 間 → 保留 78 間有 WhatsApp/Email 的商家
[2026-08-25 00:15:43]   過濾：78 間 → 保留 78 間有 WhatsApp/Email 的商家
[2026-08-25 00:15:43] == 開始克隆 78 個商家首頁 → /home/ubuntu/.mok/html/project/MokCs ==
[2026-08-25 00:15:43] == 開始克隆 78 個商家首頁 → /home/ubuntu/.mok/html/project/MokCs ==
[2026-08-25 00:15:43] [1/78] Hutong | https://hutong.com.hk/
[2026-08-25 00:15:43] [1/78] Hutong | https://hutong.com.hk/
[2026-08-25 00:15:43]   ↳ 已存在，跳過 (Hutong.html)
[2026-08-25 00:15:43]   ↳ 已存在，跳過 (Hutong.html)
[2026-08-25 00:15:43] [2/78] The Chairman Restaurant | https://www.thechairmangroup.com/
[2026-08-25 00:15:43] [2/78] The Chairman Restaurant | https://www.thechairmangroup.com/
[2026-08-25 00:15:43]   ↳ 已存在，跳過 (The-Chairman-Restaurant.html)
[2026-08-25 00:15:43]   ↳ 已存在，跳過 (The-Chairman-Restaurant.html)
[2026-08-25 00:15:43] [3/78] 南蛮亭香港店 | http://nanbantei.com.hk/
[2026-08-25 00:15:43] [3/78] 南蛮亭香港店 | http://nanbantei.com.hk/
[2026-08-25 00:15:43]   ↳ 已存在，跳過 (南蛮亭香港店.html)
[2026-08-25 00:15:43]   ↳ 已存在，跳過 (南蛮亭香港店.html)
[2026-08-25 00:15:43] [4/78] 添好運點心專賣店 | https://www.timhowan.com.hk/
[2026-08-25 00:15:43] [4/78] 添好運點心專賣店 | https://www.timhowan.com.hk/
[2026-08-25 00:15:43]   ↳ 已存在，跳過 (添好運點心專賣店.html)
[2026-08-25 00:15:43]   ↳ 已存在，跳過 (添好運點心專賣店.html)
[2026-08-25 00:15:43] [5/78] La Petite Maison (LPM) Hong Ko | https://lpmrestaurants.com/hongkong/
[2026-08-25 00:15:43] [5/78] La Petite Maison (LPM) Hong Ko | https://lpmrestaurants.com/hongkong/
[2026-08-25 00:15:43]   ↳ 已存在，跳過 (La-Petite-Maison-LPM-Hong-Kong.html)
[2026-08-25 00:15:43]   ↳ 已存在，跳過 (La-Petite-Maison-LPM-Hong-Kong.html)
[2026-08-25 00:15:43] [6/78] Glow Hong Kong | https://www.glowspa.hk/
[2026-08-25 00:15:43] [6/78] Glow Hong Kong | https://www.glowspa.hk/
[2026-08-25 00:15:43]   ↳ 已存在，跳過 (Glow-Hong-Kong.html)
[2026-08-25 00:15:43]   ↳ 已存在，跳過 (Glow-Hong-Kong.html)
[2026-08-25 00:15:43] [7/78] Mó The Slow Bloom | https://www.mo-hk.com/
[2026-08-25 00:15:43] [7/78] Mó The Slow Bloom | https://www.mo-hk.com/
[2026-08-25 00:15:43]   ↳ 已存在，跳過 (Mó-The-Slow-Bloom.html)
[2026-08-25 00:15:43]   ↳ 已存在，跳過 (Mó-The-Slow-Bloom.html)
[2026-08-25 00:15:43] [8/78] Lux Medical 医繊美 | https://www.luxbeauty.hk/
[2026-08-25 00:15:43] [8/78] Lux Medical 医繊美 | https://www.luxbeauty.hk/
[2026-08-25 00:15:43]   ↳ 已存在，跳過 (Lux-Medical-医繊美.html)
[2026-08-25 00:15:43]   ↳ 已存在，跳過 (Lux-Medical-医繊美.html)
[2026-08-25 00:15:43] [9/78] 114HAIR | http://www.114hair.com/
[2026-08-25 00:15:43] [9/78] 114HAIR | http://www.114hair.com/
[2026-08-25 00:15:43]   ↳ 已存在，跳過 (114HAIR.html)
[2026-08-25 00:15:43]   ↳ 已存在，跳過 (114HAIR.html)
[2026-08-25 00:15:43] [10/78] Love Hair | http://www.lovehairhk.com/
[2026-08-25 00:15:43] [10/78] Love Hair | http://www.lovehairhk.com/
[2026-08-25 00:15:43]   ↳ 已存在，跳過 (Love-Hair.html)
[2026-08-25 00:15:43]   ↳ 已存在，跳過 (Love-Hair.html)
[2026-08-25 00:15:43] [11/78] TONI&GUY HK | http://www.toniandguyhk.com/
[2026-08-25 00:15:43] [11/78] TONI&GUY HK | http://www.toniandguyhk.com/
[2026-08-25 00:15:43]   ↳ 已存在，跳過 (TONIGUY-HK.html)
[2026-08-25 00:15:43]   ↳ 已存在，跳過 (TONIGUY-HK.html)
[2026-08-25 00:15:43] [12/78] iMPROVE HAiR-尖沙咀salon 尖沙咀剪髮 尖沙 | http://www.ihair.com.hk/
[2026-08-25 00:15:43] [12/78] iMPROVE HAiR-尖沙咀salon 尖沙咀剪髮 尖沙 | http://www.ihair.com.hk/
[2026-08-25 00:15:43]   ↳ 已存在，跳過 (iMPROVE-HAiR-尖沙咀salon-尖沙咀剪髮-尖沙咀髮廊-尖沙咀中藥染髮-尖沙咀假髮-尖沙咀頭皮護理.html)
[2026-08-25 00:15:43]   ↳ 已存在，跳過 (iMPROVE-HAiR-尖沙咀salon-尖沙咀剪髮-尖沙咀髮廊-尖沙咀中藥染髮-尖沙咀假髮-尖沙咀頭皮護理.html)
[2026-08-25 00:15:43] [13/78] 金澱装修工程有限公司 | https://www.palaceengineeringltd.com/
[2026-08-25 00:15:43] [13/78] 金澱装修工程有限公司 | https://www.palaceengineeringltd.com/
[2026-08-25 00:15:43]   ↳ 已存在，跳過 (金澱装修工程有限公司.html)
[2026-08-25 00:15:43]   ↳ 已存在，跳過 (金澱装修工程有限公司.html)
[2026-08-25 00:15:43] [14/78] 鋒主義 - 室內設計公司 | 室內裝修工程 | 工期 報價  | https://www.fungstyle.com.hk/
[2026-08-25 00:15:43] [14/78] 鋒主義 - 室內設計公司 | 室內裝修工程 | 工期 報價  | https://www.fungstyle.com.hk/
[2026-08-25 00:15:43]   ↳ 已存在，跳過 (鋒主義---室內設計公司-室內裝修工程-工期-報價-服務-三大保證.html)
[2026-08-25 00:15:43]   ↳ 已存在，跳過 (鋒主義---室內設計公司-室內裝修工程-工期-報價-服務-三大保證.html)
[2026-08-25 00:15:43] [15/78] 装修兄弟 | http://www.renobro.com.hk/
[2026-08-25 00:15:43] [15/78] 装修兄弟 | http://www.renobro.com.hk/
[2026-08-25 00:15:43]   ↳ 已存在，跳過 (装修兄弟.html)
[2026-08-25 00:15:43]   ↳ 已存在，跳過 (装修兄弟.html)
[2026-08-25 00:15:43] [16/78] 居屋皇 House king | 香港室内設計及装修公司 | http://housekinghk.com/
[2026-08-25 00:15:43] [16/78] 居屋皇 House king | 香港室内設計及装修公司 | http://housekinghk.com/
[2026-08-25 00:15:43]   ↳ 已存在，跳過 (居屋皇-House-king-香港室内設計及装修公司.html)
[2026-08-25 00:15:43]   ↳ 已存在，跳過 (居屋皇-House-king-香港室内設計及装修公司.html)
[2026-08-25 00:15:43] [17/78] Toby 裝修設計平台｜免費裝修報價｜香港裝修公司及室內設計 | https://www.hellotoby.com/zh-hk/id
[2026-08-25 00:15:43] [17/78] Toby 裝修設計平台｜免費裝修報價｜香港裝修公司及室內設計 | https://www.hellotoby.com/zh-hk/id
[2026-08-25 00:15:43]   ↳ 已存在，跳過 (Toby-裝修設計平台免費裝修報價香港裝修公司及室內設計公司.html)
[2026-08-25 00:15:43]   ↳ 已存在，跳過 (Toby-裝修設計平台免費裝修報價香港裝修公司及室內設計公司.html)
[2026-08-25 00:15:43] [18/78] PET HK - Mid Levels Edition | http://pethk.com/
[2026-08-25 00:15:43] [18/78] PET HK - Mid Levels Edition | http://pethk.com/
[2026-08-25 00:15:43]   ↳ 已存在，跳過 (PET-HK---Mid-Levels-Edition.html)
[2026-08-25 00:15:43]   ↳ 已存在，跳過 (PET-HK---Mid-Levels-Edition.html)
[2026-08-25 00:15:43] [19/78] Ruff & Fetch 拉夫寵物生活 (佐敦 Jordan | http://www.ruffandfetch.com/
[2026-08-25 00:15:43] [19/78] Ruff & Fetch 拉夫寵物生活 (佐敦 Jordan | http://www.ruffandfetch.com/
[2026-08-25 00:15:43]   ↳ 已存在，跳過 (Ruff--Fetch-拉夫寵物生活-佐敦-Jordan.html)
[2026-08-25 00:15:43]   ↳ 已存在，跳過 (Ruff--Fetch-拉夫寵物生活-佐敦-Jordan.html)
[2026-08-25 00:15:43] [20/78] HKTA香港導師会 | https://www.hkta.edu.hk/
[2026-08-25 00:15:43] [20/78] HKTA香港導師会 | https://www.hkta.edu.hk/
[2026-08-25 00:15:43]   ↳ 已存在，跳過 (HKTA香港導師会.html)
[2026-08-25 00:15:43]   ↳ 已存在，跳過 (HKTA香港導師会.html)
[2026-08-25 00:15:43] [21/78] 騎士数学 Knight Mathematics - Band | https://knightmaths.edu.hk/
[2026-08-25 00:15:43] [21/78] 騎士数学 Knight Mathematics - Band | https://knightmaths.edu.hk/
[2026-08-25 00:15:43]   ↳ 已存在，跳過 (騎士数学-Knight-Mathematics---Band-1-DSE-数学補習社.html)
[2026-08-25 00:15:43]   ↳ 已存在，跳過 (騎士数学-Knight-Mathematics---Band-1-DSE-数学補習社.html)
[2026-08-25 00:15:43] [22/78] 香港文化教育中心 | https://docs.google.com/forms/d/e/1FAIpQLSdjgsQlR4w8ZgKgE9RgAUPsPwrZzAZpo5SCULDDOgygEdeDnQ/viewform
[2026-08-25 00:15:43] [22/78] 香港文化教育中心 | https://docs.google.com/forms/d/e/1FAIpQLSdjgsQlR4w8ZgKgE9RgAUPsPwrZzAZpo5SCULDDOgygEdeDnQ/viewform
[2026-08-25 00:15:43]   ↳ 已存在，跳過 (香港文化教育中心.html)
[2026-08-25 00:15:43]   ↳ 已存在，跳過 (香港文化教育中心.html)
[2026-08-25 00:15:43] [23/78] GETUTOR 香港導師総会｜上門補習中介平台｜私補導師推介 | https://www.getutor.com.hk/
[2026-08-25 00:15:43] [23/78] GETUTOR 香港導師総会｜上門補習中介平台｜私補導師推介 | https://www.getutor.com.hk/
[2026-08-25 00:15:43]   ↳ 已存在，跳過 (GETUTOR-香港導師総会上門補習中介平台私補導師推介Private-Tutors-AgencyIB-IGCSE-A.html)
[2026-08-25 00:15:43]   ↳ 已存在，跳過 (GETUTOR-香港導師総会上門補習中介平台私補導師推介Private-Tutors-AgencyIB-IGCSE-A.html)
[2026-08-25 00:15:43] [24/78] 英博教学中心 - 数学中文英文補習 - 中小学補習社 | https://eplc.edu.hk/
[2026-08-25 00:15:43] [24/78] 英博教学中心 - 数学中文英文補習 - 中小学補習社 | https://eplc.edu.hk/
[2026-08-25 00:15:43]   ↳ 已存在，跳過 (英博教学中心---数学中文英文補習---中小学補習社.html)
[2026-08-25 00:15:43]   ↳ 已存在，跳過 (英博教学中心---数学中文英文補習---中小学補習社.html)
[2026-08-25 00:15:43] [25/78] 進研教育 - 英文中文数学補習社 | https://joinin-education.com/
[2026-08-25 00:15:43] [25/78] 進研教育 - 英文中文数学補習社 | https://joinin-education.com/
[2026-08-25 00:15:43]   ↳ 已存在，跳過 (進研教育---英文中文数学補習社.html)
[2026-08-25 00:15:43]   ↳ 已存在，跳過 (進研教育---英文中文数学補習社.html)
[2026-08-25 00:15:43] [26/78] 學斯教育(灣仔) | http://hoksi-edu.com/
[2026-08-25 00:15:43] [26/78] 學斯教育(灣仔) | http://hoksi-edu.com/
[2026-08-25 00:15:43]   ↳ 已存在，跳過 (學斯教育灣仔.html)
[2026-08-25 00:15:43]   ↳ 已存在，跳過 (學斯教育灣仔.html)
[2026-08-25 00:15:43] [27/78] 補習社｜学博教育 Learn Smart Education | https://learnsmart.edu.hk/
[2026-08-25 00:15:43] [27/78] 補習社｜学博教育 Learn Smart Education | https://learnsmart.edu.hk/
[2026-08-25 00:15:43]   ↳ 已存在，跳過 (補習社学博教育-Learn-Smart-Education.html)
[2026-08-25 00:15:43]   ↳ 已存在，跳過 (補習社学博教育-Learn-Smart-Education.html)
[2026-08-25 00:15:43] [28/78] 24/7 Fitness Central | http://247.fitness/
[2026-08-25 00:15:43] [28/78] 24/7 Fitness Central | http://247.fitness/
[2026-08-25 00:15:43]   ↳ 已存在，跳過 (24-7-Fitness-Central.html)
[2026-08-25 00:15:43]   ↳ 已存在，跳過 (24-7-Fitness-Central.html)
[2026-08-25 00:15:43] [29/78] 啓弘牙科（旺角店）丨九龍/旺角牙医/智慧歯/箍牙/隠式美/全 | https://omnesdental.com/
[2026-08-25 00:15:43] [29/78] 啓弘牙科（旺角店）丨九龍/旺角牙医/智慧歯/箍牙/隠式美/全 | https://omnesdental.com/
[2026-08-25 00:15:43]   ↳ 已存在，跳過 (啓弘牙科旺角店丨九龍-旺角牙医-智慧歯-箍牙-隠式美-全方位牙科服務-専業治療牙痛-種植牙-補牙-剥牙-洗牙.html)
[2026-08-25 00:15:43]   ↳ 已存在，跳過 (啓弘牙科旺角店丨九龍-旺角牙医-智慧歯-箍牙-隠式美-全方位牙科服務-専業治療牙痛-種植牙-補牙-剥牙-洗牙.html)
[2026-08-25 00:15:43] [30/78] Smith & Jain Dentists 史密夫和鄭牙醫診 | https://smithandjaindentists.com/
[2026-08-25 00:15:43] [30/78] Smith & Jain Dentists 史密夫和鄭牙醫診 | https://smithandjaindentists.com/
[2026-08-25 00:15:43]   ↳ 已存在，跳過 (Smith--Jain-Dentists-史密夫和鄭牙醫診所.html)
[2026-08-25 00:15:43]   ↳ 已存在，跳過 (Smith--Jain-Dentists-史密夫和鄭牙醫診所.html)
[2026-08-25 00:15:43] [31/78] Home Dental (Tsim Sha Tsui Bra | https://homedentalhk.com/cn/contact-us/tst
[2026-08-25 00:15:43] [31/78] Home Dental (Tsim Sha Tsui Bra | https://homedentalhk.com/cn/contact-us/tst
[2026-08-25 00:15:43]   ↳ 已存在，跳過 (Home-Dental-Tsim-Sha-Tsui-Branch.html)
[2026-08-25 00:15:43]   ↳ 已存在，跳過 (Home-Dental-Tsim-Sha-Tsui-Branch.html)
[2026-08-25 00:15:43] [32/78] 伍裕彤牙医 | https://trucaredental.hk/
[2026-08-25 00:15:43] [32/78] 伍裕彤牙医 | https://trucaredental.hk/
[2026-08-25 00:15:43]   ↳ 已存在，跳過 (伍裕彤牙医.html)
[2026-08-25 00:15:43]   ↳ 已存在，跳過 (伍裕彤牙医.html)
[2026-08-25 00:15:43] [33/78] Home Dental | https://homedentalhk.com/cn/contact-us/cwb
[2026-08-25 00:15:43] [33/78] Home Dental | https://homedentalhk.com/cn/contact-us/cwb
[2026-08-25 00:15:43]   ↳ 已存在，跳過 (Home-Dental.html)
[2026-08-25 00:15:43]   ↳ 已存在，跳過 (Home-Dental.html)
[2026-08-25 00:15:43] [34/78] T.O.P Dental by Family Smile L | http://www.topdental.hk/
[2026-08-25 00:15:43] [34/78] T.O.P Dental by Family Smile L | http://www.topdental.hk/
[2026-08-25 00:15:43]   ↳ 已存在，跳過 (T.O.P-Dental-by-Family-Smile-Ltd-香港牙科醫療集團-旺角太子牙醫中心.html)
[2026-08-25 00:15:43]   ↳ 已存在，跳過 (T.O.P-Dental-by-Family-Smile-Ltd-香港牙科醫療集團-旺角太子牙醫中心.html)
[2026-08-25 00:15:43] [35/78] Metro Dental 城健総合牙科医療中心 | https://www.metrodental.com.hk/
[2026-08-25 00:15:43] [35/78] Metro Dental 城健総合牙科医療中心 | https://www.metrodental.com.hk/
[2026-08-25 00:15:43]   ↳ 已存在，跳過 (Metro-Dental-城健総合牙科医療中心.html)
[2026-08-25 00:15:43]   ↳ 已存在，跳過 (Metro-Dental-城健総合牙科医療中心.html)
[2026-08-25 00:15:43] [36/78] 大国手 汽車車身維修 Grand Tycoon Automo | http://grandtycoon.com/
[2026-08-25 00:15:43] [36/78] 大国手 汽車車身維修 Grand Tycoon Automo | http://grandtycoon.com/
[2026-08-25 00:15:43]   ↳ 已存在，跳過 (大国手-汽車車身維修-Grand-Tycoon-Automotive-Repair-Shop.html)
[2026-08-25 00:15:43]   ↳ 已存在，跳過 (大国手-汽車車身維修-Grand-Tycoon-Automotive-Repair-Shop.html)
[2026-08-25 00:15:43] [37/78] AutoMate | Sham Shui Po Shop | https://www.automate-app.com/auto-shop
[2026-08-25 00:15:43] [37/78] AutoMate | Sham Shui Po Shop | https://www.automate-app.com/auto-shop
[2026-08-25 00:15:43]   ↳ 已存在，跳過 (AutoMate-Sham-Shui-Po-Shop.html)
[2026-08-25 00:15:43]   ↳ 已存在，跳過 (AutoMate-Sham-Shui-Po-Shop.html)
[2026-08-25 00:15:43] [38/78] Carol Garage Limited | http://www.carolgarage.com.hk/
[2026-08-25 00:15:43] [38/78] Carol Garage Limited | http://www.carolgarage.com.hk/
[2026-08-25 00:15:43]   ↳ 已存在，跳過 (Carol-Garage-Limited.html)
[2026-08-25 00:15:43]   ↳ 已存在，跳過 (Carol-Garage-Limited.html)
[2026-08-25 00:15:43] [39/78] 八方汽車 | Power Moto Limited | http://www.power-moto.hk/
[2026-08-25 00:15:43] [39/78] 八方汽車 | Power Moto Limited | http://www.power-moto.hk/
[2026-08-25 00:15:43]   ↳ 已存在，跳過 (八方汽車-Power-Moto-Limited.html)
[2026-08-25 00:15:43]   ↳ 已存在，跳過 (八方汽車-Power-Moto-Limited.html)
[2026-08-25 00:15:43] [40/78] Flow & Roll Laundry 自助洗衣 (中環 C | https://flowandroll.com/
[2026-08-25 00:15:43] [40/78] Flow & Roll Laundry 自助洗衣 (中環 C | https://flowandroll.com/
[2026-08-25 00:15:43]   ↳ 已存在，跳過 (Flow--Roll-Laundry-自助洗衣-中環-Central.html)
[2026-08-25 00:15:43]   ↳ 已存在，跳過 (Flow--Roll-Laundry-自助洗衣-中環-Central.html)
[2026-08-25 00:15:43] [41/78] 初洗 First Laundry 觀塘24小時自助洗衣店 | https://wa.me/85268716550
[2026-08-25 00:15:43] [41/78] 初洗 First Laundry 觀塘24小時自助洗衣店 | https://wa.me/85268716550
[2026-08-25 00:15:43]   ↳ 已存在，跳過 (初洗-First-Laundry-觀塘24小時自助洗衣店.html)
[2026-08-25 00:15:43]   ↳ 已存在，跳過 (初洗-First-Laundry-觀塘24小時自助洗衣店.html)
[2026-08-25 00:15:43] [42/78] 水漾衣坊 water laundry | https://whalewashmk.hk/
[2026-08-25 00:15:43] [42/78] 水漾衣坊 water laundry | https://whalewashmk.hk/
[2026-08-25 00:15:43]   ↳ 已存在，跳過 (水漾衣坊-water-laundry.html)
[2026-08-25 00:15:43]   ↳ 已存在，跳過 (水漾衣坊-water-laundry.html)
[2026-08-25 00:15:43] [43/78] FLORISTRY by ART OF LIVING | http://www.floristrybyartofliving.com/
[2026-08-25 00:15:43] [43/78] FLORISTRY by ART OF LIVING | http://www.floristrybyartofliving.com/
[2026-08-25 00:15:43]   ↳ 已存在，跳過 (FLORISTRY-by-ART-OF-LIVING.html)
[2026-08-25 00:15:43]   ↳ 已存在，跳過 (FLORISTRY-by-ART-OF-LIVING.html)
[2026-08-25 00:15:43] [44/78] 花籃 450 - Flower 450 | https://flower450.com/
[2026-08-25 00:15:43] [44/78] 花籃 450 - Flower 450 | https://flower450.com/
[2026-08-25 00:15:43]   ↳ 已存在，跳過 (花籃-450---Flower-450.html)
[2026-08-25 00:15:43]   ↳ 已存在，跳過 (花籃-450---Flower-450.html)
[2026-08-25 00:15:43] [45/78] 優之花鋪-U Flower Shop | https://www.uflowershop.com/
[2026-08-25 00:15:43] [45/78] 優之花鋪-U Flower Shop | https://www.uflowershop.com/
[2026-08-25 00:15:43]   ↳ 已存在，跳過 (優之花鋪-U-Flower-Shop.html)
[2026-08-25 00:15:43]   ↳ 已存在，跳過 (優之花鋪-U-Flower-Shop.html)
[2026-08-25 00:15:43] [46/78] Eternal Flora hk | https://www.eternalflorahk.com/
[2026-08-25 00:15:43] [46/78] Eternal Flora hk | https://www.eternalflorahk.com/
[2026-08-25 00:15:43]   ↳ 已存在，跳過 (Eternal-Flora-hk.html)
[2026-08-25 00:15:43]   ↳ 已存在，跳過 (Eternal-Flora-hk.html)
[2026-08-25 00:15:43] [47/78] FDHK - Flower Delivery Hong Ko | https://flowerdeliveryhongkong.com/
[2026-08-25 00:15:43] [47/78] FDHK - Flower Delivery Hong Ko | https://flowerdeliveryhongkong.com/
[2026-08-25 00:15:43]   ↳ 已存在，跳過 (FDHK---Flower-Delivery-Hong-Kong.html)
[2026-08-25 00:15:43]   ↳ 已存在，跳過 (FDHK---Flower-Delivery-Hong-Kong.html)
[2026-08-25 00:15:43] [48/78] Joseph Photo 香港專業攝影工作室 | https://josephphoto.hk/
[2026-08-25 00:15:43] [48/78] Joseph Photo 香港專業攝影工作室 | https://josephphoto.hk/
[2026-08-25 00:15:43]   ↳ 已存在，跳過 (Joseph-Photo-香港專業攝影工作室.html)
[2026-08-25 00:15:43]   ↳ 已存在，跳過 (Joseph-Photo-香港專業攝影工作室.html)
[2026-08-25 00:15:43] [49/78] Majesty Professional Photo殿堂館- | https://www.majestyprofessional.com/
[2026-08-25 00:15:43] [49/78] Majesty Professional Photo殿堂館- | https://www.majestyprofessional.com/
[2026-08-25 00:15:43]   ↳ 已存在，跳過 (Majesty-Professional-Photo殿堂館-專業照首選.html)
[2026-08-25 00:15:43]   ↳ 已存在，跳過 (Majesty-Professional-Photo殿堂館-專業照首選.html)
[2026-08-25 00:15:43] [50/78] Owl Photo Studio 貓頭鷹照相館 | https://www.owlphoto.hk/
[2026-08-25 00:15:43] [50/78] Owl Photo Studio 貓頭鷹照相館 | https://www.owlphoto.hk/
[2026-08-25 00:15:43]   ↳ 已存在，跳過 (Owl-Photo-Studio-貓頭鷹照相館.html)
[2026-08-25 00:15:43]   ↳ 已存在，跳過 (Owl-Photo-Studio-貓頭鷹照相館.html)
[2026-08-25 00:15:43] [51/78] Yat Tung Heen - Eaton HK | https://www.yattungheen.com/
[2026-08-25 00:15:43] [51/78] Yat Tung Heen - Eaton HK | https://www.yattungheen.com/
[2026-08-25 00:15:43]   ↳ 已存在，跳過 (Yat-Tung-Heen---Eaton-HK.html)
[2026-08-25 00:15:43]   ↳ 已存在，跳過 (Yat-Tung-Heen---Eaton-HK.html)
[2026-08-25 00:15:43] [52/78] Hair Quest Hair salon Central | https://www.hairquest-hk.com/
[2026-08-25 00:15:43] [52/78] Hair Quest Hair salon Central | https://www.hairquest-hk.com/
[2026-08-25 00:15:43]   ↳ 已存在，跳過 (Hair-Quest-Hair-salon-Central.html)
[2026-08-25 00:15:43]   ↳ 已存在，跳過 (Hair-Quest-Hair-salon-Central.html)
[2026-08-25 00:15:43] [53/78] 天下猫猫一様猫 | https://www.catiscat.com.hk/
[2026-08-25 00:15:43] [53/78] 天下猫猫一様猫 | https://www.catiscat.com.hk/
[2026-08-25 00:15:43]   ↳ 已存在，跳過 (天下猫猫一様猫.html)
[2026-08-25 00:15:43]   ↳ 已存在，跳過 (天下猫猫一様猫.html)
[2026-08-25 00:15:43] [54/78] Bora beauty | https://bora.hk/
[2026-08-25 00:15:43] [54/78] Bora beauty | https://bora.hk/
[2026-08-25 00:15:43]   ↳ 已存在，跳過 (Bora-beauty.html)
[2026-08-25 00:15:43]   ↳ 已存在，跳過 (Bora-beauty.html)
[2026-08-25 00:15:43] [55/78] Dream Scenes Studio | http://dreamscenesstudio.com/
[2026-08-25 00:15:43] [55/78] Dream Scenes Studio | http://dreamscenesstudio.com/
[2026-08-25 00:15:43]   ↳ 已存在，跳過 (Dream-Scenes-Studio.html)
[2026-08-25 00:15:43]   ↳ 已存在，跳過 (Dream-Scenes-Studio.html)
[2026-08-25 00:15:43] [56/78] Dazzling Smile Dental Clinic 瑩 | https://dazzlingsmiledentalclinic.com/
[2026-08-25 00:15:43] [56/78] Dazzling Smile Dental Clinic 瑩 | https://dazzlingsmiledentalclinic.com/
[2026-08-25 00:15:43]   ↳ 已存在，跳過 (Dazzling-Smile-Dental-Clinic-瑩恩牙科診所.html)
[2026-08-25 00:15:43]   ↳ 已存在，跳過 (Dazzling-Smile-Dental-Clinic-瑩恩牙科診所.html)
[2026-08-25 00:15:43] [57/78] Family Smile Limited | http://www.familysmile.hk/
[2026-08-25 00:15:43] [57/78] Family Smile Limited | http://www.familysmile.hk/
[2026-08-25 00:15:43]   ↳ 已存在，跳過 (Family-Smile-Limited.html)
[2026-08-25 00:15:43]   ↳ 已存在，跳過 (Family-Smile-Limited.html)
[2026-08-25 00:15:43] [58/78] INDULGENCE hair & beauty salon | http://www.indulgence.hk/
[2026-08-25 00:15:43] [58/78] INDULGENCE hair & beauty salon | http://www.indulgence.hk/
[2026-08-25 00:15:43]   ↳ 已存在，跳過 (INDULGENCE-hair--beauty-salon.html)
[2026-08-25 00:15:43]   ↳ 已存在，跳過 (INDULGENCE-hair--beauty-salon.html)
[2026-08-25 00:15:43] [59/78] 花店 | 花束專家 | https://www.flowerbouquet.com.hk/
[2026-08-25 00:15:43] [59/78] 花店 | 花束專家 | https://www.flowerbouquet.com.hk/
[2026-08-25 00:15:43]   ↳ 已存在，跳過 (花店-花束專家.html)
[2026-08-25 00:15:43]   ↳ 已存在，跳過 (花店-花束專家.html)
[2026-08-25 00:15:43] [60/78] 網上訂花 ‧ 送花香港 | Fdhk 最高評分即日網上花店 | https://flowerdeliveryhongkong.com/zh
[2026-08-25 00:15:43] [60/78] 網上訂花 ‧ 送花香港 | Fdhk 最高評分即日網上花店 | https://flowerdeliveryhongkong.com/zh
[2026-08-25 00:15:43]   ↳ 已存在，跳過 (網上訂花--送花香港-Fdhk-最高評分即日網上花店.html)
[2026-08-25 00:15:43]   ↳ 已存在，跳過 (網上訂花--送花香港-Fdhk-最高評分即日網上花店.html)
[2026-08-25 00:15:43] [61/78] Rhine Flowers | https://rhineflowers.com/
[2026-08-25 00:15:43] [61/78] Rhine Flowers | https://rhineflowers.com/
[2026-08-25 00:15:43]   ↳ 已存在，跳過 (Rhine-Flowers.html)
[2026-08-25 00:15:43]   ↳ 已存在，跳過 (Rhine-Flowers.html)
[2026-08-25 00:15:43] [62/78] 香港花店｜網上訂花及送花｜Gift Flowers HK | https://giftflowers.com.hk/cn/
[2026-08-25 00:15:43] [62/78] 香港花店｜網上訂花及送花｜Gift Flowers HK | https://giftflowers.com.hk/cn/
[2026-08-25 00:15:43]   ↳ 已存在，跳過 (香港花店網上訂花及送花Gift-Flowers-HK.html)
[2026-08-25 00:15:43]   ↳ 已存在，跳過 (香港花店網上訂花及送花Gift-Flowers-HK.html)
[2026-08-25 00:15:43] [63/78] Flora Floriculture - 花店 | https://www.floraf.com.hk/
[2026-08-25 00:15:43] [63/78] Flora Floriculture - 花店 | https://www.floraf.com.hk/
[2026-08-25 00:15:43]   ↳ 已存在，跳過 (Flora-Floriculture---花店.html)
[2026-08-25 00:15:43]   ↳ 已存在，跳過 (Flora-Floriculture---花店.html)
[2026-08-25 00:15:43] [64/78] 香港花店 | https://www.mrsliuflorist.com/
[2026-08-25 00:15:43] [64/78] 香港花店 | https://www.mrsliuflorist.com/
[2026-08-25 00:15:43]   ↳ 已存在，跳過 (香港花店.html)
[2026-08-25 00:15:43]   ↳ 已存在，跳過 (香港花店.html)
[2026-08-25 00:15:43] [65/78] 網上花店| 網上訂花 | 即日送花 | HKfashop | https://hkfashop.com/
[2026-08-25 00:15:43] [65/78] 網上花店| 網上訂花 | 即日送花 | HKfashop | https://hkfashop.com/
[2026-08-25 00:15:43]   ↳ 已存在，跳過 (網上花店-網上訂花-即日送花-HKfashop.html)
[2026-08-25 00:15:43]   ↳ 已存在，跳過 (網上花店-網上訂花-即日送花-HKfashop.html)
[2026-08-25 00:15:43] [66/78] 【 送花】 ｜訂花｜Flowerbee Florist訂花束 | https://flowerbee-hk.com/zh
[2026-08-25 00:15:43] [66/78] 【 送花】 ｜訂花｜Flowerbee Florist訂花束 | https://flowerbee-hk.com/zh
[2026-08-25 00:15:43]   ↳ 已存在，跳過 (送花-訂花Flowerbee-Florist訂花束---Flowerbee-HK-Florist.html)
[2026-08-25 00:15:43]   ↳ 已存在，跳過 (送花-訂花Flowerbee-Florist訂花束---Flowerbee-HK-Florist.html)
[2026-08-25 00:15:43] [67/78] 花點時間｜香港旺角花墟實體花店：24小時訂花、鮮花花束、開張 | https://www.reflower.com.hk/
[2026-08-25 00:15:43] [67/78] 花點時間｜香港旺角花墟實體花店：24小時訂花、鮮花花束、開張 | https://www.reflower.com.hk/
[2026-08-25 00:15:43]   ↳ 已存在，跳過 (花點時間香港旺角花墟實體花店24小時訂花鮮花花束開張花籃鮮花批發---花點時間-Reflower.html)
[2026-08-25 00:15:43]   ↳ 已存在，跳過 (花點時間香港旺角花墟實體花店24小時訂花鮮花花束開張花籃鮮花批發---花點時間-Reflower.html)
[2026-08-25 00:15:43] [68/78] 香港花店- 首頁花店推薦 - 我們代表和倡導位於香港島、九龍 | https://zh-hk.hk-florist.org/
[2026-08-25 00:15:43] [68/78] 香港花店- 首頁花店推薦 - 我們代表和倡導位於香港島、九龍 | https://zh-hk.hk-florist.org/
[2026-08-25 00:15:43]   ↳ 已存在，跳過 (香港花店--首頁花店推薦---我們代表和倡導位於香港島九龍和新界的花店以及在線花店和鮮花配送公司.html)
[2026-08-25 00:15:43]   ↳ 已存在，跳過 (香港花店--首頁花店推薦---我們代表和倡導位於香港島九龍和新界的花店以及在線花店和鮮花配送公司.html)
[2026-08-25 00:15:43] [69/78] 有花漾 ZH Flowers | https://www.zh-flowers.com/
[2026-08-25 00:15:43] [69/78] 有花漾 ZH Flowers | https://www.zh-flowers.com/
[2026-08-25 00:15:43]   ↳ 已存在，跳過 (有花漾-ZH-Flowers.html)
[2026-08-25 00:15:43]   ↳ 已存在，跳過 (有花漾-ZH-Flowers.html)
[2026-08-25 00:15:43] [70/78] 花店花生花華 | FaSunflower Florist | https://www.fasunflower.com/
[2026-08-25 00:15:43] [70/78] 花店花生花華 | FaSunflower Florist | https://www.fasunflower.com/
[2026-08-25 00:15:43]   ↳ 已存在，跳過 (花店花生花華-FaSunflower-Florist.html)
[2026-08-25 00:15:43]   ↳ 已存在，跳過 (花店花生花華-FaSunflower-Florist.html)
[2026-08-25 00:15:43] [71/78] 格蘭花店 Grand Floral & Gift Shop | https://grand.com.hk/
[2026-08-25 00:15:43] [71/78] 格蘭花店 Grand Floral & Gift Shop | https://grand.com.hk/
[2026-08-25 00:15:43]   ↳ 已存在，跳過 (格蘭花店-Grand-Floral--Gift-Shop.html)
[2026-08-25 00:15:43]   ↳ 已存在，跳過 (格蘭花店-Grand-Floral--Gift-Shop.html)
[2026-08-25 00:15:43] [72/78] WHY Studio - 上環證件相｜學生相｜專業形象照 | https://www.whystudiohk.com/
[2026-08-25 00:15:43] [72/78] WHY Studio - 上環證件相｜學生相｜專業形象照 | https://www.whystudiohk.com/
[2026-08-25 00:15:43]   ↳ 已存在，跳過 (WHY-Studio---上環證件相學生相專業形象照.html)
[2026-08-25 00:15:43]   ↳ 已存在，跳過 (WHY-Studio---上環證件相學生相專業形象照.html)
[2026-08-25 00:15:43] [73/78] Cat Watt 晴珊猫舎 | http://www.catwatt.com/
[2026-08-25 00:15:43] [73/78] Cat Watt 晴珊猫舎 | http://www.catwatt.com/
[2026-08-25 00:15:43]   ↳ 已存在，跳過 (Cat-Watt-晴珊猫舎.html)
[2026-08-25 00:15:43]   ↳ 已存在，跳過 (Cat-Watt-晴珊猫舎.html)
[2026-08-25 00:15:43] [74/78] 牙齒矯正及兒童齒科中心 (旺角朗豪坊) | Orthodon | https://www.ortho-center.com/
[2026-08-25 00:15:43] [74/78] 牙齒矯正及兒童齒科中心 (旺角朗豪坊) | Orthodon | https://www.ortho-center.com/
[2026-08-25 00:15:43]   ↳ 已存在，跳過 (牙齒矯正及兒童齒科中心-旺角朗豪坊-Orthodontic--Childrens-Dental-Center-Langh.html)
[2026-08-25 00:15:43]   ↳ 已存在，跳過 (牙齒矯正及兒童齒科中心-旺角朗豪坊-Orthodontic--Childrens-Dental-Center-Langh.html)
[2026-08-25 00:15:43] [75/78] HALO Flowers | https://haloflowers.com.hk/zh-hant/
[2026-08-25 00:15:43] [75/78] HALO Flowers | https://haloflowers.com.hk/zh-hant/
[2026-08-25 00:15:43]   ↳ 已存在，跳過 (HALO-Flowers.html)
[2026-08-25 00:15:43]   ↳ 已存在，跳過 (HALO-Flowers.html)
[2026-08-25 00:15:43] [76/78] Pettington 柏靈頓獸醫寵物用品 | https://www.pettington.com/
[2026-08-25 00:15:43] [76/78] Pettington 柏靈頓獸醫寵物用品 | https://www.pettington.com/
[2026-08-25 00:15:43]   ↳ 已存在，跳過 (Pettington-柏靈頓獸醫寵物用品.html)
[2026-08-25 00:15:43]   ↳ 已存在，跳過 (Pettington-柏靈頓獸醫寵物用品.html)
[2026-08-25 00:15:43] [77/78] 皓保牙科診所 Craft Smile Dental Cent | https://zh.drchrischeung.com/
[2026-08-25 00:15:43] [77/78] 皓保牙科診所 Craft Smile Dental Cent | https://zh.drchrischeung.com/
[2026-08-25 00:15:43]   ↳ 已存在，跳過 (皓保牙科診所-Craft-Smile-Dental-Center.html)
[2026-08-25 00:15:43]   ↳ 已存在，跳過 (皓保牙科診所-Craft-Smile-Dental-Center.html)
[2026-08-25 00:15:43] [78/78] Toyota Kowloon Bay Service Cen | https://www.toyota.com.hk/?utm_campaign=gmb&utm_medium=organic&utm_source=local
[2026-08-25 00:15:43] [78/78] Toyota Kowloon Bay Service Cen | https://www.toyota.com.hk/?utm_campaign=gmb&utm_medium=organic&utm_source=local
[2026-08-25 00:15:44]   ✓ 已儲存 Toyota-Kowloon-Bay-Service-Centre-Mechanical.html (181KB, requests 172341B)
[2026-08-25 00:15:44]   ✓ 已儲存 Toyota-Kowloon-Bay-Service-Centre-Mechanical.html (181KB, requests 172341B)
[2026-08-25 00:15:45] == 完成 ==
[2026-08-25 00:15:45] == 完成 ==
[2026-08-25 00:15:45] 成功 78 個，失敗 0 個
[2026-08-25 00:15:45] 成功 78 個，失敗 0 個

── 失敗清單 ──
[2026-08-25 00:15:45] == 開始為 0 間「沒網站但有聯絡」的商家建立一頁式網頁 → /home/ubuntu/.mok/html/project/MokCs ==
[2026-08-25 00:15:45] == 開始為 0 間「沒網站但有聯絡」的商家建立一頁式網頁 → /home/ubuntu/.mok/html/project/MokCs ==
[2026-08-25 00:15:45] == 一頁式網頁完成：0/0 ==
[2026-08-25 00:15:45] == 一頁式網頁完成：0/0 ==
[2026-08-25 00:43:20]   過濾：80 間 → 保留 80 間有 WhatsApp/Email 的商家
[2026-08-25 00:43:20]   過濾：80 間 → 保留 80 間有 WhatsApp/Email 的商家
[2026-08-25 00:43:20] == 開始克隆 80 個商家首頁 → /home/ubuntu/.mok/html/project/MokCs ==
[2026-08-25 00:43:20] == 開始克隆 80 個商家首頁 → /home/ubuntu/.mok/html/project/MokCs ==
[2026-08-25 00:43:20] [1/80] Hutong | https://hutong.com.hk/
[2026-08-25 00:43:20] [1/80] Hutong | https://hutong.com.hk/
[2026-08-25 00:43:20]   ↳ 已存在，跳過 (Hutong.html)
[2026-08-25 00:43:20]   ↳ 已存在，跳過 (Hutong.html)
[2026-08-25 00:43:20] [2/80] The Chairman Restaurant | https://www.thechairmangroup.com/
[2026-08-25 00:43:20] [2/80] The Chairman Restaurant | https://www.thechairmangroup.com/
[2026-08-25 00:43:20]   ↳ 已存在，跳過 (The-Chairman-Restaurant.html)
[2026-08-25 00:43:20]   ↳ 已存在，跳過 (The-Chairman-Restaurant.html)
[2026-08-25 00:43:20] [3/80] 南蛮亭香港店 | http://nanbantei.com.hk/
[2026-08-25 00:43:20] [3/80] 南蛮亭香港店 | http://nanbantei.com.hk/
[2026-08-25 00:43:20]   ↳ 已存在，跳過 (南蛮亭香港店.html)
[2026-08-25 00:43:20]   ↳ 已存在，跳過 (南蛮亭香港店.html)
[2026-08-25 00:43:20] [4/80] 添好運點心專賣店 | https://www.timhowan.com.hk/
[2026-08-25 00:43:20] [4/80] 添好運點心專賣店 | https://www.timhowan.com.hk/
[2026-08-25 00:43:20]   ↳ 已存在，跳過 (添好運點心專賣店.html)
[2026-08-25 00:43:20]   ↳ 已存在，跳過 (添好運點心專賣店.html)
[2026-08-25 00:43:20] [5/80] La Petite Maison (LPM) Hong Ko | https://lpmrestaurants.com/hongkong/
[2026-08-25 00:43:20] [5/80] La Petite Maison (LPM) Hong Ko | https://lpmrestaurants.com/hongkong/
[2026-08-25 00:43:20]   ↳ 已存在，跳過 (La-Petite-Maison-LPM-Hong-Kong.html)
[2026-08-25 00:43:20]   ↳ 已存在，跳過 (La-Petite-Maison-LPM-Hong-Kong.html)
[2026-08-25 00:43:20] [6/80] Glow Hong Kong | https://www.glowspa.hk/
[2026-08-25 00:43:20] [6/80] Glow Hong Kong | https://www.glowspa.hk/
[2026-08-25 00:43:20]   ↳ 已存在，跳過 (Glow-Hong-Kong.html)
[2026-08-25 00:43:20]   ↳ 已存在，跳過 (Glow-Hong-Kong.html)
[2026-08-25 00:43:20] [7/80] Mó The Slow Bloom | https://www.mo-hk.com/
[2026-08-25 00:43:20] [7/80] Mó The Slow Bloom | https://www.mo-hk.com/
[2026-08-25 00:43:20]   ↳ 已存在，跳過 (Mó-The-Slow-Bloom.html)
[2026-08-25 00:43:20]   ↳ 已存在，跳過 (Mó-The-Slow-Bloom.html)
[2026-08-25 00:43:20] [8/80] Lux Medical 医繊美 | https://www.luxbeauty.hk/
[2026-08-25 00:43:20] [8/80] Lux Medical 医繊美 | https://www.luxbeauty.hk/
[2026-08-25 00:43:20]   ↳ 已存在，跳過 (Lux-Medical-医繊美.html)
[2026-08-25 00:43:20]   ↳ 已存在，跳過 (Lux-Medical-医繊美.html)
[2026-08-25 00:43:20] [9/80] 114HAIR | http://www.114hair.com/
[2026-08-25 00:43:20] [9/80] 114HAIR | http://www.114hair.com/
[2026-08-25 00:43:20]   ↳ 已存在，跳過 (114HAIR.html)
[2026-08-25 00:43:20]   ↳ 已存在，跳過 (114HAIR.html)
[2026-08-25 00:43:20] [10/80] Love Hair | http://www.lovehairhk.com/
[2026-08-25 00:43:20] [10/80] Love Hair | http://www.lovehairhk.com/
[2026-08-25 00:43:20]   ↳ 已存在，跳過 (Love-Hair.html)
[2026-08-25 00:43:20]   ↳ 已存在，跳過 (Love-Hair.html)
[2026-08-25 00:43:20] [11/80] TONI&GUY HK | http://www.toniandguyhk.com/
[2026-08-25 00:43:20] [11/80] TONI&GUY HK | http://www.toniandguyhk.com/
[2026-08-25 00:43:20]   ↳ 已存在，跳過 (TONIGUY-HK.html)
[2026-08-25 00:43:20]   ↳ 已存在，跳過 (TONIGUY-HK.html)
[2026-08-25 00:43:20] [12/80] iMPROVE HAiR-尖沙咀salon 尖沙咀剪髮 尖沙 | http://www.ihair.com.hk/
[2026-08-25 00:43:20] [12/80] iMPROVE HAiR-尖沙咀salon 尖沙咀剪髮 尖沙 | http://www.ihair.com.hk/
[2026-08-25 00:43:20]   ↳ 已存在，跳過 (iMPROVE-HAiR-尖沙咀salon-尖沙咀剪髮-尖沙咀髮廊-尖沙咀中藥染髮-尖沙咀假髮-尖沙咀頭皮護理.html)
[2026-08-25 00:43:20]   ↳ 已存在，跳過 (iMPROVE-HAiR-尖沙咀salon-尖沙咀剪髮-尖沙咀髮廊-尖沙咀中藥染髮-尖沙咀假髮-尖沙咀頭皮護理.html)
[2026-08-25 00:43:20] [13/80] 金澱装修工程有限公司 | https://www.palaceengineeringltd.com/
[2026-08-25 00:43:20] [13/80] 金澱装修工程有限公司 | https://www.palaceengineeringltd.com/
[2026-08-25 00:43:20]   ↳ 已存在，跳過 (金澱装修工程有限公司.html)
[2026-08-25 00:43:20]   ↳ 已存在，跳過 (金澱装修工程有限公司.html)
[2026-08-25 00:43:20] [14/80] 鋒主義 - 室內設計公司 | 室內裝修工程 | 工期 報價  | https://www.fungstyle.com.hk/
[2026-08-25 00:43:20] [14/80] 鋒主義 - 室內設計公司 | 室內裝修工程 | 工期 報價  | https://www.fungstyle.com.hk/
[2026-08-25 00:43:20]   ↳ 已存在，跳過 (鋒主義---室內設計公司-室內裝修工程-工期-報價-服務-三大保證.html)
[2026-08-25 00:43:20]   ↳ 已存在，跳過 (鋒主義---室內設計公司-室內裝修工程-工期-報價-服務-三大保證.html)
[2026-08-25 00:43:20] [15/80] 装修兄弟 | http://www.renobro.com.hk/
[2026-08-25 00:43:20] [15/80] 装修兄弟 | http://www.renobro.com.hk/
[2026-08-25 00:43:20]   ↳ 已存在，跳過 (装修兄弟.html)
[2026-08-25 00:43:20]   ↳ 已存在，跳過 (装修兄弟.html)
[2026-08-25 00:43:20] [16/80] 居屋皇 House king | 香港室内設計及装修公司 | http://housekinghk.com/
[2026-08-25 00:43:20] [16/80] 居屋皇 House king | 香港室内設計及装修公司 | http://housekinghk.com/
[2026-08-25 00:43:20]   ↳ 已存在，跳過 (居屋皇-House-king-香港室内設計及装修公司.html)
[2026-08-25 00:43:20]   ↳ 已存在，跳過 (居屋皇-House-king-香港室内設計及装修公司.html)
[2026-08-25 00:43:20] [17/80] Toby 裝修設計平台｜免費裝修報價｜香港裝修公司及室內設計 | https://www.hellotoby.com/zh-hk/id
[2026-08-25 00:43:20] [17/80] Toby 裝修設計平台｜免費裝修報價｜香港裝修公司及室內設計 | https://www.hellotoby.com/zh-hk/id
[2026-08-25 00:43:20]   ↳ 已存在，跳過 (Toby-裝修設計平台免費裝修報價香港裝修公司及室內設計公司.html)
[2026-08-25 00:43:20]   ↳ 已存在，跳過 (Toby-裝修設計平台免費裝修報價香港裝修公司及室內設計公司.html)
[2026-08-25 00:43:20] [18/80] PET HK - Mid Levels Edition | http://pethk.com/
[2026-08-25 00:43:20] [18/80] PET HK - Mid Levels Edition | http://pethk.com/
[2026-08-25 00:43:20]   ↳ 已存在，跳過 (PET-HK---Mid-Levels-Edition.html)
[2026-08-25 00:43:20]   ↳ 已存在，跳過 (PET-HK---Mid-Levels-Edition.html)
[2026-08-25 00:43:20] [19/80] Ruff & Fetch 拉夫寵物生活 (佐敦 Jordan | http://www.ruffandfetch.com/
[2026-08-25 00:43:20] [19/80] Ruff & Fetch 拉夫寵物生活 (佐敦 Jordan | http://www.ruffandfetch.com/
[2026-08-25 00:43:20]   ↳ 已存在，跳過 (Ruff--Fetch-拉夫寵物生活-佐敦-Jordan.html)
[2026-08-25 00:43:20]   ↳ 已存在，跳過 (Ruff--Fetch-拉夫寵物生活-佐敦-Jordan.html)
[2026-08-25 00:43:20] [20/80] HKTA香港導師会 | https://www.hkta.edu.hk/
[2026-08-25 00:43:20] [20/80] HKTA香港導師会 | https://www.hkta.edu.hk/
[2026-08-25 00:43:20]   ↳ 已存在，跳過 (HKTA香港導師会.html)
[2026-08-25 00:43:20]   ↳ 已存在，跳過 (HKTA香港導師会.html)
[2026-08-25 00:43:20] [21/80] 騎士数学 Knight Mathematics - Band | https://knightmaths.edu.hk/
[2026-08-25 00:43:20] [21/80] 騎士数学 Knight Mathematics - Band | https://knightmaths.edu.hk/
[2026-08-25 00:43:20]   ↳ 已存在，跳過 (騎士数学-Knight-Mathematics---Band-1-DSE-数学補習社.html)
[2026-08-25 00:43:20]   ↳ 已存在，跳過 (騎士数学-Knight-Mathematics---Band-1-DSE-数学補習社.html)
[2026-08-25 00:43:20] [22/80] 香港文化教育中心 | https://docs.google.com/forms/d/e/1FAIpQLSdjgsQlR4w8ZgKgE9RgAUPsPwrZzAZpo5SCULDDOgygEdeDnQ/viewform
[2026-08-25 00:43:20] [22/80] 香港文化教育中心 | https://docs.google.com/forms/d/e/1FAIpQLSdjgsQlR4w8ZgKgE9RgAUPsPwrZzAZpo5SCULDDOgygEdeDnQ/viewform
[2026-08-25 00:43:20]   ↳ 已存在，跳過 (香港文化教育中心.html)
[2026-08-25 00:43:20]   ↳ 已存在，跳過 (香港文化教育中心.html)
[2026-08-25 00:43:20] [23/80] GETUTOR 香港導師総会｜上門補習中介平台｜私補導師推介 | https://www.getutor.com.hk/
[2026-08-25 00:43:20] [23/80] GETUTOR 香港導師総会｜上門補習中介平台｜私補導師推介 | https://www.getutor.com.hk/
[2026-08-25 00:43:20]   ↳ 已存在，跳過 (GETUTOR-香港導師総会上門補習中介平台私補導師推介Private-Tutors-AgencyIB-IGCSE-A.html)
[2026-08-25 00:43:20]   ↳ 已存在，跳過 (GETUTOR-香港導師総会上門補習中介平台私補導師推介Private-Tutors-AgencyIB-IGCSE-A.html)
[2026-08-25 00:43:20] [24/80] 英博教学中心 - 数学中文英文補習 - 中小学補習社 | https://eplc.edu.hk/
[2026-08-25 00:43:20] [24/80] 英博教学中心 - 数学中文英文補習 - 中小学補習社 | https://eplc.edu.hk/
[2026-08-25 00:43:20]   ↳ 已存在，跳過 (英博教学中心---数学中文英文補習---中小学補習社.html)
[2026-08-25 00:43:20]   ↳ 已存在，跳過 (英博教学中心---数学中文英文補習---中小学補習社.html)
[2026-08-25 00:43:20] [25/80] 進研教育 - 英文中文数学補習社 | https://joinin-education.com/
[2026-08-25 00:43:20] [25/80] 進研教育 - 英文中文数学補習社 | https://joinin-education.com/
[2026-08-25 00:43:20]   ↳ 已存在，跳過 (進研教育---英文中文数学補習社.html)
[2026-08-25 00:43:20]   ↳ 已存在，跳過 (進研教育---英文中文数学補習社.html)
[2026-08-25 00:43:20] [26/80] 學斯教育(灣仔) | http://hoksi-edu.com/
[2026-08-25 00:43:20] [26/80] 學斯教育(灣仔) | http://hoksi-edu.com/
[2026-08-25 00:43:20]   ↳ 已存在，跳過 (學斯教育灣仔.html)
[2026-08-25 00:43:20]   ↳ 已存在，跳過 (學斯教育灣仔.html)
[2026-08-25 00:43:20] [27/80] 補習社｜学博教育 Learn Smart Education | https://learnsmart.edu.hk/
[2026-08-25 00:43:20] [27/80] 補習社｜学博教育 Learn Smart Education | https://learnsmart.edu.hk/
[2026-08-25 00:43:20]   ↳ 已存在，跳過 (補習社学博教育-Learn-Smart-Education.html)
[2026-08-25 00:43:20]   ↳ 已存在，跳過 (補習社学博教育-Learn-Smart-Education.html)
[2026-08-25 00:43:20] [28/80] 24/7 Fitness Central | http://247.fitness/
[2026-08-25 00:43:20] [28/80] 24/7 Fitness Central | http://247.fitness/
[2026-08-25 00:43:20]   ↳ 已存在，跳過 (24-7-Fitness-Central.html)
[2026-08-25 00:43:20]   ↳ 已存在，跳過 (24-7-Fitness-Central.html)
[2026-08-25 00:43:20] [29/80] 啓弘牙科（旺角店）丨九龍/旺角牙医/智慧歯/箍牙/隠式美/全 | https://omnesdental.com/
[2026-08-25 00:43:20] [29/80] 啓弘牙科（旺角店）丨九龍/旺角牙医/智慧歯/箍牙/隠式美/全 | https://omnesdental.com/
[2026-08-25 00:43:20]   ↳ 已存在，跳過 (啓弘牙科旺角店丨九龍-旺角牙医-智慧歯-箍牙-隠式美-全方位牙科服務-専業治療牙痛-種植牙-補牙-剥牙-洗牙.html)
[2026-08-25 00:43:20]   ↳ 已存在，跳過 (啓弘牙科旺角店丨九龍-旺角牙医-智慧歯-箍牙-隠式美-全方位牙科服務-専業治療牙痛-種植牙-補牙-剥牙-洗牙.html)
[2026-08-25 00:43:20] [30/80] Smith & Jain Dentists 史密夫和鄭牙醫診 | https://smithandjaindentists.com/
[2026-08-25 00:43:20] [30/80] Smith & Jain Dentists 史密夫和鄭牙醫診 | https://smithandjaindentists.com/
[2026-08-25 00:43:20]   ↳ 已存在，跳過 (Smith--Jain-Dentists-史密夫和鄭牙醫診所.html)
[2026-08-25 00:43:20]   ↳ 已存在，跳過 (Smith--Jain-Dentists-史密夫和鄭牙醫診所.html)
[2026-08-25 00:43:20] [31/80] Home Dental (Tsim Sha Tsui Bra | https://homedentalhk.com/cn/contact-us/tst
[2026-08-25 00:43:20] [31/80] Home Dental (Tsim Sha Tsui Bra | https://homedentalhk.com/cn/contact-us/tst
[2026-08-25 00:43:20]   ↳ 已存在，跳過 (Home-Dental-Tsim-Sha-Tsui-Branch.html)
[2026-08-25 00:43:20]   ↳ 已存在，跳過 (Home-Dental-Tsim-Sha-Tsui-Branch.html)
[2026-08-25 00:43:20] [32/80] 伍裕彤牙医 | https://trucaredental.hk/
[2026-08-25 00:43:20] [32/80] 伍裕彤牙医 | https://trucaredental.hk/
[2026-08-25 00:43:20]   ↳ 已存在，跳過 (伍裕彤牙医.html)
[2026-08-25 00:43:20]   ↳ 已存在，跳過 (伍裕彤牙医.html)
[2026-08-25 00:43:20] [33/80] Home Dental | https://homedentalhk.com/cn/contact-us/cwb
[2026-08-25 00:43:20] [33/80] Home Dental | https://homedentalhk.com/cn/contact-us/cwb
[2026-08-25 00:43:20]   ↳ 已存在，跳過 (Home-Dental.html)
[2026-08-25 00:43:20]   ↳ 已存在，跳過 (Home-Dental.html)
[2026-08-25 00:43:20] [34/80] T.O.P Dental by Family Smile L | http://www.topdental.hk/
[2026-08-25 00:43:20] [34/80] T.O.P Dental by Family Smile L | http://www.topdental.hk/
[2026-08-25 00:43:20]   ↳ 已存在，跳過 (T.O.P-Dental-by-Family-Smile-Ltd-香港牙科醫療集團-旺角太子牙醫中心.html)
[2026-08-25 00:43:20]   ↳ 已存在，跳過 (T.O.P-Dental-by-Family-Smile-Ltd-香港牙科醫療集團-旺角太子牙醫中心.html)
[2026-08-25 00:43:20] [35/80] Metro Dental 城健総合牙科医療中心 | https://www.metrodental.com.hk/
[2026-08-25 00:43:20] [35/80] Metro Dental 城健総合牙科医療中心 | https://www.metrodental.com.hk/
[2026-08-25 00:43:20]   ↳ 已存在，跳過 (Metro-Dental-城健総合牙科医療中心.html)
[2026-08-25 00:43:20]   ↳ 已存在，跳過 (Metro-Dental-城健総合牙科医療中心.html)
[2026-08-25 00:43:20] [36/80] 大国手 汽車車身維修 Grand Tycoon Automo | http://grandtycoon.com/
[2026-08-25 00:43:20] [36/80] 大国手 汽車車身維修 Grand Tycoon Automo | http://grandtycoon.com/
[2026-08-25 00:43:20]   ↳ 已存在，跳過 (大国手-汽車車身維修-Grand-Tycoon-Automotive-Repair-Shop.html)
[2026-08-25 00:43:20]   ↳ 已存在，跳過 (大国手-汽車車身維修-Grand-Tycoon-Automotive-Repair-Shop.html)
[2026-08-25 00:43:20] [37/80] AutoMate | Sham Shui Po Shop | https://www.automate-app.com/auto-shop
[2026-08-25 00:43:20] [37/80] AutoMate | Sham Shui Po Shop | https://www.automate-app.com/auto-shop
[2026-08-25 00:43:20]   ↳ 已存在，跳過 (AutoMate-Sham-Shui-Po-Shop.html)
[2026-08-25 00:43:20]   ↳ 已存在，跳過 (AutoMate-Sham-Shui-Po-Shop.html)
[2026-08-25 00:43:20] [38/80] Carol Garage Limited | http://www.carolgarage.com.hk/
[2026-08-25 00:43:20] [38/80] Carol Garage Limited | http://www.carolgarage.com.hk/
[2026-08-25 00:43:20]   ↳ 已存在，跳過 (Carol-Garage-Limited.html)
[2026-08-25 00:43:20]   ↳ 已存在，跳過 (Carol-Garage-Limited.html)
[2026-08-25 00:43:20] [39/80] 八方汽車 | Power Moto Limited | http://www.power-moto.hk/
[2026-08-25 00:43:20] [39/80] 八方汽車 | Power Moto Limited | http://www.power-moto.hk/
[2026-08-25 00:43:20]   ↳ 已存在，跳過 (八方汽車-Power-Moto-Limited.html)
[2026-08-25 00:43:20]   ↳ 已存在，跳過 (八方汽車-Power-Moto-Limited.html)
[2026-08-25 00:43:20] [40/80] Flow & Roll Laundry 自助洗衣 (中環 C | https://flowandroll.com/
[2026-08-25 00:43:20] [40/80] Flow & Roll Laundry 自助洗衣 (中環 C | https://flowandroll.com/
[2026-08-25 00:43:20]   ↳ 已存在，跳過 (Flow--Roll-Laundry-自助洗衣-中環-Central.html)
[2026-08-25 00:43:20]   ↳ 已存在，跳過 (Flow--Roll-Laundry-自助洗衣-中環-Central.html)
[2026-08-25 00:43:20] [41/80] 初洗 First Laundry 觀塘24小時自助洗衣店 | https://wa.me/85268716550
[2026-08-25 00:43:20] [41/80] 初洗 First Laundry 觀塘24小時自助洗衣店 | https://wa.me/85268716550
[2026-08-25 00:43:20]   ↳ 已存在，跳過 (初洗-First-Laundry-觀塘24小時自助洗衣店.html)
[2026-08-25 00:43:20]   ↳ 已存在，跳過 (初洗-First-Laundry-觀塘24小時自助洗衣店.html)
[2026-08-25 00:43:20] [42/80] 水漾衣坊 water laundry | https://whalewashmk.hk/
[2026-08-25 00:43:20] [42/80] 水漾衣坊 water laundry | https://whalewashmk.hk/
[2026-08-25 00:43:20]   ↳ 已存在，跳過 (水漾衣坊-water-laundry.html)
[2026-08-25 00:43:20]   ↳ 已存在，跳過 (水漾衣坊-water-laundry.html)
[2026-08-25 00:43:20] [43/80] FLORISTRY by ART OF LIVING | http://www.floristrybyartofliving.com/
[2026-08-25 00:43:20] [43/80] FLORISTRY by ART OF LIVING | http://www.floristrybyartofliving.com/
[2026-08-25 00:43:20]   ↳ 已存在，跳過 (FLORISTRY-by-ART-OF-LIVING.html)
[2026-08-25 00:43:20]   ↳ 已存在，跳過 (FLORISTRY-by-ART-OF-LIVING.html)
[2026-08-25 00:43:20] [44/80] 花籃 450 - Flower 450 | https://flower450.com/
[2026-08-25 00:43:20] [44/80] 花籃 450 - Flower 450 | https://flower450.com/
[2026-08-25 00:43:20]   ↳ 已存在，跳過 (花籃-450---Flower-450.html)
[2026-08-25 00:43:20]   ↳ 已存在，跳過 (花籃-450---Flower-450.html)
[2026-08-25 00:43:20] [45/80] 優之花鋪-U Flower Shop | https://www.uflowershop.com/
[2026-08-25 00:43:20] [45/80] 優之花鋪-U Flower Shop | https://www.uflowershop.com/
[2026-08-25 00:43:20]   ↳ 已存在，跳過 (優之花鋪-U-Flower-Shop.html)
[2026-08-25 00:43:20]   ↳ 已存在，跳過 (優之花鋪-U-Flower-Shop.html)
[2026-08-25 00:43:20] [46/80] Eternal Flora hk | https://www.eternalflorahk.com/
[2026-08-25 00:43:20] [46/80] Eternal Flora hk | https://www.eternalflorahk.com/
[2026-08-25 00:43:20]   ↳ 已存在，跳過 (Eternal-Flora-hk.html)
[2026-08-25 00:43:20]   ↳ 已存在，跳過 (Eternal-Flora-hk.html)
[2026-08-25 00:43:20] [47/80] FDHK - Flower Delivery Hong Ko | https://flowerdeliveryhongkong.com/
[2026-08-25 00:43:20] [47/80] FDHK - Flower Delivery Hong Ko | https://flowerdeliveryhongkong.com/
[2026-08-25 00:43:20]   ↳ 已存在，跳過 (FDHK---Flower-Delivery-Hong-Kong.html)
[2026-08-25 00:43:20]   ↳ 已存在，跳過 (FDHK---Flower-Delivery-Hong-Kong.html)
[2026-08-25 00:43:20] [48/80] Joseph Photo 香港專業攝影工作室 | https://josephphoto.hk/
[2026-08-25 00:43:20] [48/80] Joseph Photo 香港專業攝影工作室 | https://josephphoto.hk/
[2026-08-25 00:43:20]   ↳ 已存在，跳過 (Joseph-Photo-香港專業攝影工作室.html)
[2026-08-25 00:43:20]   ↳ 已存在，跳過 (Joseph-Photo-香港專業攝影工作室.html)
[2026-08-25 00:43:20] [49/80] Majesty Professional Photo殿堂館- | https://www.majestyprofessional.com/
[2026-08-25 00:43:20] [49/80] Majesty Professional Photo殿堂館- | https://www.majestyprofessional.com/
[2026-08-25 00:43:20]   ↳ 已存在，跳過 (Majesty-Professional-Photo殿堂館-專業照首選.html)
[2026-08-25 00:43:20]   ↳ 已存在，跳過 (Majesty-Professional-Photo殿堂館-專業照首選.html)
[2026-08-25 00:43:20] [50/80] Owl Photo Studio 貓頭鷹照相館 | https://www.owlphoto.hk/
[2026-08-25 00:43:20] [50/80] Owl Photo Studio 貓頭鷹照相館 | https://www.owlphoto.hk/
[2026-08-25 00:43:20]   ↳ 已存在，跳過 (Owl-Photo-Studio-貓頭鷹照相館.html)
[2026-08-25 00:43:20]   ↳ 已存在，跳過 (Owl-Photo-Studio-貓頭鷹照相館.html)
[2026-08-25 00:43:20] [51/80] Yat Tung Heen - Eaton HK | https://www.yattungheen.com/
[2026-08-25 00:43:20] [51/80] Yat Tung Heen - Eaton HK | https://www.yattungheen.com/
[2026-08-25 00:43:20]   ↳ 已存在，跳過 (Yat-Tung-Heen---Eaton-HK.html)
[2026-08-25 00:43:20]   ↳ 已存在，跳過 (Yat-Tung-Heen---Eaton-HK.html)
[2026-08-25 00:43:20] [52/80] Hair Quest Hair salon Central | https://www.hairquest-hk.com/
[2026-08-25 00:43:20] [52/80] Hair Quest Hair salon Central | https://www.hairquest-hk.com/
[2026-08-25 00:43:20]   ↳ 已存在，跳過 (Hair-Quest-Hair-salon-Central.html)
[2026-08-25 00:43:20]   ↳ 已存在，跳過 (Hair-Quest-Hair-salon-Central.html)
[2026-08-25 00:43:20] [53/80] 天下猫猫一様猫 | https://www.catiscat.com.hk/
[2026-08-25 00:43:20] [53/80] 天下猫猫一様猫 | https://www.catiscat.com.hk/
[2026-08-25 00:43:20]   ↳ 已存在，跳過 (天下猫猫一様猫.html)
[2026-08-25 00:43:20]   ↳ 已存在，跳過 (天下猫猫一様猫.html)
[2026-08-25 00:43:20] [54/80] Bora beauty | https://bora.hk/
[2026-08-25 00:43:20] [54/80] Bora beauty | https://bora.hk/
[2026-08-25 00:43:20]   ↳ 已存在，跳過 (Bora-beauty.html)
[2026-08-25 00:43:20]   ↳ 已存在，跳過 (Bora-beauty.html)
[2026-08-25 00:43:20] [55/80] Dream Scenes Studio | http://dreamscenesstudio.com/
[2026-08-25 00:43:20] [55/80] Dream Scenes Studio | http://dreamscenesstudio.com/
[2026-08-25 00:43:20]   ↳ 已存在，跳過 (Dream-Scenes-Studio.html)
[2026-08-25 00:43:20]   ↳ 已存在，跳過 (Dream-Scenes-Studio.html)
[2026-08-25 00:43:20] [56/80] Dazzling Smile Dental Clinic 瑩 | https://dazzlingsmiledentalclinic.com/
[2026-08-25 00:43:20] [56/80] Dazzling Smile Dental Clinic 瑩 | https://dazzlingsmiledentalclinic.com/
[2026-08-25 00:43:20]   ↳ 已存在，跳過 (Dazzling-Smile-Dental-Clinic-瑩恩牙科診所.html)
[2026-08-25 00:43:20]   ↳ 已存在，跳過 (Dazzling-Smile-Dental-Clinic-瑩恩牙科診所.html)
[2026-08-25 00:43:20] [57/80] Family Smile Limited | http://www.familysmile.hk/
[2026-08-25 00:43:20] [57/80] Family Smile Limited | http://www.familysmile.hk/
[2026-08-25 00:43:20]   ↳ 已存在，跳過 (Family-Smile-Limited.html)
[2026-08-25 00:43:20]   ↳ 已存在，跳過 (Family-Smile-Limited.html)
[2026-08-25 00:43:20] [58/80] INDULGENCE hair & beauty salon | http://www.indulgence.hk/
[2026-08-25 00:43:20] [58/80] INDULGENCE hair & beauty salon | http://www.indulgence.hk/
[2026-08-25 00:43:20]   ↳ 已存在，跳過 (INDULGENCE-hair--beauty-salon.html)
[2026-08-25 00:43:20]   ↳ 已存在，跳過 (INDULGENCE-hair--beauty-salon.html)
[2026-08-25 00:43:20] [59/80] 花店 | 花束專家 | https://www.flowerbouquet.com.hk/
[2026-08-25 00:43:20] [59/80] 花店 | 花束專家 | https://www.flowerbouquet.com.hk/
[2026-08-25 00:43:20]   ↳ 已存在，跳過 (花店-花束專家.html)
[2026-08-25 00:43:20]   ↳ 已存在，跳過 (花店-花束專家.html)
[2026-08-25 00:43:20] [60/80] 網上訂花 ‧ 送花香港 | Fdhk 最高評分即日網上花店 | https://flowerdeliveryhongkong.com/zh
[2026-08-25 00:43:20] [60/80] 網上訂花 ‧ 送花香港 | Fdhk 最高評分即日網上花店 | https://flowerdeliveryhongkong.com/zh
[2026-08-25 00:43:20]   ↳ 已存在，跳過 (網上訂花--送花香港-Fdhk-最高評分即日網上花店.html)
[2026-08-25 00:43:20]   ↳ 已存在，跳過 (網上訂花--送花香港-Fdhk-最高評分即日網上花店.html)
[2026-08-25 00:43:20] [61/80] Rhine Flowers | https://rhineflowers.com/
[2026-08-25 00:43:20] [61/80] Rhine Flowers | https://rhineflowers.com/
[2026-08-25 00:43:20]   ↳ 已存在，跳過 (Rhine-Flowers.html)
[2026-08-25 00:43:20]   ↳ 已存在，跳過 (Rhine-Flowers.html)
[2026-08-25 00:43:20] [62/80] 香港花店｜網上訂花及送花｜Gift Flowers HK | https://giftflowers.com.hk/cn/
[2026-08-25 00:43:20] [62/80] 香港花店｜網上訂花及送花｜Gift Flowers HK | https://giftflowers.com.hk/cn/
[2026-08-25 00:43:20]   ↳ 已存在，跳過 (香港花店網上訂花及送花Gift-Flowers-HK.html)
[2026-08-25 00:43:20]   ↳ 已存在，跳過 (香港花店網上訂花及送花Gift-Flowers-HK.html)
[2026-08-25 00:43:20] [63/80] Flora Floriculture - 花店 | https://www.floraf.com.hk/
[2026-08-25 00:43:20] [63/80] Flora Floriculture - 花店 | https://www.floraf.com.hk/
[2026-08-25 00:43:20]   ↳ 已存在，跳過 (Flora-Floriculture---花店.html)
[2026-08-25 00:43:20]   ↳ 已存在，跳過 (Flora-Floriculture---花店.html)
[2026-08-25 00:43:20] [64/80] 香港花店 | https://www.mrsliuflorist.com/
[2026-08-25 00:43:20] [64/80] 香港花店 | https://www.mrsliuflorist.com/
[2026-08-25 00:43:20]   ↳ 已存在，跳過 (香港花店.html)
[2026-08-25 00:43:20]   ↳ 已存在，跳過 (香港花店.html)
[2026-08-25 00:43:20] [65/80] 網上花店| 網上訂花 | 即日送花 | HKfashop | https://hkfashop.com/
[2026-08-25 00:43:20] [65/80] 網上花店| 網上訂花 | 即日送花 | HKfashop | https://hkfashop.com/
[2026-08-25 00:43:20]   ↳ 已存在，跳過 (網上花店-網上訂花-即日送花-HKfashop.html)
[2026-08-25 00:43:20]   ↳ 已存在，跳過 (網上花店-網上訂花-即日送花-HKfashop.html)
[2026-08-25 00:43:20] [66/80] 【 送花】 ｜訂花｜Flowerbee Florist訂花束 | https://flowerbee-hk.com/zh
[2026-08-25 00:43:20] [66/80] 【 送花】 ｜訂花｜Flowerbee Florist訂花束 | https://flowerbee-hk.com/zh
[2026-08-25 00:43:20]   ↳ 已存在，跳過 (送花-訂花Flowerbee-Florist訂花束---Flowerbee-HK-Florist.html)
[2026-08-25 00:43:20]   ↳ 已存在，跳過 (送花-訂花Flowerbee-Florist訂花束---Flowerbee-HK-Florist.html)
[2026-08-25 00:43:20] [67/80] 花點時間｜香港旺角花墟實體花店：24小時訂花、鮮花花束、開張 | https://www.reflower.com.hk/
[2026-08-25 00:43:20] [67/80] 花點時間｜香港旺角花墟實體花店：24小時訂花、鮮花花束、開張 | https://www.reflower.com.hk/
[2026-08-25 00:43:20]   ↳ 已存在，跳過 (花點時間香港旺角花墟實體花店24小時訂花鮮花花束開張花籃鮮花批發---花點時間-Reflower.html)
[2026-08-25 00:43:20]   ↳ 已存在，跳過 (花點時間香港旺角花墟實體花店24小時訂花鮮花花束開張花籃鮮花批發---花點時間-Reflower.html)
[2026-08-25 00:43:20] [68/80] 香港花店- 首頁花店推薦 - 我們代表和倡導位於香港島、九龍 | https://zh-hk.hk-florist.org/
[2026-08-25 00:43:20] [68/80] 香港花店- 首頁花店推薦 - 我們代表和倡導位於香港島、九龍 | https://zh-hk.hk-florist.org/
[2026-08-25 00:43:20]   ↳ 已存在，跳過 (香港花店--首頁花店推薦---我們代表和倡導位於香港島九龍和新界的花店以及在線花店和鮮花配送公司.html)
[2026-08-25 00:43:20]   ↳ 已存在，跳過 (香港花店--首頁花店推薦---我們代表和倡導位於香港島九龍和新界的花店以及在線花店和鮮花配送公司.html)
[2026-08-25 00:43:20] [69/80] 有花漾 ZH Flowers | https://www.zh-flowers.com/
[2026-08-25 00:43:20] [69/80] 有花漾 ZH Flowers | https://www.zh-flowers.com/
[2026-08-25 00:43:20]   ↳ 已存在，跳過 (有花漾-ZH-Flowers.html)
[2026-08-25 00:43:20]   ↳ 已存在，跳過 (有花漾-ZH-Flowers.html)
[2026-08-25 00:43:20] [70/80] 花店花生花華 | FaSunflower Florist | https://www.fasunflower.com/
[2026-08-25 00:43:20] [70/80] 花店花生花華 | FaSunflower Florist | https://www.fasunflower.com/
[2026-08-25 00:43:20]   ↳ 已存在，跳過 (花店花生花華-FaSunflower-Florist.html)
[2026-08-25 00:43:20]   ↳ 已存在，跳過 (花店花生花華-FaSunflower-Florist.html)
[2026-08-25 00:43:20] [71/80] 格蘭花店 Grand Floral & Gift Shop | https://grand.com.hk/
[2026-08-25 00:43:20] [71/80] 格蘭花店 Grand Floral & Gift Shop | https://grand.com.hk/
[2026-08-25 00:43:20]   ↳ 已存在，跳過 (格蘭花店-Grand-Floral--Gift-Shop.html)
[2026-08-25 00:43:20]   ↳ 已存在，跳過 (格蘭花店-Grand-Floral--Gift-Shop.html)
[2026-08-25 00:43:20] [72/80] WHY Studio - 上環證件相｜學生相｜專業形象照 | https://www.whystudiohk.com/
[2026-08-25 00:43:20] [72/80] WHY Studio - 上環證件相｜學生相｜專業形象照 | https://www.whystudiohk.com/
[2026-08-25 00:43:20]   ↳ 已存在，跳過 (WHY-Studio---上環證件相學生相專業形象照.html)
[2026-08-25 00:43:20]   ↳ 已存在，跳過 (WHY-Studio---上環證件相學生相專業形象照.html)
[2026-08-25 00:43:20] [73/80] Cat Watt 晴珊猫舎 | http://www.catwatt.com/
[2026-08-25 00:43:20] [73/80] Cat Watt 晴珊猫舎 | http://www.catwatt.com/
[2026-08-25 00:43:20]   ↳ 已存在，跳過 (Cat-Watt-晴珊猫舎.html)
[2026-08-25 00:43:20]   ↳ 已存在，跳過 (Cat-Watt-晴珊猫舎.html)
[2026-08-25 00:43:20] [74/80] 牙齒矯正及兒童齒科中心 (旺角朗豪坊) | Orthodon | https://www.ortho-center.com/
[2026-08-25 00:43:20] [74/80] 牙齒矯正及兒童齒科中心 (旺角朗豪坊) | Orthodon | https://www.ortho-center.com/
[2026-08-25 00:43:20]   ↳ 已存在，跳過 (牙齒矯正及兒童齒科中心-旺角朗豪坊-Orthodontic--Childrens-Dental-Center-Langh.html)
[2026-08-25 00:43:20]   ↳ 已存在，跳過 (牙齒矯正及兒童齒科中心-旺角朗豪坊-Orthodontic--Childrens-Dental-Center-Langh.html)
[2026-08-25 00:43:20] [75/80] HALO Flowers | https://haloflowers.com.hk/zh-hant/
[2026-08-25 00:43:20] [75/80] HALO Flowers | https://haloflowers.com.hk/zh-hant/
[2026-08-25 00:43:20]   ↳ 已存在，跳過 (HALO-Flowers.html)
[2026-08-25 00:43:20]   ↳ 已存在，跳過 (HALO-Flowers.html)
[2026-08-25 00:43:20] [76/80] Pettington 柏靈頓獸醫寵物用品 | https://www.pettington.com/
[2026-08-25 00:43:20] [76/80] Pettington 柏靈頓獸醫寵物用品 | https://www.pettington.com/
[2026-08-25 00:43:20]   ↳ 已存在，跳過 (Pettington-柏靈頓獸醫寵物用品.html)
[2026-08-25 00:43:20]   ↳ 已存在，跳過 (Pettington-柏靈頓獸醫寵物用品.html)
[2026-08-25 00:43:20] [77/80] 皓保牙科診所 Craft Smile Dental Cent | https://zh.drchrischeung.com/
[2026-08-25 00:43:20] [77/80] 皓保牙科診所 Craft Smile Dental Cent | https://zh.drchrischeung.com/
[2026-08-25 00:43:20]   ↳ 已存在，跳過 (皓保牙科診所-Craft-Smile-Dental-Center.html)
[2026-08-25 00:43:20]   ↳ 已存在，跳過 (皓保牙科診所-Craft-Smile-Dental-Center.html)
[2026-08-25 00:43:20] [78/80] Toyota Kowloon Bay Service Cen | https://www.toyota.com.hk/?utm_campaign=gmb&utm_medium=organic&utm_source=local
[2026-08-25 00:43:20] [78/80] Toyota Kowloon Bay Service Cen | https://www.toyota.com.hk/?utm_campaign=gmb&utm_medium=organic&utm_source=local
[2026-08-25 00:43:20]   ↳ 已存在，跳過 (Toyota-Kowloon-Bay-Service-Centre-Mechanical.html)
[2026-08-25 00:43:20]   ↳ 已存在，跳過 (Toyota-Kowloon-Bay-Service-Centre-Mechanical.html)
[2026-08-25 00:43:20] [79/80] Anglo Chinese Florist | http://www.anglochinese.com/
[2026-08-25 00:43:20] [79/80] Anglo Chinese Florist | http://www.anglochinese.com/
[2026-08-25 00:43:21]   ✓ 已儲存 Anglo-Chinese-Florist.html (435KB, requests 441567B)
[2026-08-25 00:43:21]   ✓ 已儲存 Anglo-Chinese-Florist.html (435KB, requests 441567B)
[2026-08-25 00:43:21] [80/80] Photobi HK 韓式 証件相拍摂工作室 - 湾仔店 | https://photobi.hk/
[2026-08-25 00:43:21] [80/80] Photobi HK 韓式 証件相拍摂工作室 - 湾仔店 | https://photobi.hk/
[2026-08-25 00:43:28]   ✓ 已儲存 Photobi-HK-韓式-証件相拍摂工作室---湾仔店.html (280KB, playwright(playwright 282558B))
[2026-08-25 00:43:28]   ✓ 已儲存 Photobi-HK-韓式-証件相拍摂工作室---湾仔店.html (280KB, playwright(playwright 282558B))
[2026-08-25 00:43:29] == 完成 ==
[2026-08-25 00:43:29] == 完成 ==
[2026-08-25 00:43:29] 成功 80 個，失敗 0 個
[2026-08-25 00:43:29] 成功 80 個，失敗 0 個

── 失敗清單 ──
[2026-08-25 00:43:29] == 開始為 0 間「沒網站但有聯絡」的商家建立一頁式網頁 → /home/ubuntu/.mok/html/project/MokCs ==
[2026-08-25 00:43:29] == 開始為 0 間「沒網站但有聯絡」的商家建立一頁式網頁 → /home/ubuntu/.mok/html/project/MokCs ==
[2026-08-25 00:43:29] == 一頁式網頁完成：0/0 ==
[2026-08-25 00:43:29] == 一頁式網頁完成：0/0 ==
[2026-08-25 01:13:07]   過濾：82 間 → 保留 82 間有 WhatsApp/Email 的商家
[2026-08-25 01:13:07]   過濾：82 間 → 保留 82 間有 WhatsApp/Email 的商家
[2026-08-25 01:13:07] == 開始克隆 82 個商家首頁 → /home/ubuntu/.mok/html/project/MokCs ==
[2026-08-25 01:13:07] == 開始克隆 82 個商家首頁 → /home/ubuntu/.mok/html/project/MokCs ==
[2026-08-25 01:13:07] [1/82] Hutong | https://hutong.com.hk/
[2026-08-25 01:13:07] [1/82] Hutong | https://hutong.com.hk/
[2026-08-25 01:13:07]   ↳ 已存在，跳過 (Hutong.html)
[2026-08-25 01:13:07]   ↳ 已存在，跳過 (Hutong.html)
[2026-08-25 01:13:07] [2/82] The Chairman Restaurant | https://www.thechairmangroup.com/
[2026-08-25 01:13:07] [2/82] The Chairman Restaurant | https://www.thechairmangroup.com/
[2026-08-25 01:13:07]   ↳ 已存在，跳過 (The-Chairman-Restaurant.html)
[2026-08-25 01:13:07]   ↳ 已存在，跳過 (The-Chairman-Restaurant.html)
[2026-08-25 01:13:07] [3/82] 南蛮亭香港店 | http://nanbantei.com.hk/
[2026-08-25 01:13:07] [3/82] 南蛮亭香港店 | http://nanbantei.com.hk/
[2026-08-25 01:13:07]   ↳ 已存在，跳過 (南蛮亭香港店.html)
[2026-08-25 01:13:07]   ↳ 已存在，跳過 (南蛮亭香港店.html)
[2026-08-25 01:13:07] [4/82] 添好運點心專賣店 | https://www.timhowan.com.hk/
[2026-08-25 01:13:07] [4/82] 添好運點心專賣店 | https://www.timhowan.com.hk/
[2026-08-25 01:13:07]   ↳ 已存在，跳過 (添好運點心專賣店.html)
[2026-08-25 01:13:07]   ↳ 已存在，跳過 (添好運點心專賣店.html)
[2026-08-25 01:13:07] [5/82] La Petite Maison (LPM) Hong Ko | https://lpmrestaurants.com/hongkong/
[2026-08-25 01:13:07] [5/82] La Petite Maison (LPM) Hong Ko | https://lpmrestaurants.com/hongkong/
[2026-08-25 01:13:07]   ↳ 已存在，跳過 (La-Petite-Maison-LPM-Hong-Kong.html)
[2026-08-25 01:13:07]   ↳ 已存在，跳過 (La-Petite-Maison-LPM-Hong-Kong.html)
[2026-08-25 01:13:07] [6/82] Glow Hong Kong | https://www.glowspa.hk/
[2026-08-25 01:13:07] [6/82] Glow Hong Kong | https://www.glowspa.hk/
[2026-08-25 01:13:07]   ↳ 已存在，跳過 (Glow-Hong-Kong.html)
[2026-08-25 01:13:07]   ↳ 已存在，跳過 (Glow-Hong-Kong.html)
[2026-08-25 01:13:07] [7/82] Mó The Slow Bloom | https://www.mo-hk.com/
[2026-08-25 01:13:07] [7/82] Mó The Slow Bloom | https://www.mo-hk.com/
[2026-08-25 01:13:07]   ↳ 已存在，跳過 (Mó-The-Slow-Bloom.html)
[2026-08-25 01:13:07]   ↳ 已存在，跳過 (Mó-The-Slow-Bloom.html)
[2026-08-25 01:13:07] [8/82] Lux Medical 医繊美 | https://www.luxbeauty.hk/
[2026-08-25 01:13:07] [8/82] Lux Medical 医繊美 | https://www.luxbeauty.hk/
[2026-08-25 01:13:07]   ↳ 已存在，跳過 (Lux-Medical-医繊美.html)
[2026-08-25 01:13:07]   ↳ 已存在，跳過 (Lux-Medical-医繊美.html)
[2026-08-25 01:13:07] [9/82] 114HAIR | http://www.114hair.com/
[2026-08-25 01:13:07] [9/82] 114HAIR | http://www.114hair.com/
[2026-08-25 01:13:07]   ↳ 已存在，跳過 (114HAIR.html)
[2026-08-25 01:13:07]   ↳ 已存在，跳過 (114HAIR.html)
[2026-08-25 01:13:07] [10/82] Love Hair | http://www.lovehairhk.com/
[2026-08-25 01:13:07] [10/82] Love Hair | http://www.lovehairhk.com/
[2026-08-25 01:13:07]   ↳ 已存在，跳過 (Love-Hair.html)
[2026-08-25 01:13:07]   ↳ 已存在，跳過 (Love-Hair.html)
[2026-08-25 01:13:07] [11/82] TONI&GUY HK | http://www.toniandguyhk.com/
[2026-08-25 01:13:07] [11/82] TONI&GUY HK | http://www.toniandguyhk.com/
[2026-08-25 01:13:07]   ↳ 已存在，跳過 (TONIGUY-HK.html)
[2026-08-25 01:13:07]   ↳ 已存在，跳過 (TONIGUY-HK.html)
[2026-08-25 01:13:07] [12/82] iMPROVE HAiR-尖沙咀salon 尖沙咀剪髮 尖沙 | http://www.ihair.com.hk/
[2026-08-25 01:13:07] [12/82] iMPROVE HAiR-尖沙咀salon 尖沙咀剪髮 尖沙 | http://www.ihair.com.hk/
[2026-08-25 01:13:07]   ↳ 已存在，跳過 (iMPROVE-HAiR-尖沙咀salon-尖沙咀剪髮-尖沙咀髮廊-尖沙咀中藥染髮-尖沙咀假髮-尖沙咀頭皮護理.html)
[2026-08-25 01:13:07]   ↳ 已存在，跳過 (iMPROVE-HAiR-尖沙咀salon-尖沙咀剪髮-尖沙咀髮廊-尖沙咀中藥染髮-尖沙咀假髮-尖沙咀頭皮護理.html)
[2026-08-25 01:13:07] [13/82] 金澱装修工程有限公司 | https://www.palaceengineeringltd.com/
[2026-08-25 01:13:07] [13/82] 金澱装修工程有限公司 | https://www.palaceengineeringltd.com/
[2026-08-25 01:13:07]   ↳ 已存在，跳過 (金澱装修工程有限公司.html)
[2026-08-25 01:13:07]   ↳ 已存在，跳過 (金澱装修工程有限公司.html)
[2026-08-25 01:13:07] [14/82] 鋒主義 - 室內設計公司 | 室內裝修工程 | 工期 報價  | https://www.fungstyle.com.hk/
[2026-08-25 01:13:07] [14/82] 鋒主義 - 室內設計公司 | 室內裝修工程 | 工期 報價  | https://www.fungstyle.com.hk/
[2026-08-25 01:13:07]   ↳ 已存在，跳過 (鋒主義---室內設計公司-室內裝修工程-工期-報價-服務-三大保證.html)
[2026-08-25 01:13:07]   ↳ 已存在，跳過 (鋒主義---室內設計公司-室內裝修工程-工期-報價-服務-三大保證.html)
[2026-08-25 01:13:07] [15/82] 装修兄弟 | http://www.renobro.com.hk/
[2026-08-25 01:13:07] [15/82] 装修兄弟 | http://www.renobro.com.hk/
[2026-08-25 01:13:07]   ↳ 已存在，跳過 (装修兄弟.html)
[2026-08-25 01:13:07]   ↳ 已存在，跳過 (装修兄弟.html)
[2026-08-25 01:13:07] [16/82] 居屋皇 House king | 香港室内設計及装修公司 | http://housekinghk.com/
[2026-08-25 01:13:07] [16/82] 居屋皇 House king | 香港室内設計及装修公司 | http://housekinghk.com/
[2026-08-25 01:13:07]   ↳ 已存在，跳過 (居屋皇-House-king-香港室内設計及装修公司.html)
[2026-08-25 01:13:07]   ↳ 已存在，跳過 (居屋皇-House-king-香港室内設計及装修公司.html)
[2026-08-25 01:13:07] [17/82] Toby 裝修設計平台｜免費裝修報價｜香港裝修公司及室內設計 | https://www.hellotoby.com/zh-hk/id
[2026-08-25 01:13:07] [17/82] Toby 裝修設計平台｜免費裝修報價｜香港裝修公司及室內設計 | https://www.hellotoby.com/zh-hk/id
[2026-08-25 01:13:07]   ↳ 已存在，跳過 (Toby-裝修設計平台免費裝修報價香港裝修公司及室內設計公司.html)
[2026-08-25 01:13:07]   ↳ 已存在，跳過 (Toby-裝修設計平台免費裝修報價香港裝修公司及室內設計公司.html)
[2026-08-25 01:13:07] [18/82] PET HK - Mid Levels Edition | http://pethk.com/
[2026-08-25 01:13:07] [18/82] PET HK - Mid Levels Edition | http://pethk.com/
[2026-08-25 01:13:07]   ↳ 已存在，跳過 (PET-HK---Mid-Levels-Edition.html)
[2026-08-25 01:13:07]   ↳ 已存在，跳過 (PET-HK---Mid-Levels-Edition.html)
[2026-08-25 01:13:07] [19/82] Ruff & Fetch 拉夫寵物生活 (佐敦 Jordan | http://www.ruffandfetch.com/
[2026-08-25 01:13:07] [19/82] Ruff & Fetch 拉夫寵物生活 (佐敦 Jordan | http://www.ruffandfetch.com/
[2026-08-25 01:13:07]   ↳ 已存在，跳過 (Ruff--Fetch-拉夫寵物生活-佐敦-Jordan.html)
[2026-08-25 01:13:07]   ↳ 已存在，跳過 (Ruff--Fetch-拉夫寵物生活-佐敦-Jordan.html)
[2026-08-25 01:13:07] [20/82] HKTA香港導師会 | https://www.hkta.edu.hk/
[2026-08-25 01:13:07] [20/82] HKTA香港導師会 | https://www.hkta.edu.hk/
[2026-08-25 01:13:07]   ↳ 已存在，跳過 (HKTA香港導師会.html)
[2026-08-25 01:13:07]   ↳ 已存在，跳過 (HKTA香港導師会.html)
[2026-08-25 01:13:07] [21/82] 騎士数学 Knight Mathematics - Band | https://knightmaths.edu.hk/
[2026-08-25 01:13:07] [21/82] 騎士数学 Knight Mathematics - Band | https://knightmaths.edu.hk/
[2026-08-25 01:13:07]   ↳ 已存在，跳過 (騎士数学-Knight-Mathematics---Band-1-DSE-数学補習社.html)
[2026-08-25 01:13:07]   ↳ 已存在，跳過 (騎士数学-Knight-Mathematics---Band-1-DSE-数学補習社.html)
[2026-08-25 01:13:07] [22/82] 香港文化教育中心 | https://docs.google.com/forms/d/e/1FAIpQLSdjgsQlR4w8ZgKgE9RgAUPsPwrZzAZpo5SCULDDOgygEdeDnQ/viewform
[2026-08-25 01:13:07] [22/82] 香港文化教育中心 | https://docs.google.com/forms/d/e/1FAIpQLSdjgsQlR4w8ZgKgE9RgAUPsPwrZzAZpo5SCULDDOgygEdeDnQ/viewform
[2026-08-25 01:13:07]   ↳ 已存在，跳過 (香港文化教育中心.html)
[2026-08-25 01:13:07]   ↳ 已存在，跳過 (香港文化教育中心.html)
[2026-08-25 01:13:07] [23/82] GETUTOR 香港導師総会｜上門補習中介平台｜私補導師推介 | https://www.getutor.com.hk/
[2026-08-25 01:13:07] [23/82] GETUTOR 香港導師総会｜上門補習中介平台｜私補導師推介 | https://www.getutor.com.hk/
[2026-08-25 01:13:07]   ↳ 已存在，跳過 (GETUTOR-香港導師総会上門補習中介平台私補導師推介Private-Tutors-AgencyIB-IGCSE-A.html)
[2026-08-25 01:13:07]   ↳ 已存在，跳過 (GETUTOR-香港導師総会上門補習中介平台私補導師推介Private-Tutors-AgencyIB-IGCSE-A.html)
[2026-08-25 01:13:07] [24/82] 英博教学中心 - 数学中文英文補習 - 中小学補習社 | https://eplc.edu.hk/
[2026-08-25 01:13:07] [24/82] 英博教学中心 - 数学中文英文補習 - 中小学補習社 | https://eplc.edu.hk/
[2026-08-25 01:13:07]   ↳ 已存在，跳過 (英博教学中心---数学中文英文補習---中小学補習社.html)
[2026-08-25 01:13:07]   ↳ 已存在，跳過 (英博教学中心---数学中文英文補習---中小学補習社.html)
[2026-08-25 01:13:07] [25/82] 進研教育 - 英文中文数学補習社 | https://joinin-education.com/
[2026-08-25 01:13:07] [25/82] 進研教育 - 英文中文数学補習社 | https://joinin-education.com/
[2026-08-25 01:13:07]   ↳ 已存在，跳過 (進研教育---英文中文数学補習社.html)
[2026-08-25 01:13:07]   ↳ 已存在，跳過 (進研教育---英文中文数学補習社.html)
[2026-08-25 01:13:07] [26/82] 學斯教育(灣仔) | http://hoksi-edu.com/
[2026-08-25 01:13:07] [26/82] 學斯教育(灣仔) | http://hoksi-edu.com/
[2026-08-25 01:13:07]   ↳ 已存在，跳過 (學斯教育灣仔.html)
[2026-08-25 01:13:07]   ↳ 已存在，跳過 (學斯教育灣仔.html)
[2026-08-25 01:13:07] [27/82] 補習社｜学博教育 Learn Smart Education | https://learnsmart.edu.hk/
[2026-08-25 01:13:07] [27/82] 補習社｜学博教育 Learn Smart Education | https://learnsmart.edu.hk/
[2026-08-25 01:13:07]   ↳ 已存在，跳過 (補習社学博教育-Learn-Smart-Education.html)
[2026-08-25 01:13:07]   ↳ 已存在，跳過 (補習社学博教育-Learn-Smart-Education.html)
[2026-08-25 01:13:07] [28/82] 24/7 Fitness Central | http://247.fitness/
[2026-08-25 01:13:07] [28/82] 24/7 Fitness Central | http://247.fitness/
[2026-08-25 01:13:07]   ↳ 已存在，跳過 (24-7-Fitness-Central.html)
[2026-08-25 01:13:07]   ↳ 已存在，跳過 (24-7-Fitness-Central.html)
[2026-08-25 01:13:07] [29/82] 啓弘牙科（旺角店）丨九龍/旺角牙医/智慧歯/箍牙/隠式美/全 | https://omnesdental.com/
[2026-08-25 01:13:07] [29/82] 啓弘牙科（旺角店）丨九龍/旺角牙医/智慧歯/箍牙/隠式美/全 | https://omnesdental.com/
[2026-08-25 01:13:07]   ↳ 已存在，跳過 (啓弘牙科旺角店丨九龍-旺角牙医-智慧歯-箍牙-隠式美-全方位牙科服務-専業治療牙痛-種植牙-補牙-剥牙-洗牙.html)
[2026-08-25 01:13:07]   ↳ 已存在，跳過 (啓弘牙科旺角店丨九龍-旺角牙医-智慧歯-箍牙-隠式美-全方位牙科服務-専業治療牙痛-種植牙-補牙-剥牙-洗牙.html)
[2026-08-25 01:13:07] [30/82] Smith & Jain Dentists 史密夫和鄭牙醫診 | https://smithandjaindentists.com/
[2026-08-25 01:13:07] [30/82] Smith & Jain Dentists 史密夫和鄭牙醫診 | https://smithandjaindentists.com/
[2026-08-25 01:13:07]   ↳ 已存在，跳過 (Smith--Jain-Dentists-史密夫和鄭牙醫診所.html)
[2026-08-25 01:13:07]   ↳ 已存在，跳過 (Smith--Jain-Dentists-史密夫和鄭牙醫診所.html)
[2026-08-25 01:13:07] [31/82] Home Dental (Tsim Sha Tsui Bra | https://homedentalhk.com/cn/contact-us/tst
[2026-08-25 01:13:07] [31/82] Home Dental (Tsim Sha Tsui Bra | https://homedentalhk.com/cn/contact-us/tst
[2026-08-25 01:13:07]   ↳ 已存在，跳過 (Home-Dental-Tsim-Sha-Tsui-Branch.html)
[2026-08-25 01:13:07]   ↳ 已存在，跳過 (Home-Dental-Tsim-Sha-Tsui-Branch.html)
[2026-08-25 01:13:07] [32/82] 伍裕彤牙医 | https://trucaredental.hk/
[2026-08-25 01:13:07] [32/82] 伍裕彤牙医 | https://trucaredental.hk/
[2026-08-25 01:13:07]   ↳ 已存在，跳過 (伍裕彤牙医.html)
[2026-08-25 01:13:07]   ↳ 已存在，跳過 (伍裕彤牙医.html)
[2026-08-25 01:13:07] [33/82] Home Dental | https://homedentalhk.com/cn/contact-us/cwb
[2026-08-25 01:13:07] [33/82] Home Dental | https://homedentalhk.com/cn/contact-us/cwb
[2026-08-25 01:13:07]   ↳ 已存在，跳過 (Home-Dental.html)
[2026-08-25 01:13:07]   ↳ 已存在，跳過 (Home-Dental.html)
[2026-08-25 01:13:07] [34/82] T.O.P Dental by Family Smile L | http://www.topdental.hk/
[2026-08-25 01:13:07] [34/82] T.O.P Dental by Family Smile L | http://www.topdental.hk/
[2026-08-25 01:13:07]   ↳ 已存在，跳過 (T.O.P-Dental-by-Family-Smile-Ltd-香港牙科醫療集團-旺角太子牙醫中心.html)
[2026-08-25 01:13:07]   ↳ 已存在，跳過 (T.O.P-Dental-by-Family-Smile-Ltd-香港牙科醫療集團-旺角太子牙醫中心.html)
[2026-08-25 01:13:07] [35/82] Metro Dental 城健総合牙科医療中心 | https://www.metrodental.com.hk/
[2026-08-25 01:13:07] [35/82] Metro Dental 城健総合牙科医療中心 | https://www.metrodental.com.hk/
[2026-08-25 01:13:07]   ↳ 已存在，跳過 (Metro-Dental-城健総合牙科医療中心.html)
[2026-08-25 01:13:07]   ↳ 已存在，跳過 (Metro-Dental-城健総合牙科医療中心.html)
[2026-08-25 01:13:07] [36/82] 大国手 汽車車身維修 Grand Tycoon Automo | http://grandtycoon.com/
[2026-08-25 01:13:07] [36/82] 大国手 汽車車身維修 Grand Tycoon Automo | http://grandtycoon.com/
[2026-08-25 01:13:07]   ↳ 已存在，跳過 (大国手-汽車車身維修-Grand-Tycoon-Automotive-Repair-Shop.html)
[2026-08-25 01:13:07]   ↳ 已存在，跳過 (大国手-汽車車身維修-Grand-Tycoon-Automotive-Repair-Shop.html)
[2026-08-25 01:13:07] [37/82] AutoMate | Sham Shui Po Shop | https://www.automate-app.com/auto-shop
[2026-08-25 01:13:07] [37/82] AutoMate | Sham Shui Po Shop | https://www.automate-app.com/auto-shop
[2026-08-25 01:13:07]   ↳ 已存在，跳過 (AutoMate-Sham-Shui-Po-Shop.html)
[2026-08-25 01:13:07]   ↳ 已存在，跳過 (AutoMate-Sham-Shui-Po-Shop.html)
[2026-08-25 01:13:07] [38/82] Carol Garage Limited | http://www.carolgarage.com.hk/
[2026-08-25 01:13:07] [38/82] Carol Garage Limited | http://www.carolgarage.com.hk/
[2026-08-25 01:13:07]   ↳ 已存在，跳過 (Carol-Garage-Limited.html)
[2026-08-25 01:13:07]   ↳ 已存在，跳過 (Carol-Garage-Limited.html)
[2026-08-25 01:13:07] [39/82] 八方汽車 | Power Moto Limited | http://www.power-moto.hk/
[2026-08-25 01:13:07] [39/82] 八方汽車 | Power Moto Limited | http://www.power-moto.hk/
[2026-08-25 01:13:07]   ↳ 已存在，跳過 (八方汽車-Power-Moto-Limited.html)
[2026-08-25 01:13:07]   ↳ 已存在，跳過 (八方汽車-Power-Moto-Limited.html)
[2026-08-25 01:13:07] [40/82] Flow & Roll Laundry 自助洗衣 (中環 C | https://flowandroll.com/
[2026-08-25 01:13:07] [40/82] Flow & Roll Laundry 自助洗衣 (中環 C | https://flowandroll.com/
[2026-08-25 01:13:07]   ↳ 已存在，跳過 (Flow--Roll-Laundry-自助洗衣-中環-Central.html)
[2026-08-25 01:13:07]   ↳ 已存在，跳過 (Flow--Roll-Laundry-自助洗衣-中環-Central.html)
[2026-08-25 01:13:07] [41/82] 初洗 First Laundry 觀塘24小時自助洗衣店 | https://wa.me/85268716550
[2026-08-25 01:13:07] [41/82] 初洗 First Laundry 觀塘24小時自助洗衣店 | https://wa.me/85268716550
[2026-08-25 01:13:07]   ↳ 已存在，跳過 (初洗-First-Laundry-觀塘24小時自助洗衣店.html)
[2026-08-25 01:13:07]   ↳ 已存在，跳過 (初洗-First-Laundry-觀塘24小時自助洗衣店.html)
[2026-08-25 01:13:07] [42/82] 水漾衣坊 water laundry | https://whalewashmk.hk/
[2026-08-25 01:13:07] [42/82] 水漾衣坊 water laundry | https://whalewashmk.hk/
[2026-08-25 01:13:07]   ↳ 已存在，跳過 (水漾衣坊-water-laundry.html)
[2026-08-25 01:13:07]   ↳ 已存在，跳過 (水漾衣坊-water-laundry.html)
[2026-08-25 01:13:07] [43/82] FLORISTRY by ART OF LIVING | http://www.floristrybyartofliving.com/
[2026-08-25 01:13:07] [43/82] FLORISTRY by ART OF LIVING | http://www.floristrybyartofliving.com/
[2026-08-25 01:13:07]   ↳ 已存在，跳過 (FLORISTRY-by-ART-OF-LIVING.html)
[2026-08-25 01:13:07]   ↳ 已存在，跳過 (FLORISTRY-by-ART-OF-LIVING.html)
[2026-08-25 01:13:07] [44/82] 花籃 450 - Flower 450 | https://flower450.com/
[2026-08-25 01:13:07] [44/82] 花籃 450 - Flower 450 | https://flower450.com/
[2026-08-25 01:13:07]   ↳ 已存在，跳過 (花籃-450---Flower-450.html)
[2026-08-25 01:13:07]   ↳ 已存在，跳過 (花籃-450---Flower-450.html)
[2026-08-25 01:13:07] [45/82] 優之花鋪-U Flower Shop | https://www.uflowershop.com/
[2026-08-25 01:13:07] [45/82] 優之花鋪-U Flower Shop | https://www.uflowershop.com/
[2026-08-25 01:13:07]   ↳ 已存在，跳過 (優之花鋪-U-Flower-Shop.html)
[2026-08-25 01:13:07]   ↳ 已存在，跳過 (優之花鋪-U-Flower-Shop.html)
[2026-08-25 01:13:07] [46/82] Eternal Flora hk | https://www.eternalflorahk.com/
[2026-08-25 01:13:07] [46/82] Eternal Flora hk | https://www.eternalflorahk.com/
[2026-08-25 01:13:07]   ↳ 已存在，跳過 (Eternal-Flora-hk.html)
[2026-08-25 01:13:07]   ↳ 已存在，跳過 (Eternal-Flora-hk.html)
[2026-08-25 01:13:07] [47/82] FDHK - Flower Delivery Hong Ko | https://flowerdeliveryhongkong.com/
[2026-08-25 01:13:07] [47/82] FDHK - Flower Delivery Hong Ko | https://flowerdeliveryhongkong.com/
[2026-08-25 01:13:07]   ↳ 已存在，跳過 (FDHK---Flower-Delivery-Hong-Kong.html)
[2026-08-25 01:13:07]   ↳ 已存在，跳過 (FDHK---Flower-Delivery-Hong-Kong.html)
[2026-08-25 01:13:07] [48/82] Joseph Photo 香港專業攝影工作室 | https://josephphoto.hk/
[2026-08-25 01:13:07] [48/82] Joseph Photo 香港專業攝影工作室 | https://josephphoto.hk/
[2026-08-25 01:13:07]   ↳ 已存在，跳過 (Joseph-Photo-香港專業攝影工作室.html)
[2026-08-25 01:13:07]   ↳ 已存在，跳過 (Joseph-Photo-香港專業攝影工作室.html)
[2026-08-25 01:13:07] [49/82] Majesty Professional Photo殿堂館- | https://www.majestyprofessional.com/
[2026-08-25 01:13:07] [49/82] Majesty Professional Photo殿堂館- | https://www.majestyprofessional.com/
[2026-08-25 01:13:07]   ↳ 已存在，跳過 (Majesty-Professional-Photo殿堂館-專業照首選.html)
[2026-08-25 01:13:07]   ↳ 已存在，跳過 (Majesty-Professional-Photo殿堂館-專業照首選.html)
[2026-08-25 01:13:07] [50/82] Owl Photo Studio 貓頭鷹照相館 | https://www.owlphoto.hk/
[2026-08-25 01:13:07] [50/82] Owl Photo Studio 貓頭鷹照相館 | https://www.owlphoto.hk/
[2026-08-25 01:13:07]   ↳ 已存在，跳過 (Owl-Photo-Studio-貓頭鷹照相館.html)
[2026-08-25 01:13:07]   ↳ 已存在，跳過 (Owl-Photo-Studio-貓頭鷹照相館.html)
[2026-08-25 01:13:07] [51/82] Yat Tung Heen - Eaton HK | https://www.yattungheen.com/
[2026-08-25 01:13:07] [51/82] Yat Tung Heen - Eaton HK | https://www.yattungheen.com/
[2026-08-25 01:13:07]   ↳ 已存在，跳過 (Yat-Tung-Heen---Eaton-HK.html)
[2026-08-25 01:13:07]   ↳ 已存在，跳過 (Yat-Tung-Heen---Eaton-HK.html)
[2026-08-25 01:13:07] [52/82] Hair Quest Hair salon Central | https://www.hairquest-hk.com/
[2026-08-25 01:13:07] [52/82] Hair Quest Hair salon Central | https://www.hairquest-hk.com/
[2026-08-25 01:13:07]   ↳ 已存在，跳過 (Hair-Quest-Hair-salon-Central.html)
[2026-08-25 01:13:07]   ↳ 已存在，跳過 (Hair-Quest-Hair-salon-Central.html)
[2026-08-25 01:13:07] [53/82] 天下猫猫一様猫 | https://www.catiscat.com.hk/
[2026-08-25 01:13:07] [53/82] 天下猫猫一様猫 | https://www.catiscat.com.hk/
[2026-08-25 01:13:07]   ↳ 已存在，跳過 (天下猫猫一様猫.html)
[2026-08-25 01:13:07]   ↳ 已存在，跳過 (天下猫猫一様猫.html)
[2026-08-25 01:13:07] [54/82] Bora beauty | https://bora.hk/
[2026-08-25 01:13:07] [54/82] Bora beauty | https://bora.hk/
[2026-08-25 01:13:07]   ↳ 已存在，跳過 (Bora-beauty.html)
[2026-08-25 01:13:07]   ↳ 已存在，跳過 (Bora-beauty.html)
[2026-08-25 01:13:07] [55/82] Dream Scenes Studio | http://dreamscenesstudio.com/
[2026-08-25 01:13:07] [55/82] Dream Scenes Studio | http://dreamscenesstudio.com/
[2026-08-25 01:13:07]   ↳ 已存在，跳過 (Dream-Scenes-Studio.html)
[2026-08-25 01:13:07]   ↳ 已存在，跳過 (Dream-Scenes-Studio.html)
[2026-08-25 01:13:07] [56/82] Dazzling Smile Dental Clinic 瑩 | https://dazzlingsmiledentalclinic.com/
[2026-08-25 01:13:07] [56/82] Dazzling Smile Dental Clinic 瑩 | https://dazzlingsmiledentalclinic.com/
[2026-08-25 01:13:07]   ↳ 已存在，跳過 (Dazzling-Smile-Dental-Clinic-瑩恩牙科診所.html)
[2026-08-25 01:13:07]   ↳ 已存在，跳過 (Dazzling-Smile-Dental-Clinic-瑩恩牙科診所.html)
[2026-08-25 01:13:07] [57/82] Family Smile Limited | http://www.familysmile.hk/
[2026-08-25 01:13:07] [57/82] Family Smile Limited | http://www.familysmile.hk/
[2026-08-25 01:13:07]   ↳ 已存在，跳過 (Family-Smile-Limited.html)
[2026-08-25 01:13:07]   ↳ 已存在，跳過 (Family-Smile-Limited.html)
[2026-08-25 01:13:07] [58/82] INDULGENCE hair & beauty salon | http://www.indulgence.hk/
[2026-08-25 01:13:07] [58/82] INDULGENCE hair & beauty salon | http://www.indulgence.hk/
[2026-08-25 01:13:07]   ↳ 已存在，跳過 (INDULGENCE-hair--beauty-salon.html)
[2026-08-25 01:13:07]   ↳ 已存在，跳過 (INDULGENCE-hair--beauty-salon.html)
[2026-08-25 01:13:07] [59/82] 花店 | 花束專家 | https://www.flowerbouquet.com.hk/
[2026-08-25 01:13:07] [59/82] 花店 | 花束專家 | https://www.flowerbouquet.com.hk/
[2026-08-25 01:13:07]   ↳ 已存在，跳過 (花店-花束專家.html)
[2026-08-25 01:13:07]   ↳ 已存在，跳過 (花店-花束專家.html)
[2026-08-25 01:13:07] [60/82] 網上訂花 ‧ 送花香港 | Fdhk 最高評分即日網上花店 | https://flowerdeliveryhongkong.com/zh
[2026-08-25 01:13:07] [60/82] 網上訂花 ‧ 送花香港 | Fdhk 最高評分即日網上花店 | https://flowerdeliveryhongkong.com/zh
[2026-08-25 01:13:07]   ↳ 已存在，跳過 (網上訂花--送花香港-Fdhk-最高評分即日網上花店.html)
[2026-08-25 01:13:07]   ↳ 已存在，跳過 (網上訂花--送花香港-Fdhk-最高評分即日網上花店.html)
[2026-08-25 01:13:07] [61/82] Rhine Flowers | https://rhineflowers.com/
[2026-08-25 01:13:07] [61/82] Rhine Flowers | https://rhineflowers.com/
[2026-08-25 01:13:07]   ↳ 已存在，跳過 (Rhine-Flowers.html)
[2026-08-25 01:13:07]   ↳ 已存在，跳過 (Rhine-Flowers.html)
[2026-08-25 01:13:07] [62/82] 香港花店｜網上訂花及送花｜Gift Flowers HK | https://giftflowers.com.hk/cn/
[2026-08-25 01:13:07] [62/82] 香港花店｜網上訂花及送花｜Gift Flowers HK | https://giftflowers.com.hk/cn/
[2026-08-25 01:13:07]   ↳ 已存在，跳過 (香港花店網上訂花及送花Gift-Flowers-HK.html)
[2026-08-25 01:13:07]   ↳ 已存在，跳過 (香港花店網上訂花及送花Gift-Flowers-HK.html)
[2026-08-25 01:13:07] [63/82] Flora Floriculture - 花店 | https://www.floraf.com.hk/
[2026-08-25 01:13:07] [63/82] Flora Floriculture - 花店 | https://www.floraf.com.hk/
[2026-08-25 01:13:07]   ↳ 已存在，跳過 (Flora-Floriculture---花店.html)
[2026-08-25 01:13:07]   ↳ 已存在，跳過 (Flora-Floriculture---花店.html)
[2026-08-25 01:13:07] [64/82] 香港花店 | https://www.mrsliuflorist.com/
[2026-08-25 01:13:07] [64/82] 香港花店 | https://www.mrsliuflorist.com/
[2026-08-25 01:13:07]   ↳ 已存在，跳過 (香港花店.html)
[2026-08-25 01:13:07]   ↳ 已存在，跳過 (香港花店.html)
[2026-08-25 01:13:07] [65/82] 網上花店| 網上訂花 | 即日送花 | HKfashop | https://hkfashop.com/
[2026-08-25 01:13:07] [65/82] 網上花店| 網上訂花 | 即日送花 | HKfashop | https://hkfashop.com/
[2026-08-25 01:13:07]   ↳ 已存在，跳過 (網上花店-網上訂花-即日送花-HKfashop.html)
[2026-08-25 01:13:07]   ↳ 已存在，跳過 (網上花店-網上訂花-即日送花-HKfashop.html)
[2026-08-25 01:13:07] [66/82] 【 送花】 ｜訂花｜Flowerbee Florist訂花束 | https://flowerbee-hk.com/zh
[2026-08-25 01:13:07] [66/82] 【 送花】 ｜訂花｜Flowerbee Florist訂花束 | https://flowerbee-hk.com/zh
[2026-08-25 01:13:07]   ↳ 已存在，跳過 (送花-訂花Flowerbee-Florist訂花束---Flowerbee-HK-Florist.html)
[2026-08-25 01:13:07]   ↳ 已存在，跳過 (送花-訂花Flowerbee-Florist訂花束---Flowerbee-HK-Florist.html)
[2026-08-25 01:13:07] [67/82] 花點時間｜香港旺角花墟實體花店：24小時訂花、鮮花花束、開張 | https://www.reflower.com.hk/
[2026-08-25 01:13:07] [67/82] 花點時間｜香港旺角花墟實體花店：24小時訂花、鮮花花束、開張 | https://www.reflower.com.hk/
[2026-08-25 01:13:07]   ↳ 已存在，跳過 (花點時間香港旺角花墟實體花店24小時訂花鮮花花束開張花籃鮮花批發---花點時間-Reflower.html)
[2026-08-25 01:13:07]   ↳ 已存在，跳過 (花點時間香港旺角花墟實體花店24小時訂花鮮花花束開張花籃鮮花批發---花點時間-Reflower.html)
[2026-08-25 01:13:07] [68/82] 香港花店- 首頁花店推薦 - 我們代表和倡導位於香港島、九龍 | https://zh-hk.hk-florist.org/
[2026-08-25 01:13:07] [68/82] 香港花店- 首頁花店推薦 - 我們代表和倡導位於香港島、九龍 | https://zh-hk.hk-florist.org/
[2026-08-25 01:13:07]   ↳ 已存在，跳過 (香港花店--首頁花店推薦---我們代表和倡導位於香港島九龍和新界的花店以及在線花店和鮮花配送公司.html)
[2026-08-25 01:13:07]   ↳ 已存在，跳過 (香港花店--首頁花店推薦---我們代表和倡導位於香港島九龍和新界的花店以及在線花店和鮮花配送公司.html)
[2026-08-25 01:13:07] [69/82] 有花漾 ZH Flowers | https://www.zh-flowers.com/
[2026-08-25 01:13:07] [69/82] 有花漾 ZH Flowers | https://www.zh-flowers.com/
[2026-08-25 01:13:07]   ↳ 已存在，跳過 (有花漾-ZH-Flowers.html)
[2026-08-25 01:13:07]   ↳ 已存在，跳過 (有花漾-ZH-Flowers.html)
[2026-08-25 01:13:07] [70/82] 花店花生花華 | FaSunflower Florist | https://www.fasunflower.com/
[2026-08-25 01:13:07] [70/82] 花店花生花華 | FaSunflower Florist | https://www.fasunflower.com/
[2026-08-25 01:13:07]   ↳ 已存在，跳過 (花店花生花華-FaSunflower-Florist.html)
[2026-08-25 01:13:07]   ↳ 已存在，跳過 (花店花生花華-FaSunflower-Florist.html)
[2026-08-25 01:13:07] [71/82] 格蘭花店 Grand Floral & Gift Shop | https://grand.com.hk/
[2026-08-25 01:13:07] [71/82] 格蘭花店 Grand Floral & Gift Shop | https://grand.com.hk/
[2026-08-25 01:13:07]   ↳ 已存在，跳過 (格蘭花店-Grand-Floral--Gift-Shop.html)
[2026-08-25 01:13:07]   ↳ 已存在，跳過 (格蘭花店-Grand-Floral--Gift-Shop.html)
[2026-08-25 01:13:07] [72/82] WHY Studio - 上環證件相｜學生相｜專業形象照 | https://www.whystudiohk.com/
[2026-08-25 01:13:07] [72/82] WHY Studio - 上環證件相｜學生相｜專業形象照 | https://www.whystudiohk.com/
[2026-08-25 01:13:07]   ↳ 已存在，跳過 (WHY-Studio---上環證件相學生相專業形象照.html)
[2026-08-25 01:13:07]   ↳ 已存在，跳過 (WHY-Studio---上環證件相學生相專業形象照.html)
[2026-08-25 01:13:07] [73/82] Cat Watt 晴珊猫舎 | http://www.catwatt.com/
[2026-08-25 01:13:07] [73/82] Cat Watt 晴珊猫舎 | http://www.catwatt.com/
[2026-08-25 01:13:07]   ↳ 已存在，跳過 (Cat-Watt-晴珊猫舎.html)
[2026-08-25 01:13:07]   ↳ 已存在，跳過 (Cat-Watt-晴珊猫舎.html)
[2026-08-25 01:13:07] [74/82] 牙齒矯正及兒童齒科中心 (旺角朗豪坊) | Orthodon | https://www.ortho-center.com/
[2026-08-25 01:13:07] [74/82] 牙齒矯正及兒童齒科中心 (旺角朗豪坊) | Orthodon | https://www.ortho-center.com/
[2026-08-25 01:13:07]   ↳ 已存在，跳過 (牙齒矯正及兒童齒科中心-旺角朗豪坊-Orthodontic--Childrens-Dental-Center-Langh.html)
[2026-08-25 01:13:07]   ↳ 已存在，跳過 (牙齒矯正及兒童齒科中心-旺角朗豪坊-Orthodontic--Childrens-Dental-Center-Langh.html)
[2026-08-25 01:13:07] [75/82] HALO Flowers | https://haloflowers.com.hk/zh-hant/
[2026-08-25 01:13:07] [75/82] HALO Flowers | https://haloflowers.com.hk/zh-hant/
[2026-08-25 01:13:07]   ↳ 已存在，跳過 (HALO-Flowers.html)
[2026-08-25 01:13:07]   ↳ 已存在，跳過 (HALO-Flowers.html)
[2026-08-25 01:13:07] [76/82] Pettington 柏靈頓獸醫寵物用品 | https://www.pettington.com/
[2026-08-25 01:13:07] [76/82] Pettington 柏靈頓獸醫寵物用品 | https://www.pettington.com/
[2026-08-25 01:13:07]   ↳ 已存在，跳過 (Pettington-柏靈頓獸醫寵物用品.html)
[2026-08-25 01:13:07]   ↳ 已存在，跳過 (Pettington-柏靈頓獸醫寵物用品.html)
[2026-08-25 01:13:07] [77/82] 皓保牙科診所 Craft Smile Dental Cent | https://zh.drchrischeung.com/
[2026-08-25 01:13:07] [77/82] 皓保牙科診所 Craft Smile Dental Cent | https://zh.drchrischeung.com/
[2026-08-25 01:13:07]   ↳ 已存在，跳過 (皓保牙科診所-Craft-Smile-Dental-Center.html)
[2026-08-25 01:13:07]   ↳ 已存在，跳過 (皓保牙科診所-Craft-Smile-Dental-Center.html)
[2026-08-25 01:13:07] [78/82] Toyota Kowloon Bay Service Cen | https://www.toyota.com.hk/?utm_campaign=gmb&utm_medium=organic&utm_source=local
[2026-08-25 01:13:07] [78/82] Toyota Kowloon Bay Service Cen | https://www.toyota.com.hk/?utm_campaign=gmb&utm_medium=organic&utm_source=local
[2026-08-25 01:13:07]   ↳ 已存在，跳過 (Toyota-Kowloon-Bay-Service-Centre-Mechanical.html)
[2026-08-25 01:13:07]   ↳ 已存在，跳過 (Toyota-Kowloon-Bay-Service-Centre-Mechanical.html)
[2026-08-25 01:13:07] [79/82] Anglo Chinese Florist | http://www.anglochinese.com/
[2026-08-25 01:13:07] [79/82] Anglo Chinese Florist | http://www.anglochinese.com/
[2026-08-25 01:13:07]   ↳ 已存在，跳過 (Anglo-Chinese-Florist.html)
[2026-08-25 01:13:07]   ↳ 已存在，跳過 (Anglo-Chinese-Florist.html)
[2026-08-25 01:13:07] [80/82] Photobi HK 韓式 証件相拍摂工作室 - 湾仔店 | https://photobi.hk/
[2026-08-25 01:13:07] [80/82] Photobi HK 韓式 証件相拍摂工作室 - 湾仔店 | https://photobi.hk/
[2026-08-25 01:13:07]   ↳ 已存在，跳過 (Photobi-HK-韓式-証件相拍摂工作室---湾仔店.html)
[2026-08-25 01:13:07]   ↳ 已存在，跳過 (Photobi-HK-韓式-証件相拍摂工作室---湾仔店.html)
[2026-08-25 01:13:07] [81/82] Advance Pet Food | http://advancepetfood.com/
[2026-08-25 01:13:07] [81/82] Advance Pet Food | http://advancepetfood.com/
[2026-08-25 01:13:10]   ✓ 已儲存 Advance-Pet-Food.html (250KB, requests 253066B)
[2026-08-25 01:13:10]   ✓ 已儲存 Advance-Pet-Food.html (250KB, requests 253066B)
[2026-08-25 01:13:10] [82/82] Anna Maria Studio | http://annamstudio.com/
[2026-08-25 01:13:10] [82/82] Anna Maria Studio | http://annamstudio.com/
[2026-08-25 01:13:10]   ✓ 已儲存 Anna-Maria-Studio.html (358KB, requests 365851B)
[2026-08-25 01:13:10]   ✓ 已儲存 Anna-Maria-Studio.html (358KB, requests 365851B)
[2026-08-25 01:13:10] == 完成 ==
[2026-08-25 01:13:10] == 完成 ==
[2026-08-25 01:13:10] 成功 82 個，失敗 0 個
[2026-08-25 01:13:10] 成功 82 個，失敗 0 個

── 失敗清單 ──
[2026-08-25 01:13:10] == 開始為 0 間「沒網站但有聯絡」的商家建立一頁式網頁 → /home/ubuntu/.mok/html/project/MokCs ==
[2026-08-25 01:13:10] == 開始為 0 間「沒網站但有聯絡」的商家建立一頁式網頁 → /home/ubuntu/.mok/html/project/MokCs ==
[2026-08-25 01:13:10] == 一頁式網頁完成：0/0 ==
[2026-08-25 01:13:10] == 一頁式網頁完成：0/0 ==
[2026-08-25 01:45:45]   過濾：84 間 → 保留 84 間有 WhatsApp/Email 的商家
[2026-08-25 01:45:45]   過濾：84 間 → 保留 84 間有 WhatsApp/Email 的商家
[2026-08-25 01:45:45] == 開始克隆 84 個商家首頁 → /home/ubuntu/.mok/html/project/MokCs ==
[2026-08-25 01:45:45] == 開始克隆 84 個商家首頁 → /home/ubuntu/.mok/html/project/MokCs ==
[2026-08-25 01:45:45] [1/84] Hutong | https://hutong.com.hk/
[2026-08-25 01:45:45] [1/84] Hutong | https://hutong.com.hk/
[2026-08-25 01:45:45]   ↳ 已存在，跳過 (Hutong.html)
[2026-08-25 01:45:45]   ↳ 已存在，跳過 (Hutong.html)
[2026-08-25 01:45:45] [2/84] The Chairman Restaurant | https://www.thechairmangroup.com/
[2026-08-25 01:45:45] [2/84] The Chairman Restaurant | https://www.thechairmangroup.com/
[2026-08-25 01:45:45]   ↳ 已存在，跳過 (The-Chairman-Restaurant.html)
[2026-08-25 01:45:45]   ↳ 已存在，跳過 (The-Chairman-Restaurant.html)
[2026-08-25 01:45:45] [3/84] 南蛮亭香港店 | http://nanbantei.com.hk/
[2026-08-25 01:45:45] [3/84] 南蛮亭香港店 | http://nanbantei.com.hk/
[2026-08-25 01:45:45]   ↳ 已存在，跳過 (南蛮亭香港店.html)
[2026-08-25 01:45:45]   ↳ 已存在，跳過 (南蛮亭香港店.html)
[2026-08-25 01:45:45] [4/84] 添好運點心專賣店 | https://www.timhowan.com.hk/
[2026-08-25 01:45:45] [4/84] 添好運點心專賣店 | https://www.timhowan.com.hk/
[2026-08-25 01:45:45]   ↳ 已存在，跳過 (添好運點心專賣店.html)
[2026-08-25 01:45:45]   ↳ 已存在，跳過 (添好運點心專賣店.html)
[2026-08-25 01:45:45] [5/84] La Petite Maison (LPM) Hong Ko | https://lpmrestaurants.com/hongkong/
[2026-08-25 01:45:45] [5/84] La Petite Maison (LPM) Hong Ko | https://lpmrestaurants.com/hongkong/
[2026-08-25 01:45:45]   ↳ 已存在，跳過 (La-Petite-Maison-LPM-Hong-Kong.html)
[2026-08-25 01:45:45]   ↳ 已存在，跳過 (La-Petite-Maison-LPM-Hong-Kong.html)
[2026-08-25 01:45:45] [6/84] Glow Hong Kong | https://www.glowspa.hk/
[2026-08-25 01:45:45] [6/84] Glow Hong Kong | https://www.glowspa.hk/
[2026-08-25 01:45:45]   ↳ 已存在，跳過 (Glow-Hong-Kong.html)
[2026-08-25 01:45:45]   ↳ 已存在，跳過 (Glow-Hong-Kong.html)
[2026-08-25 01:45:45] [7/84] Mó The Slow Bloom | https://www.mo-hk.com/
[2026-08-25 01:45:45] [7/84] Mó The Slow Bloom | https://www.mo-hk.com/
[2026-08-25 01:45:45]   ↳ 已存在，跳過 (Mó-The-Slow-Bloom.html)
[2026-08-25 01:45:45]   ↳ 已存在，跳過 (Mó-The-Slow-Bloom.html)
[2026-08-25 01:45:45] [8/84] Lux Medical 医繊美 | https://www.luxbeauty.hk/
[2026-08-25 01:45:45] [8/84] Lux Medical 医繊美 | https://www.luxbeauty.hk/
[2026-08-25 01:45:45]   ↳ 已存在，跳過 (Lux-Medical-医繊美.html)
[2026-08-25 01:45:45]   ↳ 已存在，跳過 (Lux-Medical-医繊美.html)
[2026-08-25 01:45:45] [9/84] 114HAIR | http://www.114hair.com/
[2026-08-25 01:45:45] [9/84] 114HAIR | http://www.114hair.com/
[2026-08-25 01:45:45]   ↳ 已存在，跳過 (114HAIR.html)
[2026-08-25 01:45:45]   ↳ 已存在，跳過 (114HAIR.html)
[2026-08-25 01:45:45] [10/84] Love Hair | http://www.lovehairhk.com/
[2026-08-25 01:45:45] [10/84] Love Hair | http://www.lovehairhk.com/
[2026-08-25 01:45:45]   ↳ 已存在，跳過 (Love-Hair.html)
[2026-08-25 01:45:45]   ↳ 已存在，跳過 (Love-Hair.html)
[2026-08-25 01:45:45] [11/84] TONI&GUY HK | http://www.toniandguyhk.com/
[2026-08-25 01:45:45] [11/84] TONI&GUY HK | http://www.toniandguyhk.com/
[2026-08-25 01:45:45]   ↳ 已存在，跳過 (TONIGUY-HK.html)
[2026-08-25 01:45:45]   ↳ 已存在，跳過 (TONIGUY-HK.html)
[2026-08-25 01:45:45] [12/84] iMPROVE HAiR-尖沙咀salon 尖沙咀剪髮 尖沙 | http://www.ihair.com.hk/
[2026-08-25 01:45:45] [12/84] iMPROVE HAiR-尖沙咀salon 尖沙咀剪髮 尖沙 | http://www.ihair.com.hk/
[2026-08-25 01:45:45]   ↳ 已存在，跳過 (iMPROVE-HAiR-尖沙咀salon-尖沙咀剪髮-尖沙咀髮廊-尖沙咀中藥染髮-尖沙咀假髮-尖沙咀頭皮護理.html)
[2026-08-25 01:45:45]   ↳ 已存在，跳過 (iMPROVE-HAiR-尖沙咀salon-尖沙咀剪髮-尖沙咀髮廊-尖沙咀中藥染髮-尖沙咀假髮-尖沙咀頭皮護理.html)
[2026-08-25 01:45:45] [13/84] 金澱装修工程有限公司 | https://www.palaceengineeringltd.com/
[2026-08-25 01:45:45] [13/84] 金澱装修工程有限公司 | https://www.palaceengineeringltd.com/
[2026-08-25 01:45:45]   ↳ 已存在，跳過 (金澱装修工程有限公司.html)
[2026-08-25 01:45:45]   ↳ 已存在，跳過 (金澱装修工程有限公司.html)
[2026-08-25 01:45:45] [14/84] 鋒主義 - 室內設計公司 | 室內裝修工程 | 工期 報價  | https://www.fungstyle.com.hk/
[2026-08-25 01:45:45] [14/84] 鋒主義 - 室內設計公司 | 室內裝修工程 | 工期 報價  | https://www.fungstyle.com.hk/
[2026-08-25 01:45:45]   ↳ 已存在，跳過 (鋒主義---室內設計公司-室內裝修工程-工期-報價-服務-三大保證.html)
[2026-08-25 01:45:45]   ↳ 已存在，跳過 (鋒主義---室內設計公司-室內裝修工程-工期-報價-服務-三大保證.html)
[2026-08-25 01:45:45] [15/84] 装修兄弟 | http://www.renobro.com.hk/
[2026-08-25 01:45:45] [15/84] 装修兄弟 | http://www.renobro.com.hk/
[2026-08-25 01:45:45]   ↳ 已存在，跳過 (装修兄弟.html)
[2026-08-25 01:45:45]   ↳ 已存在，跳過 (装修兄弟.html)
[2026-08-25 01:45:45] [16/84] 居屋皇 House king | 香港室内設計及装修公司 | http://housekinghk.com/
[2026-08-25 01:45:45] [16/84] 居屋皇 House king | 香港室内設計及装修公司 | http://housekinghk.com/
[2026-08-25 01:45:45]   ↳ 已存在，跳過 (居屋皇-House-king-香港室内設計及装修公司.html)
[2026-08-25 01:45:45]   ↳ 已存在，跳過 (居屋皇-House-king-香港室内設計及装修公司.html)
[2026-08-25 01:45:45] [17/84] Toby 裝修設計平台｜免費裝修報價｜香港裝修公司及室內設計 | https://www.hellotoby.com/zh-hk/id
[2026-08-25 01:45:45] [17/84] Toby 裝修設計平台｜免費裝修報價｜香港裝修公司及室內設計 | https://www.hellotoby.com/zh-hk/id
[2026-08-25 01:45:45]   ↳ 已存在，跳過 (Toby-裝修設計平台免費裝修報價香港裝修公司及室內設計公司.html)
[2026-08-25 01:45:45]   ↳ 已存在，跳過 (Toby-裝修設計平台免費裝修報價香港裝修公司及室內設計公司.html)
[2026-08-25 01:45:45] [18/84] PET HK - Mid Levels Edition | http://pethk.com/
[2026-08-25 01:45:45] [18/84] PET HK - Mid Levels Edition | http://pethk.com/
[2026-08-25 01:45:45]   ↳ 已存在，跳過 (PET-HK---Mid-Levels-Edition.html)
[2026-08-25 01:45:45]   ↳ 已存在，跳過 (PET-HK---Mid-Levels-Edition.html)
[2026-08-25 01:45:45] [19/84] Ruff & Fetch 拉夫寵物生活 (佐敦 Jordan | http://www.ruffandfetch.com/
[2026-08-25 01:45:45] [19/84] Ruff & Fetch 拉夫寵物生活 (佐敦 Jordan | http://www.ruffandfetch.com/
[2026-08-25 01:45:45]   ↳ 已存在，跳過 (Ruff--Fetch-拉夫寵物生活-佐敦-Jordan.html)
[2026-08-25 01:45:45]   ↳ 已存在，跳過 (Ruff--Fetch-拉夫寵物生活-佐敦-Jordan.html)
[2026-08-25 01:45:45] [20/84] HKTA香港導師会 | https://www.hkta.edu.hk/
[2026-08-25 01:45:45] [20/84] HKTA香港導師会 | https://www.hkta.edu.hk/
[2026-08-25 01:45:45]   ↳ 已存在，跳過 (HKTA香港導師会.html)
[2026-08-25 01:45:45]   ↳ 已存在，跳過 (HKTA香港導師会.html)
[2026-08-25 01:45:45] [21/84] 騎士数学 Knight Mathematics - Band | https://knightmaths.edu.hk/
[2026-08-25 01:45:45] [21/84] 騎士数学 Knight Mathematics - Band | https://knightmaths.edu.hk/
[2026-08-25 01:45:45]   ↳ 已存在，跳過 (騎士数学-Knight-Mathematics---Band-1-DSE-数学補習社.html)
[2026-08-25 01:45:45]   ↳ 已存在，跳過 (騎士数学-Knight-Mathematics---Band-1-DSE-数学補習社.html)
[2026-08-25 01:45:45] [22/84] 香港文化教育中心 | https://docs.google.com/forms/d/e/1FAIpQLSdjgsQlR4w8ZgKgE9RgAUPsPwrZzAZpo5SCULDDOgygEdeDnQ/viewform
[2026-08-25 01:45:45] [22/84] 香港文化教育中心 | https://docs.google.com/forms/d/e/1FAIpQLSdjgsQlR4w8ZgKgE9RgAUPsPwrZzAZpo5SCULDDOgygEdeDnQ/viewform
[2026-08-25 01:45:45]   ↳ 已存在，跳過 (香港文化教育中心.html)
[2026-08-25 01:45:45]   ↳ 已存在，跳過 (香港文化教育中心.html)
[2026-08-25 01:45:45] [23/84] GETUTOR 香港導師総会｜上門補習中介平台｜私補導師推介 | https://www.getutor.com.hk/
[2026-08-25 01:45:45] [23/84] GETUTOR 香港導師総会｜上門補習中介平台｜私補導師推介 | https://www.getutor.com.hk/
[2026-08-25 01:45:45]   ↳ 已存在，跳過 (GETUTOR-香港導師総会上門補習中介平台私補導師推介Private-Tutors-AgencyIB-IGCSE-A.html)
[2026-08-25 01:45:45]   ↳ 已存在，跳過 (GETUTOR-香港導師総会上門補習中介平台私補導師推介Private-Tutors-AgencyIB-IGCSE-A.html)
[2026-08-25 01:45:45] [24/84] 英博教学中心 - 数学中文英文補習 - 中小学補習社 | https://eplc.edu.hk/
[2026-08-25 01:45:45] [24/84] 英博教学中心 - 数学中文英文補習 - 中小学補習社 | https://eplc.edu.hk/
[2026-08-25 01:45:45]   ↳ 已存在，跳過 (英博教学中心---数学中文英文補習---中小学補習社.html)
[2026-08-25 01:45:45]   ↳ 已存在，跳過 (英博教学中心---数学中文英文補習---中小学補習社.html)
[2026-08-25 01:45:45] [25/84] 進研教育 - 英文中文数学補習社 | https://joinin-education.com/
[2026-08-25 01:45:45] [25/84] 進研教育 - 英文中文数学補習社 | https://joinin-education.com/
[2026-08-25 01:45:45]   ↳ 已存在，跳過 (進研教育---英文中文数学補習社.html)
[2026-08-25 01:45:45]   ↳ 已存在，跳過 (進研教育---英文中文数学補習社.html)
[2026-08-25 01:45:45] [26/84] 學斯教育(灣仔) | http://hoksi-edu.com/
[2026-08-25 01:45:45] [26/84] 學斯教育(灣仔) | http://hoksi-edu.com/
[2026-08-25 01:45:45]   ↳ 已存在，跳過 (學斯教育灣仔.html)
[2026-08-25 01:45:45]   ↳ 已存在，跳過 (學斯教育灣仔.html)
[2026-08-25 01:45:45] [27/84] 補習社｜学博教育 Learn Smart Education | https://learnsmart.edu.hk/
[2026-08-25 01:45:45] [27/84] 補習社｜学博教育 Learn Smart Education | https://learnsmart.edu.hk/
[2026-08-25 01:45:45]   ↳ 已存在，跳過 (補習社学博教育-Learn-Smart-Education.html)
[2026-08-25 01:45:45]   ↳ 已存在，跳過 (補習社学博教育-Learn-Smart-Education.html)
[2026-08-25 01:45:45] [28/84] 24/7 Fitness Central | http://247.fitness/
[2026-08-25 01:45:45] [28/84] 24/7 Fitness Central | http://247.fitness/
[2026-08-25 01:45:45]   ↳ 已存在，跳過 (24-7-Fitness-Central.html)
[2026-08-25 01:45:45]   ↳ 已存在，跳過 (24-7-Fitness-Central.html)
[2026-08-25 01:45:45] [29/84] 啓弘牙科（旺角店）丨九龍/旺角牙医/智慧歯/箍牙/隠式美/全 | https://omnesdental.com/
[2026-08-25 01:45:45] [29/84] 啓弘牙科（旺角店）丨九龍/旺角牙医/智慧歯/箍牙/隠式美/全 | https://omnesdental.com/
[2026-08-25 01:45:45]   ↳ 已存在，跳過 (啓弘牙科旺角店丨九龍-旺角牙医-智慧歯-箍牙-隠式美-全方位牙科服務-専業治療牙痛-種植牙-補牙-剥牙-洗牙.html)
[2026-08-25 01:45:45]   ↳ 已存在，跳過 (啓弘牙科旺角店丨九龍-旺角牙医-智慧歯-箍牙-隠式美-全方位牙科服務-専業治療牙痛-種植牙-補牙-剥牙-洗牙.html)
[2026-08-25 01:45:45] [30/84] Smith & Jain Dentists 史密夫和鄭牙醫診 | https://smithandjaindentists.com/
[2026-08-25 01:45:45] [30/84] Smith & Jain Dentists 史密夫和鄭牙醫診 | https://smithandjaindentists.com/
[2026-08-25 01:45:45]   ↳ 已存在，跳過 (Smith--Jain-Dentists-史密夫和鄭牙醫診所.html)
[2026-08-25 01:45:45]   ↳ 已存在，跳過 (Smith--Jain-Dentists-史密夫和鄭牙醫診所.html)
[2026-08-25 01:45:45] [31/84] Home Dental (Tsim Sha Tsui Bra | https://homedentalhk.com/cn/contact-us/tst
[2026-08-25 01:45:45] [31/84] Home Dental (Tsim Sha Tsui Bra | https://homedentalhk.com/cn/contact-us/tst
[2026-08-25 01:45:45]   ↳ 已存在，跳過 (Home-Dental-Tsim-Sha-Tsui-Branch.html)
[2026-08-25 01:45:45]   ↳ 已存在，跳過 (Home-Dental-Tsim-Sha-Tsui-Branch.html)
[2026-08-25 01:45:45] [32/84] 伍裕彤牙医 | https://trucaredental.hk/
[2026-08-25 01:45:45] [32/84] 伍裕彤牙医 | https://trucaredental.hk/
[2026-08-25 01:45:45]   ↳ 已存在，跳過 (伍裕彤牙医.html)
[2026-08-25 01:45:45]   ↳ 已存在，跳過 (伍裕彤牙医.html)
[2026-08-25 01:45:45] [33/84] Home Dental | https://homedentalhk.com/cn/contact-us/cwb
[2026-08-25 01:45:45] [33/84] Home Dental | https://homedentalhk.com/cn/contact-us/cwb
[2026-08-25 01:45:45]   ↳ 已存在，跳過 (Home-Dental.html)
[2026-08-25 01:45:45]   ↳ 已存在，跳過 (Home-Dental.html)
[2026-08-25 01:45:45] [34/84] T.O.P Dental by Family Smile L | http://www.topdental.hk/
[2026-08-25 01:45:45] [34/84] T.O.P Dental by Family Smile L | http://www.topdental.hk/
[2026-08-25 01:45:45]   ↳ 已存在，跳過 (T.O.P-Dental-by-Family-Smile-Ltd-香港牙科醫療集團-旺角太子牙醫中心.html)
[2026-08-25 01:45:45]   ↳ 已存在，跳過 (T.O.P-Dental-by-Family-Smile-Ltd-香港牙科醫療集團-旺角太子牙醫中心.html)
[2026-08-25 01:45:45] [35/84] Metro Dental 城健総合牙科医療中心 | https://www.metrodental.com.hk/
[2026-08-25 01:45:45] [35/84] Metro Dental 城健総合牙科医療中心 | https://www.metrodental.com.hk/
[2026-08-25 01:45:45]   ↳ 已存在，跳過 (Metro-Dental-城健総合牙科医療中心.html)
[2026-08-25 01:45:45]   ↳ 已存在，跳過 (Metro-Dental-城健総合牙科医療中心.html)
[2026-08-25 01:45:45] [36/84] 大国手 汽車車身維修 Grand Tycoon Automo | http://grandtycoon.com/
[2026-08-25 01:45:45] [36/84] 大国手 汽車車身維修 Grand Tycoon Automo | http://grandtycoon.com/
[2026-08-25 01:45:45]   ↳ 已存在，跳過 (大国手-汽車車身維修-Grand-Tycoon-Automotive-Repair-Shop.html)
[2026-08-25 01:45:45]   ↳ 已存在，跳過 (大国手-汽車車身維修-Grand-Tycoon-Automotive-Repair-Shop.html)
[2026-08-25 01:45:45] [37/84] AutoMate | Sham Shui Po Shop | https://www.automate-app.com/auto-shop
[2026-08-25 01:45:45] [37/84] AutoMate | Sham Shui Po Shop | https://www.automate-app.com/auto-shop
[2026-08-25 01:45:45]   ↳ 已存在，跳過 (AutoMate-Sham-Shui-Po-Shop.html)
[2026-08-25 01:45:45]   ↳ 已存在，跳過 (AutoMate-Sham-Shui-Po-Shop.html)
[2026-08-25 01:45:45] [38/84] Carol Garage Limited | http://www.carolgarage.com.hk/
[2026-08-25 01:45:45] [38/84] Carol Garage Limited | http://www.carolgarage.com.hk/
[2026-08-25 01:45:45]   ↳ 已存在，跳過 (Carol-Garage-Limited.html)
[2026-08-25 01:45:45]   ↳ 已存在，跳過 (Carol-Garage-Limited.html)
[2026-08-25 01:45:45] [39/84] 八方汽車 | Power Moto Limited | http://www.power-moto.hk/
[2026-08-25 01:45:45] [39/84] 八方汽車 | Power Moto Limited | http://www.power-moto.hk/
[2026-08-25 01:45:45]   ↳ 已存在，跳過 (八方汽車-Power-Moto-Limited.html)
[2026-08-25 01:45:45]   ↳ 已存在，跳過 (八方汽車-Power-Moto-Limited.html)
[2026-08-25 01:45:45] [40/84] Flow & Roll Laundry 自助洗衣 (中環 C | https://flowandroll.com/
[2026-08-25 01:45:45] [40/84] Flow & Roll Laundry 自助洗衣 (中環 C | https://flowandroll.com/
[2026-08-25 01:45:45]   ↳ 已存在，跳過 (Flow--Roll-Laundry-自助洗衣-中環-Central.html)
[2026-08-25 01:45:45]   ↳ 已存在，跳過 (Flow--Roll-Laundry-自助洗衣-中環-Central.html)
[2026-08-25 01:45:45] [41/84] 初洗 First Laundry 觀塘24小時自助洗衣店 | https://wa.me/85268716550
[2026-08-25 01:45:45] [41/84] 初洗 First Laundry 觀塘24小時自助洗衣店 | https://wa.me/85268716550
[2026-08-25 01:45:45]   ↳ 已存在，跳過 (初洗-First-Laundry-觀塘24小時自助洗衣店.html)
[2026-08-25 01:45:45]   ↳ 已存在，跳過 (初洗-First-Laundry-觀塘24小時自助洗衣店.html)
[2026-08-25 01:45:45] [42/84] 水漾衣坊 water laundry | https://whalewashmk.hk/
[2026-08-25 01:45:45] [42/84] 水漾衣坊 water laundry | https://whalewashmk.hk/
[2026-08-25 01:45:45]   ↳ 已存在，跳過 (水漾衣坊-water-laundry.html)
[2026-08-25 01:45:45]   ↳ 已存在，跳過 (水漾衣坊-water-laundry.html)
[2026-08-25 01:45:45] [43/84] FLORISTRY by ART OF LIVING | http://www.floristrybyartofliving.com/
[2026-08-25 01:45:45] [43/84] FLORISTRY by ART OF LIVING | http://www.floristrybyartofliving.com/
[2026-08-25 01:45:45]   ↳ 已存在，跳過 (FLORISTRY-by-ART-OF-LIVING.html)
[2026-08-25 01:45:45]   ↳ 已存在，跳過 (FLORISTRY-by-ART-OF-LIVING.html)
[2026-08-25 01:45:45] [44/84] 花籃 450 - Flower 450 | https://flower450.com/
[2026-08-25 01:45:45] [44/84] 花籃 450 - Flower 450 | https://flower450.com/
[2026-08-25 01:45:45]   ↳ 已存在，跳過 (花籃-450---Flower-450.html)
[2026-08-25 01:45:45]   ↳ 已存在，跳過 (花籃-450---Flower-450.html)
[2026-08-25 01:45:45] [45/84] 優之花鋪-U Flower Shop | https://www.uflowershop.com/
[2026-08-25 01:45:45] [45/84] 優之花鋪-U Flower Shop | https://www.uflowershop.com/
[2026-08-25 01:45:45]   ↳ 已存在，跳過 (優之花鋪-U-Flower-Shop.html)
[2026-08-25 01:45:45]   ↳ 已存在，跳過 (優之花鋪-U-Flower-Shop.html)
[2026-08-25 01:45:45] [46/84] Eternal Flora hk | https://www.eternalflorahk.com/
[2026-08-25 01:45:45] [46/84] Eternal Flora hk | https://www.eternalflorahk.com/
[2026-08-25 01:45:45]   ↳ 已存在，跳過 (Eternal-Flora-hk.html)
[2026-08-25 01:45:45]   ↳ 已存在，跳過 (Eternal-Flora-hk.html)
[2026-08-25 01:45:45] [47/84] FDHK - Flower Delivery Hong Ko | https://flowerdeliveryhongkong.com/
[2026-08-25 01:45:45] [47/84] FDHK - Flower Delivery Hong Ko | https://flowerdeliveryhongkong.com/
[2026-08-25 01:45:45]   ↳ 已存在，跳過 (FDHK---Flower-Delivery-Hong-Kong.html)
[2026-08-25 01:45:45]   ↳ 已存在，跳過 (FDHK---Flower-Delivery-Hong-Kong.html)
[2026-08-25 01:45:45] [48/84] Joseph Photo 香港專業攝影工作室 | https://josephphoto.hk/
[2026-08-25 01:45:45] [48/84] Joseph Photo 香港專業攝影工作室 | https://josephphoto.hk/
[2026-08-25 01:45:45]   ↳ 已存在，跳過 (Joseph-Photo-香港專業攝影工作室.html)
[2026-08-25 01:45:45]   ↳ 已存在，跳過 (Joseph-Photo-香港專業攝影工作室.html)
[2026-08-25 01:45:45] [49/84] Majesty Professional Photo殿堂館- | https://www.majestyprofessional.com/
[2026-08-25 01:45:45] [49/84] Majesty Professional Photo殿堂館- | https://www.majestyprofessional.com/
[2026-08-25 01:45:45]   ↳ 已存在，跳過 (Majesty-Professional-Photo殿堂館-專業照首選.html)
[2026-08-25 01:45:45]   ↳ 已存在，跳過 (Majesty-Professional-Photo殿堂館-專業照首選.html)
[2026-08-25 01:45:45] [50/84] Owl Photo Studio 貓頭鷹照相館 | https://www.owlphoto.hk/
[2026-08-25 01:45:45] [50/84] Owl Photo Studio 貓頭鷹照相館 | https://www.owlphoto.hk/
[2026-08-25 01:45:45]   ↳ 已存在，跳過 (Owl-Photo-Studio-貓頭鷹照相館.html)
[2026-08-25 01:45:45]   ↳ 已存在，跳過 (Owl-Photo-Studio-貓頭鷹照相館.html)
[2026-08-25 01:45:45] [51/84] Yat Tung Heen - Eaton HK | https://www.yattungheen.com/
[2026-08-25 01:45:45] [51/84] Yat Tung Heen - Eaton HK | https://www.yattungheen.com/
[2026-08-25 01:45:45]   ↳ 已存在，跳過 (Yat-Tung-Heen---Eaton-HK.html)
[2026-08-25 01:45:45]   ↳ 已存在，跳過 (Yat-Tung-Heen---Eaton-HK.html)
[2026-08-25 01:45:45] [52/84] Hair Quest Hair salon Central | https://www.hairquest-hk.com/
[2026-08-25 01:45:45] [52/84] Hair Quest Hair salon Central | https://www.hairquest-hk.com/
[2026-08-25 01:45:45]   ↳ 已存在，跳過 (Hair-Quest-Hair-salon-Central.html)
[2026-08-25 01:45:45]   ↳ 已存在，跳過 (Hair-Quest-Hair-salon-Central.html)
[2026-08-25 01:45:45] [53/84] 天下猫猫一様猫 | https://www.catiscat.com.hk/
[2026-08-25 01:45:45] [53/84] 天下猫猫一様猫 | https://www.catiscat.com.hk/
[2026-08-25 01:45:45]   ↳ 已存在，跳過 (天下猫猫一様猫.html)
[2026-08-25 01:45:45]   ↳ 已存在，跳過 (天下猫猫一様猫.html)
[2026-08-25 01:45:45] [54/84] Bora beauty | https://bora.hk/
[2026-08-25 01:45:45] [54/84] Bora beauty | https://bora.hk/
[2026-08-25 01:45:45]   ↳ 已存在，跳過 (Bora-beauty.html)
[2026-08-25 01:45:45]   ↳ 已存在，跳過 (Bora-beauty.html)
[2026-08-25 01:45:45] [55/84] Dream Scenes Studio | http://dreamscenesstudio.com/
[2026-08-25 01:45:45] [55/84] Dream Scenes Studio | http://dreamscenesstudio.com/
[2026-08-25 01:45:45]   ↳ 已存在，跳過 (Dream-Scenes-Studio.html)
[2026-08-25 01:45:45]   ↳ 已存在，跳過 (Dream-Scenes-Studio.html)
[2026-08-25 01:45:45] [56/84] Dazzling Smile Dental Clinic 瑩 | https://dazzlingsmiledentalclinic.com/
[2026-08-25 01:45:45] [56/84] Dazzling Smile Dental Clinic 瑩 | https://dazzlingsmiledentalclinic.com/
[2026-08-25 01:45:45]   ↳ 已存在，跳過 (Dazzling-Smile-Dental-Clinic-瑩恩牙科診所.html)
[2026-08-25 01:45:45]   ↳ 已存在，跳過 (Dazzling-Smile-Dental-Clinic-瑩恩牙科診所.html)
[2026-08-25 01:45:45] [57/84] Family Smile Limited | http://www.familysmile.hk/
[2026-08-25 01:45:45] [57/84] Family Smile Limited | http://www.familysmile.hk/
[2026-08-25 01:45:45]   ↳ 已存在，跳過 (Family-Smile-Limited.html)
[2026-08-25 01:45:45]   ↳ 已存在，跳過 (Family-Smile-Limited.html)
[2026-08-25 01:45:45] [58/84] INDULGENCE hair & beauty salon | http://www.indulgence.hk/
[2026-08-25 01:45:45] [58/84] INDULGENCE hair & beauty salon | http://www.indulgence.hk/
[2026-08-25 01:45:45]   ↳ 已存在，跳過 (INDULGENCE-hair--beauty-salon.html)
[2026-08-25 01:45:45]   ↳ 已存在，跳過 (INDULGENCE-hair--beauty-salon.html)
[2026-08-25 01:45:45] [59/84] 花店 | 花束專家 | https://www.flowerbouquet.com.hk/
[2026-08-25 01:45:45] [59/84] 花店 | 花束專家 | https://www.flowerbouquet.com.hk/
[2026-08-25 01:45:45]   ↳ 已存在，跳過 (花店-花束專家.html)
[2026-08-25 01:45:45]   ↳ 已存在，跳過 (花店-花束專家.html)
[2026-08-25 01:45:45] [60/84] 網上訂花 ‧ 送花香港 | Fdhk 最高評分即日網上花店 | https://flowerdeliveryhongkong.com/zh
[2026-08-25 01:45:45] [60/84] 網上訂花 ‧ 送花香港 | Fdhk 最高評分即日網上花店 | https://flowerdeliveryhongkong.com/zh
[2026-08-25 01:45:45]   ↳ 已存在，跳過 (網上訂花--送花香港-Fdhk-最高評分即日網上花店.html)
[2026-08-25 01:45:45]   ↳ 已存在，跳過 (網上訂花--送花香港-Fdhk-最高評分即日網上花店.html)
[2026-08-25 01:45:45] [61/84] Rhine Flowers | https://rhineflowers.com/
[2026-08-25 01:45:45] [61/84] Rhine Flowers | https://rhineflowers.com/
[2026-08-25 01:45:45]   ↳ 已存在，跳過 (Rhine-Flowers.html)
[2026-08-25 01:45:45]   ↳ 已存在，跳過 (Rhine-Flowers.html)
[2026-08-25 01:45:45] [62/84] 香港花店｜網上訂花及送花｜Gift Flowers HK | https://giftflowers.com.hk/cn/
[2026-08-25 01:45:45] [62/84] 香港花店｜網上訂花及送花｜Gift Flowers HK | https://giftflowers.com.hk/cn/
[2026-08-25 01:45:45]   ↳ 已存在，跳過 (香港花店網上訂花及送花Gift-Flowers-HK.html)
[2026-08-25 01:45:45]   ↳ 已存在，跳過 (香港花店網上訂花及送花Gift-Flowers-HK.html)
[2026-08-25 01:45:45] [63/84] Flora Floriculture - 花店 | https://www.floraf.com.hk/
[2026-08-25 01:45:45] [63/84] Flora Floriculture - 花店 | https://www.floraf.com.hk/
[2026-08-25 01:45:45]   ↳ 已存在，跳過 (Flora-Floriculture---花店.html)
[2026-08-25 01:45:45]   ↳ 已存在，跳過 (Flora-Floriculture---花店.html)
[2026-08-25 01:45:45] [64/84] 香港花店 | https://www.mrsliuflorist.com/
[2026-08-25 01:45:45] [64/84] 香港花店 | https://www.mrsliuflorist.com/
[2026-08-25 01:45:45]   ↳ 已存在，跳過 (香港花店.html)
[2026-08-25 01:45:45]   ↳ 已存在，跳過 (香港花店.html)
[2026-08-25 01:45:45] [65/84] 網上花店| 網上訂花 | 即日送花 | HKfashop | https://hkfashop.com/
[2026-08-25 01:45:45] [65/84] 網上花店| 網上訂花 | 即日送花 | HKfashop | https://hkfashop.com/
[2026-08-25 01:45:45]   ↳ 已存在，跳過 (網上花店-網上訂花-即日送花-HKfashop.html)
[2026-08-25 01:45:45]   ↳ 已存在，跳過 (網上花店-網上訂花-即日送花-HKfashop.html)
[2026-08-25 01:45:45] [66/84] 【 送花】 ｜訂花｜Flowerbee Florist訂花束 | https://flowerbee-hk.com/zh
[2026-08-25 01:45:45] [66/84] 【 送花】 ｜訂花｜Flowerbee Florist訂花束 | https://flowerbee-hk.com/zh
[2026-08-25 01:45:45]   ↳ 已存在，跳過 (送花-訂花Flowerbee-Florist訂花束---Flowerbee-HK-Florist.html)
[2026-08-25 01:45:45]   ↳ 已存在，跳過 (送花-訂花Flowerbee-Florist訂花束---Flowerbee-HK-Florist.html)
[2026-08-25 01:45:45] [67/84] 花點時間｜香港旺角花墟實體花店：24小時訂花、鮮花花束、開張 | https://www.reflower.com.hk/
[2026-08-25 01:45:45] [67/84] 花點時間｜香港旺角花墟實體花店：24小時訂花、鮮花花束、開張 | https://www.reflower.com.hk/
[2026-08-25 01:45:45]   ↳ 已存在，跳過 (花點時間香港旺角花墟實體花店24小時訂花鮮花花束開張花籃鮮花批發---花點時間-Reflower.html)
[2026-08-25 01:45:45]   ↳ 已存在，跳過 (花點時間香港旺角花墟實體花店24小時訂花鮮花花束開張花籃鮮花批發---花點時間-Reflower.html)
[2026-08-25 01:45:45] [68/84] 香港花店- 首頁花店推薦 - 我們代表和倡導位於香港島、九龍 | https://zh-hk.hk-florist.org/
[2026-08-25 01:45:45] [68/84] 香港花店- 首頁花店推薦 - 我們代表和倡導位於香港島、九龍 | https://zh-hk.hk-florist.org/
[2026-08-25 01:45:45]   ↳ 已存在，跳過 (香港花店--首頁花店推薦---我們代表和倡導位於香港島九龍和新界的花店以及在線花店和鮮花配送公司.html)
[2026-08-25 01:45:45]   ↳ 已存在，跳過 (香港花店--首頁花店推薦---我們代表和倡導位於香港島九龍和新界的花店以及在線花店和鮮花配送公司.html)
[2026-08-25 01:45:45] [69/84] 有花漾 ZH Flowers | https://www.zh-flowers.com/
[2026-08-25 01:45:45] [69/84] 有花漾 ZH Flowers | https://www.zh-flowers.com/
[2026-08-25 01:45:45]   ↳ 已存在，跳過 (有花漾-ZH-Flowers.html)
[2026-08-25 01:45:45]   ↳ 已存在，跳過 (有花漾-ZH-Flowers.html)
[2026-08-25 01:45:45] [70/84] 花店花生花華 | FaSunflower Florist | https://www.fasunflower.com/
[2026-08-25 01:45:45] [70/84] 花店花生花華 | FaSunflower Florist | https://www.fasunflower.com/
[2026-08-25 01:45:45]   ↳ 已存在，跳過 (花店花生花華-FaSunflower-Florist.html)
[2026-08-25 01:45:45]   ↳ 已存在，跳過 (花店花生花華-FaSunflower-Florist.html)
[2026-08-25 01:45:45] [71/84] 格蘭花店 Grand Floral & Gift Shop | https://grand.com.hk/
[2026-08-25 01:45:45] [71/84] 格蘭花店 Grand Floral & Gift Shop | https://grand.com.hk/
[2026-08-25 01:45:45]   ↳ 已存在，跳過 (格蘭花店-Grand-Floral--Gift-Shop.html)
[2026-08-25 01:45:45]   ↳ 已存在，跳過 (格蘭花店-Grand-Floral--Gift-Shop.html)
[2026-08-25 01:45:45] [72/84] WHY Studio - 上環證件相｜學生相｜專業形象照 | https://www.whystudiohk.com/
[2026-08-25 01:45:45] [72/84] WHY Studio - 上環證件相｜學生相｜專業形象照 | https://www.whystudiohk.com/
[2026-08-25 01:45:45]   ↳ 已存在，跳過 (WHY-Studio---上環證件相學生相專業形象照.html)
[2026-08-25 01:45:45]   ↳ 已存在，跳過 (WHY-Studio---上環證件相學生相專業形象照.html)
[2026-08-25 01:45:45] [73/84] Cat Watt 晴珊猫舎 | http://www.catwatt.com/
[2026-08-25 01:45:45] [73/84] Cat Watt 晴珊猫舎 | http://www.catwatt.com/
[2026-08-25 01:45:45]   ↳ 已存在，跳過 (Cat-Watt-晴珊猫舎.html)
[2026-08-25 01:45:45]   ↳ 已存在，跳過 (Cat-Watt-晴珊猫舎.html)
[2026-08-25 01:45:45] [74/84] 牙齒矯正及兒童齒科中心 (旺角朗豪坊) | Orthodon | https://www.ortho-center.com/
[2026-08-25 01:45:45] [74/84] 牙齒矯正及兒童齒科中心 (旺角朗豪坊) | Orthodon | https://www.ortho-center.com/
[2026-08-25 01:45:45]   ↳ 已存在，跳過 (牙齒矯正及兒童齒科中心-旺角朗豪坊-Orthodontic--Childrens-Dental-Center-Langh.html)
[2026-08-25 01:45:45]   ↳ 已存在，跳過 (牙齒矯正及兒童齒科中心-旺角朗豪坊-Orthodontic--Childrens-Dental-Center-Langh.html)
[2026-08-25 01:45:45] [75/84] HALO Flowers | https://haloflowers.com.hk/zh-hant/
[2026-08-25 01:45:45] [75/84] HALO Flowers | https://haloflowers.com.hk/zh-hant/
[2026-08-25 01:45:45]   ↳ 已存在，跳過 (HALO-Flowers.html)
[2026-08-25 01:45:45]   ↳ 已存在，跳過 (HALO-Flowers.html)
[2026-08-25 01:45:45] [76/84] Pettington 柏靈頓獸醫寵物用品 | https://www.pettington.com/
[2026-08-25 01:45:45] [76/84] Pettington 柏靈頓獸醫寵物用品 | https://www.pettington.com/
[2026-08-25 01:45:45]   ↳ 已存在，跳過 (Pettington-柏靈頓獸醫寵物用品.html)
[2026-08-25 01:45:45]   ↳ 已存在，跳過 (Pettington-柏靈頓獸醫寵物用品.html)
[2026-08-25 01:45:45] [77/84] 皓保牙科診所 Craft Smile Dental Cent | https://zh.drchrischeung.com/
[2026-08-25 01:45:45] [77/84] 皓保牙科診所 Craft Smile Dental Cent | https://zh.drchrischeung.com/
[2026-08-25 01:45:45]   ↳ 已存在，跳過 (皓保牙科診所-Craft-Smile-Dental-Center.html)
[2026-08-25 01:45:45]   ↳ 已存在，跳過 (皓保牙科診所-Craft-Smile-Dental-Center.html)
[2026-08-25 01:45:45] [78/84] Toyota Kowloon Bay Service Cen | https://www.toyota.com.hk/?utm_campaign=gmb&utm_medium=organic&utm_source=local
[2026-08-25 01:45:45] [78/84] Toyota Kowloon Bay Service Cen | https://www.toyota.com.hk/?utm_campaign=gmb&utm_medium=organic&utm_source=local
[2026-08-25 01:45:45]   ↳ 已存在，跳過 (Toyota-Kowloon-Bay-Service-Centre-Mechanical.html)
[2026-08-25 01:45:45]   ↳ 已存在，跳過 (Toyota-Kowloon-Bay-Service-Centre-Mechanical.html)
[2026-08-25 01:45:45] [79/84] Anglo Chinese Florist | http://www.anglochinese.com/
[2026-08-25 01:45:45] [79/84] Anglo Chinese Florist | http://www.anglochinese.com/
[2026-08-25 01:45:45]   ↳ 已存在，跳過 (Anglo-Chinese-Florist.html)
[2026-08-25 01:45:45]   ↳ 已存在，跳過 (Anglo-Chinese-Florist.html)
[2026-08-25 01:45:45] [80/84] Photobi HK 韓式 証件相拍摂工作室 - 湾仔店 | https://photobi.hk/
[2026-08-25 01:45:45] [80/84] Photobi HK 韓式 証件相拍摂工作室 - 湾仔店 | https://photobi.hk/
[2026-08-25 01:45:45]   ↳ 已存在，跳過 (Photobi-HK-韓式-証件相拍摂工作室---湾仔店.html)
[2026-08-25 01:45:45]   ↳ 已存在，跳過 (Photobi-HK-韓式-証件相拍摂工作室---湾仔店.html)
[2026-08-25 01:45:45] [81/84] Advance Pet Food | http://advancepetfood.com/
[2026-08-25 01:45:45] [81/84] Advance Pet Food | http://advancepetfood.com/
[2026-08-25 01:45:45]   ↳ 已存在，跳過 (Advance-Pet-Food.html)
[2026-08-25 01:45:45]   ↳ 已存在，跳過 (Advance-Pet-Food.html)
[2026-08-25 01:45:45] [82/84] Anna Maria Studio | http://annamstudio.com/
[2026-08-25 01:45:45] [82/84] Anna Maria Studio | http://annamstudio.com/
[2026-08-25 01:45:45]   ↳ 已存在，跳過 (Anna-Maria-Studio.html)
[2026-08-25 01:45:45]   ↳ 已存在，跳過 (Anna-Maria-Studio.html)
[2026-08-25 01:45:45] [83/84] 1984 HAIR SALON | https://1984hairsalon.wixsite.com/1984-hairsalon
[2026-08-25 01:45:45] [83/84] 1984 HAIR SALON | https://1984hairsalon.wixsite.com/1984-hairsalon
[2026-08-25 01:45:45]   ✓ 已儲存 1984-HAIR-SALON.html (805KB, requests 819234B)
[2026-08-25 01:45:45]   ✓ 已儲存 1984-HAIR-SALON.html (805KB, requests 819234B)
[2026-08-25 01:45:45] [84/84] Bulls PPF 専門店 | https://www.ppf.com.hk/
[2026-08-25 01:45:45] [84/84] Bulls PPF 専門店 | https://www.ppf.com.hk/
[2026-08-25 01:45:52]   ✓ 已儲存 Bulls-PPF-専門店.html (193KB, requests 194785B)
[2026-08-25 01:45:52]   ✓ 已儲存 Bulls-PPF-専門店.html (193KB, requests 194785B)
[2026-08-25 01:45:52] == 完成 ==
[2026-08-25 01:45:52] == 完成 ==
[2026-08-25 01:45:52] 成功 84 個，失敗 0 個
[2026-08-25 01:45:52] 成功 84 個，失敗 0 個

── 失敗清單 ──
[2026-08-25 01:45:52] == 開始為 0 間「沒網站但有聯絡」的商家建立一頁式網頁 → /home/ubuntu/.mok/html/project/MokCs ==
[2026-08-25 01:45:52] == 開始為 0 間「沒網站但有聯絡」的商家建立一頁式網頁 → /home/ubuntu/.mok/html/project/MokCs ==
[2026-08-25 01:45:52] == 一頁式網頁完成：0/0 ==
[2026-08-25 01:45:52] == 一頁式網頁完成：0/0 ==
[2026-08-25 02:13:47]   過濾：85 間 → 保留 85 間有 WhatsApp/Email 的商家
[2026-08-25 02:13:47]   過濾：85 間 → 保留 85 間有 WhatsApp/Email 的商家
[2026-08-25 02:13:47] == 開始克隆 85 個商家首頁 → /home/ubuntu/.mok/html/project/MokCs ==
[2026-08-25 02:13:47] == 開始克隆 85 個商家首頁 → /home/ubuntu/.mok/html/project/MokCs ==
[2026-08-25 02:13:47] [1/85] Hutong | https://hutong.com.hk/
[2026-08-25 02:13:47] [1/85] Hutong | https://hutong.com.hk/
[2026-08-25 02:13:47]   ↳ 已存在，跳過 (Hutong.html)
[2026-08-25 02:13:47]   ↳ 已存在，跳過 (Hutong.html)
[2026-08-25 02:13:47] [2/85] The Chairman Restaurant | https://www.thechairmangroup.com/
[2026-08-25 02:13:47] [2/85] The Chairman Restaurant | https://www.thechairmangroup.com/
[2026-08-25 02:13:47]   ↳ 已存在，跳過 (The-Chairman-Restaurant.html)
[2026-08-25 02:13:47]   ↳ 已存在，跳過 (The-Chairman-Restaurant.html)
[2026-08-25 02:13:47] [3/85] 南蛮亭香港店 | http://nanbantei.com.hk/
[2026-08-25 02:13:47] [3/85] 南蛮亭香港店 | http://nanbantei.com.hk/
[2026-08-25 02:13:47]   ↳ 已存在，跳過 (南蛮亭香港店.html)
[2026-08-25 02:13:47]   ↳ 已存在，跳過 (南蛮亭香港店.html)
[2026-08-25 02:13:47] [4/85] 添好運點心專賣店 | https://www.timhowan.com.hk/
[2026-08-25 02:13:47] [4/85] 添好運點心專賣店 | https://www.timhowan.com.hk/
[2026-08-25 02:13:47]   ↳ 已存在，跳過 (添好運點心專賣店.html)
[2026-08-25 02:13:47]   ↳ 已存在，跳過 (添好運點心專賣店.html)
[2026-08-25 02:13:47] [5/85] La Petite Maison (LPM) Hong Ko | https://lpmrestaurants.com/hongkong/
[2026-08-25 02:13:47] [5/85] La Petite Maison (LPM) Hong Ko | https://lpmrestaurants.com/hongkong/
[2026-08-25 02:13:47]   ↳ 已存在，跳過 (La-Petite-Maison-LPM-Hong-Kong.html)
[2026-08-25 02:13:47]   ↳ 已存在，跳過 (La-Petite-Maison-LPM-Hong-Kong.html)
[2026-08-25 02:13:47] [6/85] Glow Hong Kong | https://www.glowspa.hk/
[2026-08-25 02:13:47] [6/85] Glow Hong Kong | https://www.glowspa.hk/
[2026-08-25 02:13:47]   ↳ 已存在，跳過 (Glow-Hong-Kong.html)
[2026-08-25 02:13:47]   ↳ 已存在，跳過 (Glow-Hong-Kong.html)
[2026-08-25 02:13:47] [7/85] Mó The Slow Bloom | https://www.mo-hk.com/
[2026-08-25 02:13:47] [7/85] Mó The Slow Bloom | https://www.mo-hk.com/
[2026-08-25 02:13:47]   ↳ 已存在，跳過 (Mó-The-Slow-Bloom.html)
[2026-08-25 02:13:47]   ↳ 已存在，跳過 (Mó-The-Slow-Bloom.html)
[2026-08-25 02:13:47] [8/85] Lux Medical 医繊美 | https://www.luxbeauty.hk/
[2026-08-25 02:13:47] [8/85] Lux Medical 医繊美 | https://www.luxbeauty.hk/
[2026-08-25 02:13:47]   ↳ 已存在，跳過 (Lux-Medical-医繊美.html)
[2026-08-25 02:13:47]   ↳ 已存在，跳過 (Lux-Medical-医繊美.html)
[2026-08-25 02:13:47] [9/85] 114HAIR | http://www.114hair.com/
[2026-08-25 02:13:47] [9/85] 114HAIR | http://www.114hair.com/
[2026-08-25 02:13:47]   ↳ 已存在，跳過 (114HAIR.html)
[2026-08-25 02:13:47]   ↳ 已存在，跳過 (114HAIR.html)
[2026-08-25 02:13:47] [10/85] Love Hair | http://www.lovehairhk.com/
[2026-08-25 02:13:47] [10/85] Love Hair | http://www.lovehairhk.com/
[2026-08-25 02:13:47]   ↳ 已存在，跳過 (Love-Hair.html)
[2026-08-25 02:13:47]   ↳ 已存在，跳過 (Love-Hair.html)
[2026-08-25 02:13:47] [11/85] TONI&GUY HK | http://www.toniandguyhk.com/
[2026-08-25 02:13:47] [11/85] TONI&GUY HK | http://www.toniandguyhk.com/
[2026-08-25 02:13:47]   ↳ 已存在，跳過 (TONIGUY-HK.html)
[2026-08-25 02:13:47]   ↳ 已存在，跳過 (TONIGUY-HK.html)
[2026-08-25 02:13:47] [12/85] iMPROVE HAiR-尖沙咀salon 尖沙咀剪髮 尖沙 | http://www.ihair.com.hk/
[2026-08-25 02:13:47] [12/85] iMPROVE HAiR-尖沙咀salon 尖沙咀剪髮 尖沙 | http://www.ihair.com.hk/
[2026-08-25 02:13:47]   ↳ 已存在，跳過 (iMPROVE-HAiR-尖沙咀salon-尖沙咀剪髮-尖沙咀髮廊-尖沙咀中藥染髮-尖沙咀假髮-尖沙咀頭皮護理.html)
[2026-08-25 02:13:47]   ↳ 已存在，跳過 (iMPROVE-HAiR-尖沙咀salon-尖沙咀剪髮-尖沙咀髮廊-尖沙咀中藥染髮-尖沙咀假髮-尖沙咀頭皮護理.html)
[2026-08-25 02:13:47] [13/85] 金澱装修工程有限公司 | https://www.palaceengineeringltd.com/
[2026-08-25 02:13:47] [13/85] 金澱装修工程有限公司 | https://www.palaceengineeringltd.com/
[2026-08-25 02:13:47]   ↳ 已存在，跳過 (金澱装修工程有限公司.html)
[2026-08-25 02:13:47]   ↳ 已存在，跳過 (金澱装修工程有限公司.html)
[2026-08-25 02:13:47] [14/85] 鋒主義 - 室內設計公司 | 室內裝修工程 | 工期 報價  | https://www.fungstyle.com.hk/
[2026-08-25 02:13:47] [14/85] 鋒主義 - 室內設計公司 | 室內裝修工程 | 工期 報價  | https://www.fungstyle.com.hk/
[2026-08-25 02:13:47]   ↳ 已存在，跳過 (鋒主義---室內設計公司-室內裝修工程-工期-報價-服務-三大保證.html)
[2026-08-25 02:13:47]   ↳ 已存在，跳過 (鋒主義---室內設計公司-室內裝修工程-工期-報價-服務-三大保證.html)
[2026-08-25 02:13:47] [15/85] 装修兄弟 | http://www.renobro.com.hk/
[2026-08-25 02:13:47] [15/85] 装修兄弟 | http://www.renobro.com.hk/
[2026-08-25 02:13:47]   ↳ 已存在，跳過 (装修兄弟.html)
[2026-08-25 02:13:47]   ↳ 已存在，跳過 (装修兄弟.html)
[2026-08-25 02:13:47] [16/85] 居屋皇 House king | 香港室内設計及装修公司 | http://housekinghk.com/
[2026-08-25 02:13:47] [16/85] 居屋皇 House king | 香港室内設計及装修公司 | http://housekinghk.com/
[2026-08-25 02:13:47]   ↳ 已存在，跳過 (居屋皇-House-king-香港室内設計及装修公司.html)
[2026-08-25 02:13:47]   ↳ 已存在，跳過 (居屋皇-House-king-香港室内設計及装修公司.html)
[2026-08-25 02:13:47] [17/85] Toby 裝修設計平台｜免費裝修報價｜香港裝修公司及室內設計 | https://www.hellotoby.com/zh-hk/id
[2026-08-25 02:13:47] [17/85] Toby 裝修設計平台｜免費裝修報價｜香港裝修公司及室內設計 | https://www.hellotoby.com/zh-hk/id
[2026-08-25 02:13:47]   ↳ 已存在，跳過 (Toby-裝修設計平台免費裝修報價香港裝修公司及室內設計公司.html)
[2026-08-25 02:13:47]   ↳ 已存在，跳過 (Toby-裝修設計平台免費裝修報價香港裝修公司及室內設計公司.html)
[2026-08-25 02:13:47] [18/85] PET HK - Mid Levels Edition | http://pethk.com/
[2026-08-25 02:13:47] [18/85] PET HK - Mid Levels Edition | http://pethk.com/
[2026-08-25 02:13:47]   ↳ 已存在，跳過 (PET-HK---Mid-Levels-Edition.html)
[2026-08-25 02:13:47]   ↳ 已存在，跳過 (PET-HK---Mid-Levels-Edition.html)
[2026-08-25 02:13:47] [19/85] Ruff & Fetch 拉夫寵物生活 (佐敦 Jordan | http://www.ruffandfetch.com/
[2026-08-25 02:13:47] [19/85] Ruff & Fetch 拉夫寵物生活 (佐敦 Jordan | http://www.ruffandfetch.com/
[2026-08-25 02:13:47]   ↳ 已存在，跳過 (Ruff--Fetch-拉夫寵物生活-佐敦-Jordan.html)
[2026-08-25 02:13:47]   ↳ 已存在，跳過 (Ruff--Fetch-拉夫寵物生活-佐敦-Jordan.html)
[2026-08-25 02:13:47] [20/85] HKTA香港導師会 | https://www.hkta.edu.hk/
[2026-08-25 02:13:47] [20/85] HKTA香港導師会 | https://www.hkta.edu.hk/
[2026-08-25 02:13:47]   ↳ 已存在，跳過 (HKTA香港導師会.html)
[2026-08-25 02:13:47]   ↳ 已存在，跳過 (HKTA香港導師会.html)
[2026-08-25 02:13:47] [21/85] 騎士数学 Knight Mathematics - Band | https://knightmaths.edu.hk/
[2026-08-25 02:13:47] [21/85] 騎士数学 Knight Mathematics - Band | https://knightmaths.edu.hk/
[2026-08-25 02:13:47]   ↳ 已存在，跳過 (騎士数学-Knight-Mathematics---Band-1-DSE-数学補習社.html)
[2026-08-25 02:13:47]   ↳ 已存在，跳過 (騎士数学-Knight-Mathematics---Band-1-DSE-数学補習社.html)
[2026-08-25 02:13:47] [22/85] 香港文化教育中心 | https://docs.google.com/forms/d/e/1FAIpQLSdjgsQlR4w8ZgKgE9RgAUPsPwrZzAZpo5SCULDDOgygEdeDnQ/viewform
[2026-08-25 02:13:47] [22/85] 香港文化教育中心 | https://docs.google.com/forms/d/e/1FAIpQLSdjgsQlR4w8ZgKgE9RgAUPsPwrZzAZpo5SCULDDOgygEdeDnQ/viewform
[2026-08-25 02:13:47]   ↳ 已存在，跳過 (香港文化教育中心.html)
[2026-08-25 02:13:47]   ↳ 已存在，跳過 (香港文化教育中心.html)
[2026-08-25 02:13:47] [23/85] GETUTOR 香港導師総会｜上門補習中介平台｜私補導師推介 | https://www.getutor.com.hk/
[2026-08-25 02:13:47] [23/85] GETUTOR 香港導師総会｜上門補習中介平台｜私補導師推介 | https://www.getutor.com.hk/
[2026-08-25 02:13:47]   ↳ 已存在，跳過 (GETUTOR-香港導師総会上門補習中介平台私補導師推介Private-Tutors-AgencyIB-IGCSE-A.html)
[2026-08-25 02:13:47]   ↳ 已存在，跳過 (GETUTOR-香港導師総会上門補習中介平台私補導師推介Private-Tutors-AgencyIB-IGCSE-A.html)
[2026-08-25 02:13:47] [24/85] 英博教学中心 - 数学中文英文補習 - 中小学補習社 | https://eplc.edu.hk/
[2026-08-25 02:13:47] [24/85] 英博教学中心 - 数学中文英文補習 - 中小学補習社 | https://eplc.edu.hk/
[2026-08-25 02:13:47]   ↳ 已存在，跳過 (英博教学中心---数学中文英文補習---中小学補習社.html)
[2026-08-25 02:13:47]   ↳ 已存在，跳過 (英博教学中心---数学中文英文補習---中小学補習社.html)
[2026-08-25 02:13:47] [25/85] 進研教育 - 英文中文数学補習社 | https://joinin-education.com/
[2026-08-25 02:13:47] [25/85] 進研教育 - 英文中文数学補習社 | https://joinin-education.com/
[2026-08-25 02:13:47]   ↳ 已存在，跳過 (進研教育---英文中文数学補習社.html)
[2026-08-25 02:13:47]   ↳ 已存在，跳過 (進研教育---英文中文数学補習社.html)
[2026-08-25 02:13:47] [26/85] 學斯教育(灣仔) | http://hoksi-edu.com/
[2026-08-25 02:13:47] [26/85] 學斯教育(灣仔) | http://hoksi-edu.com/
[2026-08-25 02:13:47]   ↳ 已存在，跳過 (學斯教育灣仔.html)
[2026-08-25 02:13:47]   ↳ 已存在，跳過 (學斯教育灣仔.html)
[2026-08-25 02:13:47] [27/85] 補習社｜学博教育 Learn Smart Education | https://learnsmart.edu.hk/
[2026-08-25 02:13:47] [27/85] 補習社｜学博教育 Learn Smart Education | https://learnsmart.edu.hk/
[2026-08-25 02:13:47]   ↳ 已存在，跳過 (補習社学博教育-Learn-Smart-Education.html)
[2026-08-25 02:13:47]   ↳ 已存在，跳過 (補習社学博教育-Learn-Smart-Education.html)
[2026-08-25 02:13:47] [28/85] 24/7 Fitness Central | http://247.fitness/
[2026-08-25 02:13:47] [28/85] 24/7 Fitness Central | http://247.fitness/
[2026-08-25 02:13:47]   ↳ 已存在，跳過 (24-7-Fitness-Central.html)
[2026-08-25 02:13:47]   ↳ 已存在，跳過 (24-7-Fitness-Central.html)
[2026-08-25 02:13:47] [29/85] 啓弘牙科（旺角店）丨九龍/旺角牙医/智慧歯/箍牙/隠式美/全 | https://omnesdental.com/
[2026-08-25 02:13:47] [29/85] 啓弘牙科（旺角店）丨九龍/旺角牙医/智慧歯/箍牙/隠式美/全 | https://omnesdental.com/
[2026-08-25 02:13:47]   ↳ 已存在，跳過 (啓弘牙科旺角店丨九龍-旺角牙医-智慧歯-箍牙-隠式美-全方位牙科服務-専業治療牙痛-種植牙-補牙-剥牙-洗牙.html)
[2026-08-25 02:13:47]   ↳ 已存在，跳過 (啓弘牙科旺角店丨九龍-旺角牙医-智慧歯-箍牙-隠式美-全方位牙科服務-専業治療牙痛-種植牙-補牙-剥牙-洗牙.html)
[2026-08-25 02:13:47] [30/85] Smith & Jain Dentists 史密夫和鄭牙醫診 | https://smithandjaindentists.com/
[2026-08-25 02:13:47] [30/85] Smith & Jain Dentists 史密夫和鄭牙醫診 | https://smithandjaindentists.com/
[2026-08-25 02:13:47]   ↳ 已存在，跳過 (Smith--Jain-Dentists-史密夫和鄭牙醫診所.html)
[2026-08-25 02:13:47]   ↳ 已存在，跳過 (Smith--Jain-Dentists-史密夫和鄭牙醫診所.html)
[2026-08-25 02:13:47] [31/85] Home Dental (Tsim Sha Tsui Bra | https://homedentalhk.com/cn/contact-us/tst
[2026-08-25 02:13:47] [31/85] Home Dental (Tsim Sha Tsui Bra | https://homedentalhk.com/cn/contact-us/tst
[2026-08-25 02:13:47]   ↳ 已存在，跳過 (Home-Dental-Tsim-Sha-Tsui-Branch.html)
[2026-08-25 02:13:47]   ↳ 已存在，跳過 (Home-Dental-Tsim-Sha-Tsui-Branch.html)
[2026-08-25 02:13:47] [32/85] 伍裕彤牙医 | https://trucaredental.hk/
[2026-08-25 02:13:47] [32/85] 伍裕彤牙医 | https://trucaredental.hk/
[2026-08-25 02:13:47]   ↳ 已存在，跳過 (伍裕彤牙医.html)
[2026-08-25 02:13:47]   ↳ 已存在，跳過 (伍裕彤牙医.html)
[2026-08-25 02:13:47] [33/85] Home Dental | https://homedentalhk.com/cn/contact-us/cwb
[2026-08-25 02:13:47] [33/85] Home Dental | https://homedentalhk.com/cn/contact-us/cwb
[2026-08-25 02:13:47]   ↳ 已存在，跳過 (Home-Dental.html)
[2026-08-25 02:13:47]   ↳ 已存在，跳過 (Home-Dental.html)
[2026-08-25 02:13:47] [34/85] T.O.P Dental by Family Smile L | http://www.topdental.hk/
[2026-08-25 02:13:47] [34/85] T.O.P Dental by Family Smile L | http://www.topdental.hk/
[2026-08-25 02:13:47]   ↳ 已存在，跳過 (T.O.P-Dental-by-Family-Smile-Ltd-香港牙科醫療集團-旺角太子牙醫中心.html)
[2026-08-25 02:13:47]   ↳ 已存在，跳過 (T.O.P-Dental-by-Family-Smile-Ltd-香港牙科醫療集團-旺角太子牙醫中心.html)
[2026-08-25 02:13:47] [35/85] Metro Dental 城健総合牙科医療中心 | https://www.metrodental.com.hk/
[2026-08-25 02:13:47] [35/85] Metro Dental 城健総合牙科医療中心 | https://www.metrodental.com.hk/
[2026-08-25 02:13:47]   ↳ 已存在，跳過 (Metro-Dental-城健総合牙科医療中心.html)
[2026-08-25 02:13:47]   ↳ 已存在，跳過 (Metro-Dental-城健総合牙科医療中心.html)
[2026-08-25 02:13:47] [36/85] 大国手 汽車車身維修 Grand Tycoon Automo | http://grandtycoon.com/
[2026-08-25 02:13:47] [36/85] 大国手 汽車車身維修 Grand Tycoon Automo | http://grandtycoon.com/
[2026-08-25 02:13:47]   ↳ 已存在，跳過 (大国手-汽車車身維修-Grand-Tycoon-Automotive-Repair-Shop.html)
[2026-08-25 02:13:47]   ↳ 已存在，跳過 (大国手-汽車車身維修-Grand-Tycoon-Automotive-Repair-Shop.html)
[2026-08-25 02:13:47] [37/85] AutoMate | Sham Shui Po Shop | https://www.automate-app.com/auto-shop
[2026-08-25 02:13:47] [37/85] AutoMate | Sham Shui Po Shop | https://www.automate-app.com/auto-shop
[2026-08-25 02:13:47]   ↳ 已存在，跳過 (AutoMate-Sham-Shui-Po-Shop.html)
[2026-08-25 02:13:47]   ↳ 已存在，跳過 (AutoMate-Sham-Shui-Po-Shop.html)
[2026-08-25 02:13:47] [38/85] Carol Garage Limited | http://www.carolgarage.com.hk/
[2026-08-25 02:13:47] [38/85] Carol Garage Limited | http://www.carolgarage.com.hk/
[2026-08-25 02:13:47]   ↳ 已存在，跳過 (Carol-Garage-Limited.html)
[2026-08-25 02:13:47]   ↳ 已存在，跳過 (Carol-Garage-Limited.html)
[2026-08-25 02:13:47] [39/85] 八方汽車 | Power Moto Limited | http://www.power-moto.hk/
[2026-08-25 02:13:47] [39/85] 八方汽車 | Power Moto Limited | http://www.power-moto.hk/
[2026-08-25 02:13:47]   ↳ 已存在，跳過 (八方汽車-Power-Moto-Limited.html)
[2026-08-25 02:13:47]   ↳ 已存在，跳過 (八方汽車-Power-Moto-Limited.html)
[2026-08-25 02:13:47] [40/85] Flow & Roll Laundry 自助洗衣 (中環 C | https://flowandroll.com/
[2026-08-25 02:13:47] [40/85] Flow & Roll Laundry 自助洗衣 (中環 C | https://flowandroll.com/
[2026-08-25 02:13:47]   ↳ 已存在，跳過 (Flow--Roll-Laundry-自助洗衣-中環-Central.html)
[2026-08-25 02:13:47]   ↳ 已存在，跳過 (Flow--Roll-Laundry-自助洗衣-中環-Central.html)
[2026-08-25 02:13:47] [41/85] 初洗 First Laundry 觀塘24小時自助洗衣店 | https://wa.me/85268716550
[2026-08-25 02:13:47] [41/85] 初洗 First Laundry 觀塘24小時自助洗衣店 | https://wa.me/85268716550
[2026-08-25 02:13:47]   ↳ 已存在，跳過 (初洗-First-Laundry-觀塘24小時自助洗衣店.html)
[2026-08-25 02:13:47]   ↳ 已存在，跳過 (初洗-First-Laundry-觀塘24小時自助洗衣店.html)
[2026-08-25 02:13:47] [42/85] 水漾衣坊 water laundry | https://whalewashmk.hk/
[2026-08-25 02:13:47] [42/85] 水漾衣坊 water laundry | https://whalewashmk.hk/
[2026-08-25 02:13:47]   ↳ 已存在，跳過 (水漾衣坊-water-laundry.html)
[2026-08-25 02:13:47]   ↳ 已存在，跳過 (水漾衣坊-water-laundry.html)
[2026-08-25 02:13:47] [43/85] FLORISTRY by ART OF LIVING | http://www.floristrybyartofliving.com/
[2026-08-25 02:13:47] [43/85] FLORISTRY by ART OF LIVING | http://www.floristrybyartofliving.com/
[2026-08-25 02:13:47]   ↳ 已存在，跳過 (FLORISTRY-by-ART-OF-LIVING.html)
[2026-08-25 02:13:47]   ↳ 已存在，跳過 (FLORISTRY-by-ART-OF-LIVING.html)
[2026-08-25 02:13:47] [44/85] 花籃 450 - Flower 450 | https://flower450.com/
[2026-08-25 02:13:47] [44/85] 花籃 450 - Flower 450 | https://flower450.com/
[2026-08-25 02:13:47]   ↳ 已存在，跳過 (花籃-450---Flower-450.html)
[2026-08-25 02:13:47]   ↳ 已存在，跳過 (花籃-450---Flower-450.html)
[2026-08-25 02:13:47] [45/85] 優之花鋪-U Flower Shop | https://www.uflowershop.com/
[2026-08-25 02:13:47] [45/85] 優之花鋪-U Flower Shop | https://www.uflowershop.com/
[2026-08-25 02:13:47]   ↳ 已存在，跳過 (優之花鋪-U-Flower-Shop.html)
[2026-08-25 02:13:47]   ↳ 已存在，跳過 (優之花鋪-U-Flower-Shop.html)
[2026-08-25 02:13:47] [46/85] Eternal Flora hk | https://www.eternalflorahk.com/
[2026-08-25 02:13:47] [46/85] Eternal Flora hk | https://www.eternalflorahk.com/
[2026-08-25 02:13:47]   ↳ 已存在，跳過 (Eternal-Flora-hk.html)
[2026-08-25 02:13:47]   ↳ 已存在，跳過 (Eternal-Flora-hk.html)
[2026-08-25 02:13:47] [47/85] FDHK - Flower Delivery Hong Ko | https://flowerdeliveryhongkong.com/
[2026-08-25 02:13:47] [47/85] FDHK - Flower Delivery Hong Ko | https://flowerdeliveryhongkong.com/
[2026-08-25 02:13:47]   ↳ 已存在，跳過 (FDHK---Flower-Delivery-Hong-Kong.html)
[2026-08-25 02:13:47]   ↳ 已存在，跳過 (FDHK---Flower-Delivery-Hong-Kong.html)
[2026-08-25 02:13:47] [48/85] Joseph Photo 香港專業攝影工作室 | https://josephphoto.hk/
[2026-08-25 02:13:47] [48/85] Joseph Photo 香港專業攝影工作室 | https://josephphoto.hk/
[2026-08-25 02:13:47]   ↳ 已存在，跳過 (Joseph-Photo-香港專業攝影工作室.html)
[2026-08-25 02:13:47]   ↳ 已存在，跳過 (Joseph-Photo-香港專業攝影工作室.html)
[2026-08-25 02:13:47] [49/85] Majesty Professional Photo殿堂館- | https://www.majestyprofessional.com/
[2026-08-25 02:13:47] [49/85] Majesty Professional Photo殿堂館- | https://www.majestyprofessional.com/
[2026-08-25 02:13:47]   ↳ 已存在，跳過 (Majesty-Professional-Photo殿堂館-專業照首選.html)
[2026-08-25 02:13:47]   ↳ 已存在，跳過 (Majesty-Professional-Photo殿堂館-專業照首選.html)
[2026-08-25 02:13:47] [50/85] Owl Photo Studio 貓頭鷹照相館 | https://www.owlphoto.hk/
[2026-08-25 02:13:47] [50/85] Owl Photo Studio 貓頭鷹照相館 | https://www.owlphoto.hk/
[2026-08-25 02:13:47]   ↳ 已存在，跳過 (Owl-Photo-Studio-貓頭鷹照相館.html)
[2026-08-25 02:13:47]   ↳ 已存在，跳過 (Owl-Photo-Studio-貓頭鷹照相館.html)
[2026-08-25 02:13:47] [51/85] Yat Tung Heen - Eaton HK | https://www.yattungheen.com/
[2026-08-25 02:13:47] [51/85] Yat Tung Heen - Eaton HK | https://www.yattungheen.com/
[2026-08-25 02:13:47]   ↳ 已存在，跳過 (Yat-Tung-Heen---Eaton-HK.html)
[2026-08-25 02:13:47]   ↳ 已存在，跳過 (Yat-Tung-Heen---Eaton-HK.html)
[2026-08-25 02:13:47] [52/85] Hair Quest Hair salon Central | https://www.hairquest-hk.com/
[2026-08-25 02:13:47] [52/85] Hair Quest Hair salon Central | https://www.hairquest-hk.com/
[2026-08-25 02:13:47]   ↳ 已存在，跳過 (Hair-Quest-Hair-salon-Central.html)
[2026-08-25 02:13:47]   ↳ 已存在，跳過 (Hair-Quest-Hair-salon-Central.html)
[2026-08-25 02:13:47] [53/85] 天下猫猫一様猫 | https://www.catiscat.com.hk/
[2026-08-25 02:13:47] [53/85] 天下猫猫一様猫 | https://www.catiscat.com.hk/
[2026-08-25 02:13:47]   ↳ 已存在，跳過 (天下猫猫一様猫.html)
[2026-08-25 02:13:47]   ↳ 已存在，跳過 (天下猫猫一様猫.html)
[2026-08-25 02:13:47] [54/85] Bora beauty | https://bora.hk/
[2026-08-25 02:13:47] [54/85] Bora beauty | https://bora.hk/
[2026-08-25 02:13:47]   ↳ 已存在，跳過 (Bora-beauty.html)
[2026-08-25 02:13:47]   ↳ 已存在，跳過 (Bora-beauty.html)
[2026-08-25 02:13:47] [55/85] Dream Scenes Studio | http://dreamscenesstudio.com/
[2026-08-25 02:13:47] [55/85] Dream Scenes Studio | http://dreamscenesstudio.com/
[2026-08-25 02:13:47]   ↳ 已存在，跳過 (Dream-Scenes-Studio.html)
[2026-08-25 02:13:47]   ↳ 已存在，跳過 (Dream-Scenes-Studio.html)
[2026-08-25 02:13:47] [56/85] Dazzling Smile Dental Clinic 瑩 | https://dazzlingsmiledentalclinic.com/
[2026-08-25 02:13:47] [56/85] Dazzling Smile Dental Clinic 瑩 | https://dazzlingsmiledentalclinic.com/
[2026-08-25 02:13:47]   ↳ 已存在，跳過 (Dazzling-Smile-Dental-Clinic-瑩恩牙科診所.html)
[2026-08-25 02:13:47]   ↳ 已存在，跳過 (Dazzling-Smile-Dental-Clinic-瑩恩牙科診所.html)
[2026-08-25 02:13:47] [57/85] Family Smile Limited | http://www.familysmile.hk/
[2026-08-25 02:13:47] [57/85] Family Smile Limited | http://www.familysmile.hk/
[2026-08-25 02:13:47]   ↳ 已存在，跳過 (Family-Smile-Limited.html)
[2026-08-25 02:13:47]   ↳ 已存在，跳過 (Family-Smile-Limited.html)
[2026-08-25 02:13:47] [58/85] INDULGENCE hair & beauty salon | http://www.indulgence.hk/
[2026-08-25 02:13:47] [58/85] INDULGENCE hair & beauty salon | http://www.indulgence.hk/
[2026-08-25 02:13:47]   ↳ 已存在，跳過 (INDULGENCE-hair--beauty-salon.html)
[2026-08-25 02:13:47]   ↳ 已存在，跳過 (INDULGENCE-hair--beauty-salon.html)
[2026-08-25 02:13:47] [59/85] 花店 | 花束專家 | https://www.flowerbouquet.com.hk/
[2026-08-25 02:13:47] [59/85] 花店 | 花束專家 | https://www.flowerbouquet.com.hk/
[2026-08-25 02:13:47]   ↳ 已存在，跳過 (花店-花束專家.html)
[2026-08-25 02:13:47]   ↳ 已存在，跳過 (花店-花束專家.html)
[2026-08-25 02:13:47] [60/85] 網上訂花 ‧ 送花香港 | Fdhk 最高評分即日網上花店 | https://flowerdeliveryhongkong.com/zh
[2026-08-25 02:13:47] [60/85] 網上訂花 ‧ 送花香港 | Fdhk 最高評分即日網上花店 | https://flowerdeliveryhongkong.com/zh
[2026-08-25 02:13:47]   ↳ 已存在，跳過 (網上訂花--送花香港-Fdhk-最高評分即日網上花店.html)
[2026-08-25 02:13:47]   ↳ 已存在，跳過 (網上訂花--送花香港-Fdhk-最高評分即日網上花店.html)
[2026-08-25 02:13:47] [61/85] Rhine Flowers | https://rhineflowers.com/
[2026-08-25 02:13:47] [61/85] Rhine Flowers | https://rhineflowers.com/
[2026-08-25 02:13:47]   ↳ 已存在，跳過 (Rhine-Flowers.html)
[2026-08-25 02:13:47]   ↳ 已存在，跳過 (Rhine-Flowers.html)
[2026-08-25 02:13:47] [62/85] 香港花店｜網上訂花及送花｜Gift Flowers HK | https://giftflowers.com.hk/cn/
[2026-08-25 02:13:47] [62/85] 香港花店｜網上訂花及送花｜Gift Flowers HK | https://giftflowers.com.hk/cn/
[2026-08-25 02:13:47]   ↳ 已存在，跳過 (香港花店網上訂花及送花Gift-Flowers-HK.html)
[2026-08-25 02:13:47]   ↳ 已存在，跳過 (香港花店網上訂花及送花Gift-Flowers-HK.html)
[2026-08-25 02:13:47] [63/85] Flora Floriculture - 花店 | https://www.floraf.com.hk/
[2026-08-25 02:13:47] [63/85] Flora Floriculture - 花店 | https://www.floraf.com.hk/
[2026-08-25 02:13:47]   ↳ 已存在，跳過 (Flora-Floriculture---花店.html)
[2026-08-25 02:13:47]   ↳ 已存在，跳過 (Flora-Floriculture---花店.html)
[2026-08-25 02:13:47] [64/85] 香港花店 | https://www.mrsliuflorist.com/
[2026-08-25 02:13:47] [64/85] 香港花店 | https://www.mrsliuflorist.com/
[2026-08-25 02:13:47]   ↳ 已存在，跳過 (香港花店.html)
[2026-08-25 02:13:47]   ↳ 已存在，跳過 (香港花店.html)
[2026-08-25 02:13:47] [65/85] 網上花店| 網上訂花 | 即日送花 | HKfashop | https://hkfashop.com/
[2026-08-25 02:13:47] [65/85] 網上花店| 網上訂花 | 即日送花 | HKfashop | https://hkfashop.com/
[2026-08-25 02:13:47]   ↳ 已存在，跳過 (網上花店-網上訂花-即日送花-HKfashop.html)
[2026-08-25 02:13:47]   ↳ 已存在，跳過 (網上花店-網上訂花-即日送花-HKfashop.html)
[2026-08-25 02:13:47] [66/85] 【 送花】 ｜訂花｜Flowerbee Florist訂花束 | https://flowerbee-hk.com/zh
[2026-08-25 02:13:47] [66/85] 【 送花】 ｜訂花｜Flowerbee Florist訂花束 | https://flowerbee-hk.com/zh
[2026-08-25 02:13:47]   ↳ 已存在，跳過 (送花-訂花Flowerbee-Florist訂花束---Flowerbee-HK-Florist.html)
[2026-08-25 02:13:47]   ↳ 已存在，跳過 (送花-訂花Flowerbee-Florist訂花束---Flowerbee-HK-Florist.html)
[2026-08-25 02:13:47] [67/85] 花點時間｜香港旺角花墟實體花店：24小時訂花、鮮花花束、開張 | https://www.reflower.com.hk/
[2026-08-25 02:13:47] [67/85] 花點時間｜香港旺角花墟實體花店：24小時訂花、鮮花花束、開張 | https://www.reflower.com.hk/
[2026-08-25 02:13:47]   ↳ 已存在，跳過 (花點時間香港旺角花墟實體花店24小時訂花鮮花花束開張花籃鮮花批發---花點時間-Reflower.html)
[2026-08-25 02:13:47]   ↳ 已存在，跳過 (花點時間香港旺角花墟實體花店24小時訂花鮮花花束開張花籃鮮花批發---花點時間-Reflower.html)
[2026-08-25 02:13:47] [68/85] 香港花店- 首頁花店推薦 - 我們代表和倡導位於香港島、九龍 | https://zh-hk.hk-florist.org/
[2026-08-25 02:13:47] [68/85] 香港花店- 首頁花店推薦 - 我們代表和倡導位於香港島、九龍 | https://zh-hk.hk-florist.org/
[2026-08-25 02:13:47]   ↳ 已存在，跳過 (香港花店--首頁花店推薦---我們代表和倡導位於香港島九龍和新界的花店以及在線花店和鮮花配送公司.html)
[2026-08-25 02:13:47]   ↳ 已存在，跳過 (香港花店--首頁花店推薦---我們代表和倡導位於香港島九龍和新界的花店以及在線花店和鮮花配送公司.html)
[2026-08-25 02:13:47] [69/85] 有花漾 ZH Flowers | https://www.zh-flowers.com/
[2026-08-25 02:13:47] [69/85] 有花漾 ZH Flowers | https://www.zh-flowers.com/
[2026-08-25 02:13:47]   ↳ 已存在，跳過 (有花漾-ZH-Flowers.html)
[2026-08-25 02:13:47]   ↳ 已存在，跳過 (有花漾-ZH-Flowers.html)
[2026-08-25 02:13:47] [70/85] 花店花生花華 | FaSunflower Florist | https://www.fasunflower.com/
[2026-08-25 02:13:47] [70/85] 花店花生花華 | FaSunflower Florist | https://www.fasunflower.com/
[2026-08-25 02:13:47]   ↳ 已存在，跳過 (花店花生花華-FaSunflower-Florist.html)
[2026-08-25 02:13:47]   ↳ 已存在，跳過 (花店花生花華-FaSunflower-Florist.html)
[2026-08-25 02:13:47] [71/85] 格蘭花店 Grand Floral & Gift Shop | https://grand.com.hk/
[2026-08-25 02:13:47] [71/85] 格蘭花店 Grand Floral & Gift Shop | https://grand.com.hk/
[2026-08-25 02:13:47]   ↳ 已存在，跳過 (格蘭花店-Grand-Floral--Gift-Shop.html)
[2026-08-25 02:13:47]   ↳ 已存在，跳過 (格蘭花店-Grand-Floral--Gift-Shop.html)
[2026-08-25 02:13:47] [72/85] WHY Studio - 上環證件相｜學生相｜專業形象照 | https://www.whystudiohk.com/
[2026-08-25 02:13:47] [72/85] WHY Studio - 上環證件相｜學生相｜專業形象照 | https://www.whystudiohk.com/
[2026-08-25 02:13:47]   ↳ 已存在，跳過 (WHY-Studio---上環證件相學生相專業形象照.html)
[2026-08-25 02:13:47]   ↳ 已存在，跳過 (WHY-Studio---上環證件相學生相專業形象照.html)
[2026-08-25 02:13:47] [73/85] Cat Watt 晴珊猫舎 | http://www.catwatt.com/
[2026-08-25 02:13:47] [73/85] Cat Watt 晴珊猫舎 | http://www.catwatt.com/
[2026-08-25 02:13:47]   ↳ 已存在，跳過 (Cat-Watt-晴珊猫舎.html)
[2026-08-25 02:13:47]   ↳ 已存在，跳過 (Cat-Watt-晴珊猫舎.html)
[2026-08-25 02:13:47] [74/85] 牙齒矯正及兒童齒科中心 (旺角朗豪坊) | Orthodon | https://www.ortho-center.com/
[2026-08-25 02:13:47] [74/85] 牙齒矯正及兒童齒科中心 (旺角朗豪坊) | Orthodon | https://www.ortho-center.com/
[2026-08-25 02:13:47]   ↳ 已存在，跳過 (牙齒矯正及兒童齒科中心-旺角朗豪坊-Orthodontic--Childrens-Dental-Center-Langh.html)
[2026-08-25 02:13:47]   ↳ 已存在，跳過 (牙齒矯正及兒童齒科中心-旺角朗豪坊-Orthodontic--Childrens-Dental-Center-Langh.html)
[2026-08-25 02:13:47] [75/85] HALO Flowers | https://haloflowers.com.hk/zh-hant/
[2026-08-25 02:13:47] [75/85] HALO Flowers | https://haloflowers.com.hk/zh-hant/
[2026-08-25 02:13:47]   ↳ 已存在，跳過 (HALO-Flowers.html)
[2026-08-25 02:13:47]   ↳ 已存在，跳過 (HALO-Flowers.html)
[2026-08-25 02:13:47] [76/85] Pettington 柏靈頓獸醫寵物用品 | https://www.pettington.com/
[2026-08-25 02:13:47] [76/85] Pettington 柏靈頓獸醫寵物用品 | https://www.pettington.com/
[2026-08-25 02:13:47]   ↳ 已存在，跳過 (Pettington-柏靈頓獸醫寵物用品.html)
[2026-08-25 02:13:47]   ↳ 已存在，跳過 (Pettington-柏靈頓獸醫寵物用品.html)
[2026-08-25 02:13:47] [77/85] 皓保牙科診所 Craft Smile Dental Cent | https://zh.drchrischeung.com/
[2026-08-25 02:13:47] [77/85] 皓保牙科診所 Craft Smile Dental Cent | https://zh.drchrischeung.com/
[2026-08-25 02:13:47]   ↳ 已存在，跳過 (皓保牙科診所-Craft-Smile-Dental-Center.html)
[2026-08-25 02:13:47]   ↳ 已存在，跳過 (皓保牙科診所-Craft-Smile-Dental-Center.html)
[2026-08-25 02:13:47] [78/85] Toyota Kowloon Bay Service Cen | https://www.toyota.com.hk/?utm_campaign=gmb&utm_medium=organic&utm_source=local
[2026-08-25 02:13:47] [78/85] Toyota Kowloon Bay Service Cen | https://www.toyota.com.hk/?utm_campaign=gmb&utm_medium=organic&utm_source=local
[2026-08-25 02:13:47]   ↳ 已存在，跳過 (Toyota-Kowloon-Bay-Service-Centre-Mechanical.html)
[2026-08-25 02:13:47]   ↳ 已存在，跳過 (Toyota-Kowloon-Bay-Service-Centre-Mechanical.html)
[2026-08-25 02:13:47] [79/85] Anglo Chinese Florist | http://www.anglochinese.com/
[2026-08-25 02:13:47] [79/85] Anglo Chinese Florist | http://www.anglochinese.com/
[2026-08-25 02:13:47]   ↳ 已存在，跳過 (Anglo-Chinese-Florist.html)
[2026-08-25 02:13:47]   ↳ 已存在，跳過 (Anglo-Chinese-Florist.html)
[2026-08-25 02:13:47] [80/85] Photobi HK 韓式 証件相拍摂工作室 - 湾仔店 | https://photobi.hk/
[2026-08-25 02:13:47] [80/85] Photobi HK 韓式 証件相拍摂工作室 - 湾仔店 | https://photobi.hk/
[2026-08-25 02:13:47]   ↳ 已存在，跳過 (Photobi-HK-韓式-証件相拍摂工作室---湾仔店.html)
[2026-08-25 02:13:47]   ↳ 已存在，跳過 (Photobi-HK-韓式-証件相拍摂工作室---湾仔店.html)
[2026-08-25 02:13:47] [81/85] Advance Pet Food | http://advancepetfood.com/
[2026-08-25 02:13:47] [81/85] Advance Pet Food | http://advancepetfood.com/
[2026-08-25 02:13:47]   ↳ 已存在，跳過 (Advance-Pet-Food.html)
[2026-08-25 02:13:47]   ↳ 已存在，跳過 (Advance-Pet-Food.html)
[2026-08-25 02:13:47] [82/85] Anna Maria Studio | http://annamstudio.com/
[2026-08-25 02:13:47] [82/85] Anna Maria Studio | http://annamstudio.com/
[2026-08-25 02:13:47]   ↳ 已存在，跳過 (Anna-Maria-Studio.html)
[2026-08-25 02:13:47]   ↳ 已存在，跳過 (Anna-Maria-Studio.html)
[2026-08-25 02:13:47] [83/85] 1984 HAIR SALON | https://1984hairsalon.wixsite.com/1984-hairsalon
[2026-08-25 02:13:47] [83/85] 1984 HAIR SALON | https://1984hairsalon.wixsite.com/1984-hairsalon
[2026-08-25 02:13:47]   ↳ 已存在，跳過 (1984-HAIR-SALON.html)
[2026-08-25 02:13:47]   ↳ 已存在，跳過 (1984-HAIR-SALON.html)
[2026-08-25 02:13:47] [84/85] Bulls PPF 専門店 | https://www.ppf.com.hk/
[2026-08-25 02:13:47] [84/85] Bulls PPF 専門店 | https://www.ppf.com.hk/
[2026-08-25 02:13:47]   ↳ 已存在，跳過 (Bulls-PPF-専門店.html)
[2026-08-25 02:13:47]   ↳ 已存在，跳過 (Bulls-PPF-専門店.html)
[2026-08-25 02:13:47] [85/85] LEEKAJA X AMONG Hair Salon Cen | https://www.leekaja.hk/
[2026-08-25 02:13:47] [85/85] LEEKAJA X AMONG Hair Salon Cen | https://www.leekaja.hk/
[2026-08-25 02:13:47]   ✓ 已儲存 LEEKAJA-X-AMONG-Hair-Salon-Century-Square-in-Hongkong-한국-미용실.html (816KB, requests 834941B)
[2026-08-25 02:13:47]   ✓ 已儲存 LEEKAJA-X-AMONG-Hair-Salon-Century-Square-in-Hongkong-한국-미용실.html (816KB, requests 834941B)
[2026-08-25 02:13:48] == 完成 ==
[2026-08-25 02:13:48] == 完成 ==
[2026-08-25 02:13:48] 成功 85 個，失敗 0 個
[2026-08-25 02:13:48] 成功 85 個，失敗 0 個

── 失敗清單 ──
[2026-08-25 02:13:48] == 開始為 0 間「沒網站但有聯絡」的商家建立一頁式網頁 → /home/ubuntu/.mok/html/project/MokCs ==
[2026-08-25 02:13:48] == 開始為 0 間「沒網站但有聯絡」的商家建立一頁式網頁 → /home/ubuntu/.mok/html/project/MokCs ==
[2026-08-25 02:13:48] == 一頁式網頁完成：0/0 ==
[2026-08-25 02:13:48] == 一頁式網頁完成：0/0 ==
[2026-08-25 02:43:42]   過濾：87 間 → 保留 87 間有 WhatsApp/Email 的商家
[2026-08-25 02:43:42]   過濾：87 間 → 保留 87 間有 WhatsApp/Email 的商家
[2026-08-25 02:43:42] == 開始克隆 87 個商家首頁 → /home/ubuntu/.mok/html/project/MokCs ==
[2026-08-25 02:43:42] == 開始克隆 87 個商家首頁 → /home/ubuntu/.mok/html/project/MokCs ==
[2026-08-25 02:43:42] [1/87] Hutong | https://hutong.com.hk/
[2026-08-25 02:43:42] [1/87] Hutong | https://hutong.com.hk/
[2026-08-25 02:43:42]   ↳ 已存在，跳過 (Hutong.html)
[2026-08-25 02:43:42]   ↳ 已存在，跳過 (Hutong.html)
[2026-08-25 02:43:42] [2/87] The Chairman Restaurant | https://www.thechairmangroup.com/
[2026-08-25 02:43:42] [2/87] The Chairman Restaurant | https://www.thechairmangroup.com/
[2026-08-25 02:43:42]   ↳ 已存在，跳過 (The-Chairman-Restaurant.html)
[2026-08-25 02:43:42]   ↳ 已存在，跳過 (The-Chairman-Restaurant.html)
[2026-08-25 02:43:42] [3/87] 南蛮亭香港店 | http://nanbantei.com.hk/
[2026-08-25 02:43:42] [3/87] 南蛮亭香港店 | http://nanbantei.com.hk/
[2026-08-25 02:43:42]   ↳ 已存在，跳過 (南蛮亭香港店.html)
[2026-08-25 02:43:42]   ↳ 已存在，跳過 (南蛮亭香港店.html)
[2026-08-25 02:43:42] [4/87] 添好運點心專賣店 | https://www.timhowan.com.hk/
[2026-08-25 02:43:42] [4/87] 添好運點心專賣店 | https://www.timhowan.com.hk/
[2026-08-25 02:43:42]   ↳ 已存在，跳過 (添好運點心專賣店.html)
[2026-08-25 02:43:42]   ↳ 已存在，跳過 (添好運點心專賣店.html)
[2026-08-25 02:43:42] [5/87] La Petite Maison (LPM) Hong Ko | https://lpmrestaurants.com/hongkong/
[2026-08-25 02:43:42] [5/87] La Petite Maison (LPM) Hong Ko | https://lpmrestaurants.com/hongkong/
[2026-08-25 02:43:42]   ↳ 已存在，跳過 (La-Petite-Maison-LPM-Hong-Kong.html)
[2026-08-25 02:43:42]   ↳ 已存在，跳過 (La-Petite-Maison-LPM-Hong-Kong.html)
[2026-08-25 02:43:42] [6/87] Glow Hong Kong | https://www.glowspa.hk/
[2026-08-25 02:43:42] [6/87] Glow Hong Kong | https://www.glowspa.hk/
[2026-08-25 02:43:42]   ↳ 已存在，跳過 (Glow-Hong-Kong.html)
[2026-08-25 02:43:42]   ↳ 已存在，跳過 (Glow-Hong-Kong.html)
[2026-08-25 02:43:42] [7/87] Mó The Slow Bloom | https://www.mo-hk.com/
[2026-08-25 02:43:42] [7/87] Mó The Slow Bloom | https://www.mo-hk.com/
[2026-08-25 02:43:42]   ↳ 已存在，跳過 (Mó-The-Slow-Bloom.html)
[2026-08-25 02:43:42]   ↳ 已存在，跳過 (Mó-The-Slow-Bloom.html)
[2026-08-25 02:43:42] [8/87] Lux Medical 医繊美 | https://www.luxbeauty.hk/
[2026-08-25 02:43:42] [8/87] Lux Medical 医繊美 | https://www.luxbeauty.hk/
[2026-08-25 02:43:42]   ↳ 已存在，跳過 (Lux-Medical-医繊美.html)
[2026-08-25 02:43:42]   ↳ 已存在，跳過 (Lux-Medical-医繊美.html)
[2026-08-25 02:43:42] [9/87] 114HAIR | http://www.114hair.com/
[2026-08-25 02:43:42] [9/87] 114HAIR | http://www.114hair.com/
[2026-08-25 02:43:42]   ↳ 已存在，跳過 (114HAIR.html)
[2026-08-25 02:43:42]   ↳ 已存在，跳過 (114HAIR.html)
[2026-08-25 02:43:42] [10/87] Love Hair | http://www.lovehairhk.com/
[2026-08-25 02:43:42] [10/87] Love Hair | http://www.lovehairhk.com/
[2026-08-25 02:43:42]   ↳ 已存在，跳過 (Love-Hair.html)
[2026-08-25 02:43:42]   ↳ 已存在，跳過 (Love-Hair.html)
[2026-08-25 02:43:42] [11/87] TONI&GUY HK | http://www.toniandguyhk.com/
[2026-08-25 02:43:42] [11/87] TONI&GUY HK | http://www.toniandguyhk.com/
[2026-08-25 02:43:42]   ↳ 已存在，跳過 (TONIGUY-HK.html)
[2026-08-25 02:43:42]   ↳ 已存在，跳過 (TONIGUY-HK.html)
[2026-08-25 02:43:42] [12/87] iMPROVE HAiR-尖沙咀salon 尖沙咀剪髮 尖沙 | http://www.ihair.com.hk/
[2026-08-25 02:43:42] [12/87] iMPROVE HAiR-尖沙咀salon 尖沙咀剪髮 尖沙 | http://www.ihair.com.hk/
[2026-08-25 02:43:42]   ↳ 已存在，跳過 (iMPROVE-HAiR-尖沙咀salon-尖沙咀剪髮-尖沙咀髮廊-尖沙咀中藥染髮-尖沙咀假髮-尖沙咀頭皮護理.html)
[2026-08-25 02:43:42]   ↳ 已存在，跳過 (iMPROVE-HAiR-尖沙咀salon-尖沙咀剪髮-尖沙咀髮廊-尖沙咀中藥染髮-尖沙咀假髮-尖沙咀頭皮護理.html)
[2026-08-25 02:43:42] [13/87] 金澱装修工程有限公司 | https://www.palaceengineeringltd.com/
[2026-08-25 02:43:42] [13/87] 金澱装修工程有限公司 | https://www.palaceengineeringltd.com/
[2026-08-25 02:43:42]   ↳ 已存在，跳過 (金澱装修工程有限公司.html)
[2026-08-25 02:43:42]   ↳ 已存在，跳過 (金澱装修工程有限公司.html)
[2026-08-25 02:43:42] [14/87] 鋒主義 - 室內設計公司 | 室內裝修工程 | 工期 報價  | https://www.fungstyle.com.hk/
[2026-08-25 02:43:42] [14/87] 鋒主義 - 室內設計公司 | 室內裝修工程 | 工期 報價  | https://www.fungstyle.com.hk/
[2026-08-25 02:43:42]   ↳ 已存在，跳過 (鋒主義---室內設計公司-室內裝修工程-工期-報價-服務-三大保證.html)
[2026-08-25 02:43:42]   ↳ 已存在，跳過 (鋒主義---室內設計公司-室內裝修工程-工期-報價-服務-三大保證.html)
[2026-08-25 02:43:42] [15/87] 装修兄弟 | http://www.renobro.com.hk/
[2026-08-25 02:43:42] [15/87] 装修兄弟 | http://www.renobro.com.hk/
[2026-08-25 02:43:42]   ↳ 已存在，跳過 (装修兄弟.html)
[2026-08-25 02:43:42]   ↳ 已存在，跳過 (装修兄弟.html)
[2026-08-25 02:43:42] [16/87] 居屋皇 House king | 香港室内設計及装修公司 | http://housekinghk.com/
[2026-08-25 02:43:42] [16/87] 居屋皇 House king | 香港室内設計及装修公司 | http://housekinghk.com/
[2026-08-25 02:43:42]   ↳ 已存在，跳過 (居屋皇-House-king-香港室内設計及装修公司.html)
[2026-08-25 02:43:42]   ↳ 已存在，跳過 (居屋皇-House-king-香港室内設計及装修公司.html)
[2026-08-25 02:43:42] [17/87] Toby 裝修設計平台｜免費裝修報價｜香港裝修公司及室內設計 | https://www.hellotoby.com/zh-hk/id
[2026-08-25 02:43:42] [17/87] Toby 裝修設計平台｜免費裝修報價｜香港裝修公司及室內設計 | https://www.hellotoby.com/zh-hk/id
[2026-08-25 02:43:42]   ↳ 已存在，跳過 (Toby-裝修設計平台免費裝修報價香港裝修公司及室內設計公司.html)
[2026-08-25 02:43:42]   ↳ 已存在，跳過 (Toby-裝修設計平台免費裝修報價香港裝修公司及室內設計公司.html)
[2026-08-25 02:43:42] [18/87] PET HK - Mid Levels Edition | http://pethk.com/
[2026-08-25 02:43:42] [18/87] PET HK - Mid Levels Edition | http://pethk.com/
[2026-08-25 02:43:42]   ↳ 已存在，跳過 (PET-HK---Mid-Levels-Edition.html)
[2026-08-25 02:43:42]   ↳ 已存在，跳過 (PET-HK---Mid-Levels-Edition.html)
[2026-08-25 02:43:42] [19/87] Ruff & Fetch 拉夫寵物生活 (佐敦 Jordan | http://www.ruffandfetch.com/
[2026-08-25 02:43:42] [19/87] Ruff & Fetch 拉夫寵物生活 (佐敦 Jordan | http://www.ruffandfetch.com/
[2026-08-25 02:43:42]   ↳ 已存在，跳過 (Ruff--Fetch-拉夫寵物生活-佐敦-Jordan.html)
[2026-08-25 02:43:42]   ↳ 已存在，跳過 (Ruff--Fetch-拉夫寵物生活-佐敦-Jordan.html)
[2026-08-25 02:43:42] [20/87] HKTA香港導師会 | https://www.hkta.edu.hk/
[2026-08-25 02:43:42] [20/87] HKTA香港導師会 | https://www.hkta.edu.hk/
[2026-08-25 02:43:42]   ↳ 已存在，跳過 (HKTA香港導師会.html)
[2026-08-25 02:43:42]   ↳ 已存在，跳過 (HKTA香港導師会.html)
[2026-08-25 02:43:42] [21/87] 騎士数学 Knight Mathematics - Band | https://knightmaths.edu.hk/
[2026-08-25 02:43:42] [21/87] 騎士数学 Knight Mathematics - Band | https://knightmaths.edu.hk/
[2026-08-25 02:43:42]   ↳ 已存在，跳過 (騎士数学-Knight-Mathematics---Band-1-DSE-数学補習社.html)
[2026-08-25 02:43:42]   ↳ 已存在，跳過 (騎士数学-Knight-Mathematics---Band-1-DSE-数学補習社.html)
[2026-08-25 02:43:42] [22/87] 香港文化教育中心 | https://docs.google.com/forms/d/e/1FAIpQLSdjgsQlR4w8ZgKgE9RgAUPsPwrZzAZpo5SCULDDOgygEdeDnQ/viewform
[2026-08-25 02:43:42] [22/87] 香港文化教育中心 | https://docs.google.com/forms/d/e/1FAIpQLSdjgsQlR4w8ZgKgE9RgAUPsPwrZzAZpo5SCULDDOgygEdeDnQ/viewform
[2026-08-25 02:43:42]   ↳ 已存在，跳過 (香港文化教育中心.html)
[2026-08-25 02:43:42]   ↳ 已存在，跳過 (香港文化教育中心.html)
[2026-08-25 02:43:42] [23/87] GETUTOR 香港導師総会｜上門補習中介平台｜私補導師推介 | https://www.getutor.com.hk/
[2026-08-25 02:43:42] [23/87] GETUTOR 香港導師総会｜上門補習中介平台｜私補導師推介 | https://www.getutor.com.hk/
[2026-08-25 02:43:42]   ↳ 已存在，跳過 (GETUTOR-香港導師総会上門補習中介平台私補導師推介Private-Tutors-AgencyIB-IGCSE-A.html)
[2026-08-25 02:43:42]   ↳ 已存在，跳過 (GETUTOR-香港導師総会上門補習中介平台私補導師推介Private-Tutors-AgencyIB-IGCSE-A.html)
[2026-08-25 02:43:42] [24/87] 英博教学中心 - 数学中文英文補習 - 中小学補習社 | https://eplc.edu.hk/
[2026-08-25 02:43:42] [24/87] 英博教学中心 - 数学中文英文補習 - 中小学補習社 | https://eplc.edu.hk/
[2026-08-25 02:43:42]   ↳ 已存在，跳過 (英博教学中心---数学中文英文補習---中小学補習社.html)
[2026-08-25 02:43:42]   ↳ 已存在，跳過 (英博教学中心---数学中文英文補習---中小学補習社.html)
[2026-08-25 02:43:42] [25/87] 進研教育 - 英文中文数学補習社 | https://joinin-education.com/
[2026-08-25 02:43:42] [25/87] 進研教育 - 英文中文数学補習社 | https://joinin-education.com/
[2026-08-25 02:43:42]   ↳ 已存在，跳過 (進研教育---英文中文数学補習社.html)
[2026-08-25 02:43:42]   ↳ 已存在，跳過 (進研教育---英文中文数学補習社.html)
[2026-08-25 02:43:42] [26/87] 學斯教育(灣仔) | http://hoksi-edu.com/
[2026-08-25 02:43:42] [26/87] 學斯教育(灣仔) | http://hoksi-edu.com/
[2026-08-25 02:43:42]   ↳ 已存在，跳過 (學斯教育灣仔.html)
[2026-08-25 02:43:42]   ↳ 已存在，跳過 (學斯教育灣仔.html)
[2026-08-25 02:43:42] [27/87] 補習社｜学博教育 Learn Smart Education | https://learnsmart.edu.hk/
[2026-08-25 02:43:42] [27/87] 補習社｜学博教育 Learn Smart Education | https://learnsmart.edu.hk/
[2026-08-25 02:43:42]   ↳ 已存在，跳過 (補習社学博教育-Learn-Smart-Education.html)
[2026-08-25 02:43:42]   ↳ 已存在，跳過 (補習社学博教育-Learn-Smart-Education.html)
[2026-08-25 02:43:42] [28/87] 24/7 Fitness Central | http://247.fitness/
[2026-08-25 02:43:42] [28/87] 24/7 Fitness Central | http://247.fitness/
[2026-08-25 02:43:42]   ↳ 已存在，跳過 (24-7-Fitness-Central.html)
[2026-08-25 02:43:42]   ↳ 已存在，跳過 (24-7-Fitness-Central.html)
[2026-08-25 02:43:42] [29/87] 啓弘牙科（旺角店）丨九龍/旺角牙医/智慧歯/箍牙/隠式美/全 | https://omnesdental.com/
[2026-08-25 02:43:42] [29/87] 啓弘牙科（旺角店）丨九龍/旺角牙医/智慧歯/箍牙/隠式美/全 | https://omnesdental.com/
[2026-08-25 02:43:42]   ↳ 已存在，跳過 (啓弘牙科旺角店丨九龍-旺角牙医-智慧歯-箍牙-隠式美-全方位牙科服務-専業治療牙痛-種植牙-補牙-剥牙-洗牙.html)
[2026-08-25 02:43:42]   ↳ 已存在，跳過 (啓弘牙科旺角店丨九龍-旺角牙医-智慧歯-箍牙-隠式美-全方位牙科服務-専業治療牙痛-種植牙-補牙-剥牙-洗牙.html)
[2026-08-25 02:43:42] [30/87] Smith & Jain Dentists 史密夫和鄭牙醫診 | https://smithandjaindentists.com/
[2026-08-25 02:43:42] [30/87] Smith & Jain Dentists 史密夫和鄭牙醫診 | https://smithandjaindentists.com/
[2026-08-25 02:43:42]   ↳ 已存在，跳過 (Smith--Jain-Dentists-史密夫和鄭牙醫診所.html)
[2026-08-25 02:43:42]   ↳ 已存在，跳過 (Smith--Jain-Dentists-史密夫和鄭牙醫診所.html)
[2026-08-25 02:43:42] [31/87] Home Dental (Tsim Sha Tsui Bra | https://homedentalhk.com/cn/contact-us/tst
[2026-08-25 02:43:42] [31/87] Home Dental (Tsim Sha Tsui Bra | https://homedentalhk.com/cn/contact-us/tst
[2026-08-25 02:43:42]   ↳ 已存在，跳過 (Home-Dental-Tsim-Sha-Tsui-Branch.html)
[2026-08-25 02:43:42]   ↳ 已存在，跳過 (Home-Dental-Tsim-Sha-Tsui-Branch.html)
[2026-08-25 02:43:42] [32/87] 伍裕彤牙医 | https://trucaredental.hk/
[2026-08-25 02:43:42] [32/87] 伍裕彤牙医 | https://trucaredental.hk/
[2026-08-25 02:43:42]   ↳ 已存在，跳過 (伍裕彤牙医.html)
[2026-08-25 02:43:42]   ↳ 已存在，跳過 (伍裕彤牙医.html)
[2026-08-25 02:43:42] [33/87] Home Dental | https://homedentalhk.com/cn/contact-us/cwb
[2026-08-25 02:43:42] [33/87] Home Dental | https://homedentalhk.com/cn/contact-us/cwb
[2026-08-25 02:43:42]   ↳ 已存在，跳過 (Home-Dental.html)
[2026-08-25 02:43:42]   ↳ 已存在，跳過 (Home-Dental.html)
[2026-08-25 02:43:42] [34/87] T.O.P Dental by Family Smile L | http://www.topdental.hk/
[2026-08-25 02:43:42] [34/87] T.O.P Dental by Family Smile L | http://www.topdental.hk/
[2026-08-25 02:43:42]   ↳ 已存在，跳過 (T.O.P-Dental-by-Family-Smile-Ltd-香港牙科醫療集團-旺角太子牙醫中心.html)
[2026-08-25 02:43:42]   ↳ 已存在，跳過 (T.O.P-Dental-by-Family-Smile-Ltd-香港牙科醫療集團-旺角太子牙醫中心.html)
[2026-08-25 02:43:42] [35/87] Metro Dental 城健総合牙科医療中心 | https://www.metrodental.com.hk/
[2026-08-25 02:43:42] [35/87] Metro Dental 城健総合牙科医療中心 | https://www.metrodental.com.hk/
[2026-08-25 02:43:42]   ↳ 已存在，跳過 (Metro-Dental-城健総合牙科医療中心.html)
[2026-08-25 02:43:42]   ↳ 已存在，跳過 (Metro-Dental-城健総合牙科医療中心.html)
[2026-08-25 02:43:42] [36/87] 大国手 汽車車身維修 Grand Tycoon Automo | http://grandtycoon.com/
[2026-08-25 02:43:42] [36/87] 大国手 汽車車身維修 Grand Tycoon Automo | http://grandtycoon.com/
[2026-08-25 02:43:42]   ↳ 已存在，跳過 (大国手-汽車車身維修-Grand-Tycoon-Automotive-Repair-Shop.html)
[2026-08-25 02:43:42]   ↳ 已存在，跳過 (大国手-汽車車身維修-Grand-Tycoon-Automotive-Repair-Shop.html)
[2026-08-25 02:43:42] [37/87] AutoMate | Sham Shui Po Shop | https://www.automate-app.com/auto-shop
[2026-08-25 02:43:42] [37/87] AutoMate | Sham Shui Po Shop | https://www.automate-app.com/auto-shop
[2026-08-25 02:43:42]   ↳ 已存在，跳過 (AutoMate-Sham-Shui-Po-Shop.html)
[2026-08-25 02:43:42]   ↳ 已存在，跳過 (AutoMate-Sham-Shui-Po-Shop.html)
[2026-08-25 02:43:42] [38/87] Carol Garage Limited | http://www.carolgarage.com.hk/
[2026-08-25 02:43:42] [38/87] Carol Garage Limited | http://www.carolgarage.com.hk/
[2026-08-25 02:43:42]   ↳ 已存在，跳過 (Carol-Garage-Limited.html)
[2026-08-25 02:43:42]   ↳ 已存在，跳過 (Carol-Garage-Limited.html)
[2026-08-25 02:43:42] [39/87] 八方汽車 | Power Moto Limited | http://www.power-moto.hk/
[2026-08-25 02:43:42] [39/87] 八方汽車 | Power Moto Limited | http://www.power-moto.hk/
[2026-08-25 02:43:42]   ↳ 已存在，跳過 (八方汽車-Power-Moto-Limited.html)
[2026-08-25 02:43:42]   ↳ 已存在，跳過 (八方汽車-Power-Moto-Limited.html)
[2026-08-25 02:43:42] [40/87] Flow & Roll Laundry 自助洗衣 (中環 C | https://flowandroll.com/
[2026-08-25 02:43:42] [40/87] Flow & Roll Laundry 自助洗衣 (中環 C | https://flowandroll.com/
[2026-08-25 02:43:42]   ↳ 已存在，跳過 (Flow--Roll-Laundry-自助洗衣-中環-Central.html)
[2026-08-25 02:43:42]   ↳ 已存在，跳過 (Flow--Roll-Laundry-自助洗衣-中環-Central.html)
[2026-08-25 02:43:42] [41/87] 初洗 First Laundry 觀塘24小時自助洗衣店 | https://wa.me/85268716550
[2026-08-25 02:43:42] [41/87] 初洗 First Laundry 觀塘24小時自助洗衣店 | https://wa.me/85268716550
[2026-08-25 02:43:42]   ↳ 已存在，跳過 (初洗-First-Laundry-觀塘24小時自助洗衣店.html)
[2026-08-25 02:43:42]   ↳ 已存在，跳過 (初洗-First-Laundry-觀塘24小時自助洗衣店.html)
[2026-08-25 02:43:42] [42/87] 水漾衣坊 water laundry | https://whalewashmk.hk/
[2026-08-25 02:43:42] [42/87] 水漾衣坊 water laundry | https://whalewashmk.hk/
[2026-08-25 02:43:42]   ↳ 已存在，跳過 (水漾衣坊-water-laundry.html)
[2026-08-25 02:43:42]   ↳ 已存在，跳過 (水漾衣坊-water-laundry.html)
[2026-08-25 02:43:42] [43/87] FLORISTRY by ART OF LIVING | http://www.floristrybyartofliving.com/
[2026-08-25 02:43:42] [43/87] FLORISTRY by ART OF LIVING | http://www.floristrybyartofliving.com/
[2026-08-25 02:43:42]   ↳ 已存在，跳過 (FLORISTRY-by-ART-OF-LIVING.html)
[2026-08-25 02:43:42]   ↳ 已存在，跳過 (FLORISTRY-by-ART-OF-LIVING.html)
[2026-08-25 02:43:42] [44/87] 花籃 450 - Flower 450 | https://flower450.com/
[2026-08-25 02:43:42] [44/87] 花籃 450 - Flower 450 | https://flower450.com/
[2026-08-25 02:43:42]   ↳ 已存在，跳過 (花籃-450---Flower-450.html)
[2026-08-25 02:43:42]   ↳ 已存在，跳過 (花籃-450---Flower-450.html)
[2026-08-25 02:43:42] [45/87] 優之花鋪-U Flower Shop | https://www.uflowershop.com/
[2026-08-25 02:43:42] [45/87] 優之花鋪-U Flower Shop | https://www.uflowershop.com/
[2026-08-25 02:43:42]   ↳ 已存在，跳過 (優之花鋪-U-Flower-Shop.html)
[2026-08-25 02:43:42]   ↳ 已存在，跳過 (優之花鋪-U-Flower-Shop.html)
[2026-08-25 02:43:42] [46/87] Eternal Flora hk | https://www.eternalflorahk.com/
[2026-08-25 02:43:42] [46/87] Eternal Flora hk | https://www.eternalflorahk.com/
[2026-08-25 02:43:42]   ↳ 已存在，跳過 (Eternal-Flora-hk.html)
[2026-08-25 02:43:42]   ↳ 已存在，跳過 (Eternal-Flora-hk.html)
[2026-08-25 02:43:42] [47/87] FDHK - Flower Delivery Hong Ko | https://flowerdeliveryhongkong.com/
[2026-08-25 02:43:42] [47/87] FDHK - Flower Delivery Hong Ko | https://flowerdeliveryhongkong.com/
[2026-08-25 02:43:42]   ↳ 已存在，跳過 (FDHK---Flower-Delivery-Hong-Kong.html)
[2026-08-25 02:43:42]   ↳ 已存在，跳過 (FDHK---Flower-Delivery-Hong-Kong.html)
[2026-08-25 02:43:42] [48/87] Joseph Photo 香港專業攝影工作室 | https://josephphoto.hk/
[2026-08-25 02:43:42] [48/87] Joseph Photo 香港專業攝影工作室 | https://josephphoto.hk/
[2026-08-25 02:43:42]   ↳ 已存在，跳過 (Joseph-Photo-香港專業攝影工作室.html)
[2026-08-25 02:43:42]   ↳ 已存在，跳過 (Joseph-Photo-香港專業攝影工作室.html)
[2026-08-25 02:43:42] [49/87] Majesty Professional Photo殿堂館- | https://www.majestyprofessional.com/
[2026-08-25 02:43:42] [49/87] Majesty Professional Photo殿堂館- | https://www.majestyprofessional.com/
[2026-08-25 02:43:42]   ↳ 已存在，跳過 (Majesty-Professional-Photo殿堂館-專業照首選.html)
[2026-08-25 02:43:42]   ↳ 已存在，跳過 (Majesty-Professional-Photo殿堂館-專業照首選.html)
[2026-08-25 02:43:42] [50/87] Owl Photo Studio 貓頭鷹照相館 | https://www.owlphoto.hk/
[2026-08-25 02:43:42] [50/87] Owl Photo Studio 貓頭鷹照相館 | https://www.owlphoto.hk/
[2026-08-25 02:43:42]   ↳ 已存在，跳過 (Owl-Photo-Studio-貓頭鷹照相館.html)
[2026-08-25 02:43:42]   ↳ 已存在，跳過 (Owl-Photo-Studio-貓頭鷹照相館.html)
[2026-08-25 02:43:42] [51/87] Yat Tung Heen - Eaton HK | https://www.yattungheen.com/
[2026-08-25 02:43:42] [51/87] Yat Tung Heen - Eaton HK | https://www.yattungheen.com/
[2026-08-25 02:43:42]   ↳ 已存在，跳過 (Yat-Tung-Heen---Eaton-HK.html)
[2026-08-25 02:43:42]   ↳ 已存在，跳過 (Yat-Tung-Heen---Eaton-HK.html)
[2026-08-25 02:43:42] [52/87] Hair Quest Hair salon Central | https://www.hairquest-hk.com/
[2026-08-25 02:43:42] [52/87] Hair Quest Hair salon Central | https://www.hairquest-hk.com/
[2026-08-25 02:43:42]   ↳ 已存在，跳過 (Hair-Quest-Hair-salon-Central.html)
[2026-08-25 02:43:42]   ↳ 已存在，跳過 (Hair-Quest-Hair-salon-Central.html)
[2026-08-25 02:43:42] [53/87] 天下猫猫一様猫 | https://www.catiscat.com.hk/
[2026-08-25 02:43:42] [53/87] 天下猫猫一様猫 | https://www.catiscat.com.hk/
[2026-08-25 02:43:42]   ↳ 已存在，跳過 (天下猫猫一様猫.html)
[2026-08-25 02:43:42]   ↳ 已存在，跳過 (天下猫猫一様猫.html)
[2026-08-25 02:43:42] [54/87] Bora beauty | https://bora.hk/
[2026-08-25 02:43:42] [54/87] Bora beauty | https://bora.hk/
[2026-08-25 02:43:42]   ↳ 已存在，跳過 (Bora-beauty.html)
[2026-08-25 02:43:42]   ↳ 已存在，跳過 (Bora-beauty.html)
[2026-08-25 02:43:42] [55/87] Dream Scenes Studio | http://dreamscenesstudio.com/
[2026-08-25 02:43:42] [55/87] Dream Scenes Studio | http://dreamscenesstudio.com/
[2026-08-25 02:43:42]   ↳ 已存在，跳過 (Dream-Scenes-Studio.html)
[2026-08-25 02:43:42]   ↳ 已存在，跳過 (Dream-Scenes-Studio.html)
[2026-08-25 02:43:42] [56/87] Dazzling Smile Dental Clinic 瑩 | https://dazzlingsmiledentalclinic.com/
[2026-08-25 02:43:42] [56/87] Dazzling Smile Dental Clinic 瑩 | https://dazzlingsmiledentalclinic.com/
[2026-08-25 02:43:42]   ↳ 已存在，跳過 (Dazzling-Smile-Dental-Clinic-瑩恩牙科診所.html)
[2026-08-25 02:43:42]   ↳ 已存在，跳過 (Dazzling-Smile-Dental-Clinic-瑩恩牙科診所.html)
[2026-08-25 02:43:42] [57/87] Family Smile Limited | http://www.familysmile.hk/
[2026-08-25 02:43:42] [57/87] Family Smile Limited | http://www.familysmile.hk/
[2026-08-25 02:43:42]   ↳ 已存在，跳過 (Family-Smile-Limited.html)
[2026-08-25 02:43:42]   ↳ 已存在，跳過 (Family-Smile-Limited.html)
[2026-08-25 02:43:42] [58/87] INDULGENCE hair & beauty salon | http://www.indulgence.hk/
[2026-08-25 02:43:42] [58/87] INDULGENCE hair & beauty salon | http://www.indulgence.hk/
[2026-08-25 02:43:42]   ↳ 已存在，跳過 (INDULGENCE-hair--beauty-salon.html)
[2026-08-25 02:43:42]   ↳ 已存在，跳過 (INDULGENCE-hair--beauty-salon.html)
[2026-08-25 02:43:42] [59/87] 花店 | 花束專家 | https://www.flowerbouquet.com.hk/
[2026-08-25 02:43:42] [59/87] 花店 | 花束專家 | https://www.flowerbouquet.com.hk/
[2026-08-25 02:43:42]   ↳ 已存在，跳過 (花店-花束專家.html)
[2026-08-25 02:43:42]   ↳ 已存在，跳過 (花店-花束專家.html)
[2026-08-25 02:43:42] [60/87] 網上訂花 ‧ 送花香港 | Fdhk 最高評分即日網上花店 | https://flowerdeliveryhongkong.com/zh
[2026-08-25 02:43:42] [60/87] 網上訂花 ‧ 送花香港 | Fdhk 最高評分即日網上花店 | https://flowerdeliveryhongkong.com/zh
[2026-08-25 02:43:42]   ↳ 已存在，跳過 (網上訂花--送花香港-Fdhk-最高評分即日網上花店.html)
[2026-08-25 02:43:42]   ↳ 已存在，跳過 (網上訂花--送花香港-Fdhk-最高評分即日網上花店.html)
[2026-08-25 02:43:42] [61/87] Rhine Flowers | https://rhineflowers.com/
[2026-08-25 02:43:42] [61/87] Rhine Flowers | https://rhineflowers.com/
[2026-08-25 02:43:42]   ↳ 已存在，跳過 (Rhine-Flowers.html)
[2026-08-25 02:43:42]   ↳ 已存在，跳過 (Rhine-Flowers.html)
[2026-08-25 02:43:42] [62/87] 香港花店｜網上訂花及送花｜Gift Flowers HK | https://giftflowers.com.hk/cn/
[2026-08-25 02:43:42] [62/87] 香港花店｜網上訂花及送花｜Gift Flowers HK | https://giftflowers.com.hk/cn/
[2026-08-25 02:43:42]   ↳ 已存在，跳過 (香港花店網上訂花及送花Gift-Flowers-HK.html)
[2026-08-25 02:43:42]   ↳ 已存在，跳過 (香港花店網上訂花及送花Gift-Flowers-HK.html)
[2026-08-25 02:43:42] [63/87] Flora Floriculture - 花店 | https://www.floraf.com.hk/
[2026-08-25 02:43:42] [63/87] Flora Floriculture - 花店 | https://www.floraf.com.hk/
[2026-08-25 02:43:42]   ↳ 已存在，跳過 (Flora-Floriculture---花店.html)
[2026-08-25 02:43:42]   ↳ 已存在，跳過 (Flora-Floriculture---花店.html)
[2026-08-25 02:43:42] [64/87] 香港花店 | https://www.mrsliuflorist.com/
[2026-08-25 02:43:42] [64/87] 香港花店 | https://www.mrsliuflorist.com/
[2026-08-25 02:43:42]   ↳ 已存在，跳過 (香港花店.html)
[2026-08-25 02:43:42]   ↳ 已存在，跳過 (香港花店.html)
[2026-08-25 02:43:42] [65/87] 網上花店| 網上訂花 | 即日送花 | HKfashop | https://hkfashop.com/
[2026-08-25 02:43:42] [65/87] 網上花店| 網上訂花 | 即日送花 | HKfashop | https://hkfashop.com/
[2026-08-25 02:43:42]   ↳ 已存在，跳過 (網上花店-網上訂花-即日送花-HKfashop.html)
[2026-08-25 02:43:42]   ↳ 已存在，跳過 (網上花店-網上訂花-即日送花-HKfashop.html)
[2026-08-25 02:43:42] [66/87] 【 送花】 ｜訂花｜Flowerbee Florist訂花束 | https://flowerbee-hk.com/zh
[2026-08-25 02:43:42] [66/87] 【 送花】 ｜訂花｜Flowerbee Florist訂花束 | https://flowerbee-hk.com/zh
[2026-08-25 02:43:42]   ↳ 已存在，跳過 (送花-訂花Flowerbee-Florist訂花束---Flowerbee-HK-Florist.html)
[2026-08-25 02:43:42]   ↳ 已存在，跳過 (送花-訂花Flowerbee-Florist訂花束---Flowerbee-HK-Florist.html)
[2026-08-25 02:43:42] [67/87] 花點時間｜香港旺角花墟實體花店：24小時訂花、鮮花花束、開張 | https://www.reflower.com.hk/
[2026-08-25 02:43:42] [67/87] 花點時間｜香港旺角花墟實體花店：24小時訂花、鮮花花束、開張 | https://www.reflower.com.hk/
[2026-08-25 02:43:42]   ↳ 已存在，跳過 (花點時間香港旺角花墟實體花店24小時訂花鮮花花束開張花籃鮮花批發---花點時間-Reflower.html)
[2026-08-25 02:43:42]   ↳ 已存在，跳過 (花點時間香港旺角花墟實體花店24小時訂花鮮花花束開張花籃鮮花批發---花點時間-Reflower.html)
[2026-08-25 02:43:42] [68/87] 香港花店- 首頁花店推薦 - 我們代表和倡導位於香港島、九龍 | https://zh-hk.hk-florist.org/
[2026-08-25 02:43:42] [68/87] 香港花店- 首頁花店推薦 - 我們代表和倡導位於香港島、九龍 | https://zh-hk.hk-florist.org/
[2026-08-25 02:43:42]   ↳ 已存在，跳過 (香港花店--首頁花店推薦---我們代表和倡導位於香港島九龍和新界的花店以及在線花店和鮮花配送公司.html)
[2026-08-25 02:43:42]   ↳ 已存在，跳過 (香港花店--首頁花店推薦---我們代表和倡導位於香港島九龍和新界的花店以及在線花店和鮮花配送公司.html)
[2026-08-25 02:43:42] [69/87] 有花漾 ZH Flowers | https://www.zh-flowers.com/
[2026-08-25 02:43:42] [69/87] 有花漾 ZH Flowers | https://www.zh-flowers.com/
[2026-08-25 02:43:42]   ↳ 已存在，跳過 (有花漾-ZH-Flowers.html)
[2026-08-25 02:43:42]   ↳ 已存在，跳過 (有花漾-ZH-Flowers.html)
[2026-08-25 02:43:42] [70/87] 花店花生花華 | FaSunflower Florist | https://www.fasunflower.com/
[2026-08-25 02:43:42] [70/87] 花店花生花華 | FaSunflower Florist | https://www.fasunflower.com/
[2026-08-25 02:43:42]   ↳ 已存在，跳過 (花店花生花華-FaSunflower-Florist.html)
[2026-08-25 02:43:42]   ↳ 已存在，跳過 (花店花生花華-FaSunflower-Florist.html)
[2026-08-25 02:43:42] [71/87] 格蘭花店 Grand Floral & Gift Shop | https://grand.com.hk/
[2026-08-25 02:43:42] [71/87] 格蘭花店 Grand Floral & Gift Shop | https://grand.com.hk/
[2026-08-25 02:43:42]   ↳ 已存在，跳過 (格蘭花店-Grand-Floral--Gift-Shop.html)
[2026-08-25 02:43:42]   ↳ 已存在，跳過 (格蘭花店-Grand-Floral--Gift-Shop.html)
[2026-08-25 02:43:42] [72/87] WHY Studio - 上環證件相｜學生相｜專業形象照 | https://www.whystudiohk.com/
[2026-08-25 02:43:42] [72/87] WHY Studio - 上環證件相｜學生相｜專業形象照 | https://www.whystudiohk.com/
[2026-08-25 02:43:42]   ↳ 已存在，跳過 (WHY-Studio---上環證件相學生相專業形象照.html)
[2026-08-25 02:43:42]   ↳ 已存在，跳過 (WHY-Studio---上環證件相學生相專業形象照.html)
[2026-08-25 02:43:42] [73/87] Cat Watt 晴珊猫舎 | http://www.catwatt.com/
[2026-08-25 02:43:42] [73/87] Cat Watt 晴珊猫舎 | http://www.catwatt.com/
[2026-08-25 02:43:42]   ↳ 已存在，跳過 (Cat-Watt-晴珊猫舎.html)
[2026-08-25 02:43:42]   ↳ 已存在，跳過 (Cat-Watt-晴珊猫舎.html)
[2026-08-25 02:43:42] [74/87] 牙齒矯正及兒童齒科中心 (旺角朗豪坊) | Orthodon | https://www.ortho-center.com/
[2026-08-25 02:43:42] [74/87] 牙齒矯正及兒童齒科中心 (旺角朗豪坊) | Orthodon | https://www.ortho-center.com/
[2026-08-25 02:43:42]   ↳ 已存在，跳過 (牙齒矯正及兒童齒科中心-旺角朗豪坊-Orthodontic--Childrens-Dental-Center-Langh.html)
[2026-08-25 02:43:42]   ↳ 已存在，跳過 (牙齒矯正及兒童齒科中心-旺角朗豪坊-Orthodontic--Childrens-Dental-Center-Langh.html)
[2026-08-25 02:43:42] [75/87] HALO Flowers | https://haloflowers.com.hk/zh-hant/
[2026-08-25 02:43:42] [75/87] HALO Flowers | https://haloflowers.com.hk/zh-hant/
[2026-08-25 02:43:42]   ↳ 已存在，跳過 (HALO-Flowers.html)
[2026-08-25 02:43:42]   ↳ 已存在，跳過 (HALO-Flowers.html)
[2026-08-25 02:43:42] [76/87] Pettington 柏靈頓獸醫寵物用品 | https://www.pettington.com/
[2026-08-25 02:43:42] [76/87] Pettington 柏靈頓獸醫寵物用品 | https://www.pettington.com/
[2026-08-25 02:43:42]   ↳ 已存在，跳過 (Pettington-柏靈頓獸醫寵物用品.html)
[2026-08-25 02:43:42]   ↳ 已存在，跳過 (Pettington-柏靈頓獸醫寵物用品.html)
[2026-08-25 02:43:42] [77/87] 皓保牙科診所 Craft Smile Dental Cent | https://zh.drchrischeung.com/
[2026-08-25 02:43:42] [77/87] 皓保牙科診所 Craft Smile Dental Cent | https://zh.drchrischeung.com/
[2026-08-25 02:43:42]   ↳ 已存在，跳過 (皓保牙科診所-Craft-Smile-Dental-Center.html)
[2026-08-25 02:43:42]   ↳ 已存在，跳過 (皓保牙科診所-Craft-Smile-Dental-Center.html)
[2026-08-25 02:43:42] [78/87] Toyota Kowloon Bay Service Cen | https://www.toyota.com.hk/?utm_campaign=gmb&utm_medium=organic&utm_source=local
[2026-08-25 02:43:42] [78/87] Toyota Kowloon Bay Service Cen | https://www.toyota.com.hk/?utm_campaign=gmb&utm_medium=organic&utm_source=local
[2026-08-25 02:43:42]   ↳ 已存在，跳過 (Toyota-Kowloon-Bay-Service-Centre-Mechanical.html)
[2026-08-25 02:43:42]   ↳ 已存在，跳過 (Toyota-Kowloon-Bay-Service-Centre-Mechanical.html)
[2026-08-25 02:43:42] [79/87] Anglo Chinese Florist | http://www.anglochinese.com/
[2026-08-25 02:43:42] [79/87] Anglo Chinese Florist | http://www.anglochinese.com/
[2026-08-25 02:43:42]   ↳ 已存在，跳過 (Anglo-Chinese-Florist.html)
[2026-08-25 02:43:42]   ↳ 已存在，跳過 (Anglo-Chinese-Florist.html)
[2026-08-25 02:43:42] [80/87] Photobi HK 韓式 証件相拍摂工作室 - 湾仔店 | https://photobi.hk/
[2026-08-25 02:43:42] [80/87] Photobi HK 韓式 証件相拍摂工作室 - 湾仔店 | https://photobi.hk/
[2026-08-25 02:43:42]   ↳ 已存在，跳過 (Photobi-HK-韓式-証件相拍摂工作室---湾仔店.html)
[2026-08-25 02:43:42]   ↳ 已存在，跳過 (Photobi-HK-韓式-証件相拍摂工作室---湾仔店.html)
[2026-08-25 02:43:42] [81/87] Advance Pet Food | http://advancepetfood.com/
[2026-08-25 02:43:42] [81/87] Advance Pet Food | http://advancepetfood.com/
[2026-08-25 02:43:42]   ↳ 已存在，跳過 (Advance-Pet-Food.html)
[2026-08-25 02:43:42]   ↳ 已存在，跳過 (Advance-Pet-Food.html)
[2026-08-25 02:43:42] [82/87] Anna Maria Studio | http://annamstudio.com/
[2026-08-25 02:43:42] [82/87] Anna Maria Studio | http://annamstudio.com/
[2026-08-25 02:43:42]   ↳ 已存在，跳過 (Anna-Maria-Studio.html)
[2026-08-25 02:43:42]   ↳ 已存在，跳過 (Anna-Maria-Studio.html)
[2026-08-25 02:43:42] [83/87] 1984 HAIR SALON | https://1984hairsalon.wixsite.com/1984-hairsalon
[2026-08-25 02:43:42] [83/87] 1984 HAIR SALON | https://1984hairsalon.wixsite.com/1984-hairsalon
[2026-08-25 02:43:42]   ↳ 已存在，跳過 (1984-HAIR-SALON.html)
[2026-08-25 02:43:42]   ↳ 已存在，跳過 (1984-HAIR-SALON.html)
[2026-08-25 02:43:42] [84/87] Bulls PPF 専門店 | https://www.ppf.com.hk/
[2026-08-25 02:43:42] [84/87] Bulls PPF 専門店 | https://www.ppf.com.hk/
[2026-08-25 02:43:42]   ↳ 已存在，跳過 (Bulls-PPF-専門店.html)
[2026-08-25 02:43:42]   ↳ 已存在，跳過 (Bulls-PPF-専門店.html)
[2026-08-25 02:43:42] [85/87] LEEKAJA X AMONG Hair Salon Cen | https://www.leekaja.hk/
[2026-08-25 02:43:42] [85/87] LEEKAJA X AMONG Hair Salon Cen | https://www.leekaja.hk/
[2026-08-25 02:43:42]   ↳ 已存在，跳過 (LEEKAJA-X-AMONG-Hair-Salon-Century-Square-in-Hongkong-한국-미용실.html)
[2026-08-25 02:43:42]   ↳ 已存在，跳過 (LEEKAJA-X-AMONG-Hair-Salon-Century-Square-in-Hongkong-한국-미용실.html)
[2026-08-25 02:43:42] [86/87] MEGAPET (Kowloon City Shop) | http://www.megapet.com.hk/
[2026-08-25 02:43:42] [86/87] MEGAPET (Kowloon City Shop) | http://www.megapet.com.hk/
[2026-08-25 02:43:43]   ✓ 已儲存 MEGAPET-Kowloon-City-Shop.html (410KB, requests 409390B)
[2026-08-25 02:43:43]   ✓ 已儲存 MEGAPET-Kowloon-City-Shop.html (410KB, requests 409390B)
[2026-08-25 02:43:43] [87/87] 仁健牙科 Nixon Dental (太子牙醫/旺角牙醫/洗 | http://www.nixondental.com/
[2026-08-25 02:43:43] [87/87] 仁健牙科 Nixon Dental (太子牙醫/旺角牙醫/洗 | http://www.nixondental.com/
[2026-08-25 02:43:43]   ✓ 已儲存 仁健牙科-Nixon-Dental-太子牙醫-旺角牙醫-洗牙-補牙-種牙-植牙-杜牙根-智慧齒-箍牙-Invisalig.html (511KB, requests 514806B)
[2026-08-25 02:43:43]   ✓ 已儲存 仁健牙科-Nixon-Dental-太子牙醫-旺角牙醫-洗牙-補牙-種牙-植牙-杜牙根-智慧齒-箍牙-Invisalig.html (511KB, requests 514806B)
[2026-08-25 02:43:44] == 完成 ==
[2026-08-25 02:43:44] == 完成 ==
[2026-08-25 02:43:44] 成功 87 個，失敗 0 個
[2026-08-25 02:43:44] 成功 87 個，失敗 0 個

── 失敗清單 ──
[2026-08-25 02:43:44] == 開始為 0 間「沒網站但有聯絡」的商家建立一頁式網頁 → /home/ubuntu/.mok/html/project/MokCs ==
[2026-08-25 02:43:44] == 開始為 0 間「沒網站但有聯絡」的商家建立一頁式網頁 → /home/ubuntu/.mok/html/project/MokCs ==
[2026-08-25 02:43:44] == 一頁式網頁完成：0/0 ==
[2026-08-25 02:43:44] == 一頁式網頁完成：0/0 ==
[2026-08-25 03:14:43]   過濾：87 間 → 保留 87 間有 WhatsApp/Email 的商家
[2026-08-25 03:14:43]   過濾：87 間 → 保留 87 間有 WhatsApp/Email 的商家
[2026-08-25 03:14:43] == 開始克隆 87 個商家首頁 → /home/ubuntu/.mok/html/project/MokCs ==
[2026-08-25 03:14:43] == 開始克隆 87 個商家首頁 → /home/ubuntu/.mok/html/project/MokCs ==
[2026-08-25 03:14:43] [1/87] Hutong | https://hutong.com.hk/
[2026-08-25 03:14:43] [1/87] Hutong | https://hutong.com.hk/
[2026-08-25 03:14:43]   ↳ 已存在，跳過 (Hutong.html)
[2026-08-25 03:14:43]   ↳ 已存在，跳過 (Hutong.html)
[2026-08-25 03:14:43] [2/87] The Chairman Restaurant | https://www.thechairmangroup.com/
[2026-08-25 03:14:43] [2/87] The Chairman Restaurant | https://www.thechairmangroup.com/
[2026-08-25 03:14:43]   ↳ 已存在，跳過 (The-Chairman-Restaurant.html)
[2026-08-25 03:14:43]   ↳ 已存在，跳過 (The-Chairman-Restaurant.html)
[2026-08-25 03:14:43] [3/87] 南蛮亭香港店 | http://nanbantei.com.hk/
[2026-08-25 03:14:43] [3/87] 南蛮亭香港店 | http://nanbantei.com.hk/
[2026-08-25 03:14:43]   ↳ 已存在，跳過 (南蛮亭香港店.html)
[2026-08-25 03:14:43]   ↳ 已存在，跳過 (南蛮亭香港店.html)
[2026-08-25 03:14:43] [4/87] 添好運點心專賣店 | https://www.timhowan.com.hk/
[2026-08-25 03:14:43] [4/87] 添好運點心專賣店 | https://www.timhowan.com.hk/
[2026-08-25 03:14:43]   ↳ 已存在，跳過 (添好運點心專賣店.html)
[2026-08-25 03:14:43]   ↳ 已存在，跳過 (添好運點心專賣店.html)
[2026-08-25 03:14:43] [5/87] La Petite Maison (LPM) Hong Ko | https://lpmrestaurants.com/hongkong/
[2026-08-25 03:14:43] [5/87] La Petite Maison (LPM) Hong Ko | https://lpmrestaurants.com/hongkong/
[2026-08-25 03:14:43]   ↳ 已存在，跳過 (La-Petite-Maison-LPM-Hong-Kong.html)
[2026-08-25 03:14:43]   ↳ 已存在，跳過 (La-Petite-Maison-LPM-Hong-Kong.html)
[2026-08-25 03:14:43] [6/87] Glow Hong Kong | https://www.glowspa.hk/
[2026-08-25 03:14:43] [6/87] Glow Hong Kong | https://www.glowspa.hk/
[2026-08-25 03:14:43]   ↳ 已存在，跳過 (Glow-Hong-Kong.html)
[2026-08-25 03:14:43]   ↳ 已存在，跳過 (Glow-Hong-Kong.html)
[2026-08-25 03:14:43] [7/87] Mó The Slow Bloom | https://www.mo-hk.com/
[2026-08-25 03:14:43] [7/87] Mó The Slow Bloom | https://www.mo-hk.com/
[2026-08-25 03:14:43]   ↳ 已存在，跳過 (Mó-The-Slow-Bloom.html)
[2026-08-25 03:14:43]   ↳ 已存在，跳過 (Mó-The-Slow-Bloom.html)
[2026-08-25 03:14:43] [8/87] Lux Medical 医繊美 | https://www.luxbeauty.hk/
[2026-08-25 03:14:43] [8/87] Lux Medical 医繊美 | https://www.luxbeauty.hk/
[2026-08-25 03:14:43]   ↳ 已存在，跳過 (Lux-Medical-医繊美.html)
[2026-08-25 03:14:43]   ↳ 已存在，跳過 (Lux-Medical-医繊美.html)
[2026-08-25 03:14:43] [9/87] 114HAIR | http://www.114hair.com/
[2026-08-25 03:14:43] [9/87] 114HAIR | http://www.114hair.com/
[2026-08-25 03:14:43]   ↳ 已存在，跳過 (114HAIR.html)
[2026-08-25 03:14:43]   ↳ 已存在，跳過 (114HAIR.html)
[2026-08-25 03:14:43] [10/87] Love Hair | http://www.lovehairhk.com/
[2026-08-25 03:14:43] [10/87] Love Hair | http://www.lovehairhk.com/
[2026-08-25 03:14:43]   ↳ 已存在，跳過 (Love-Hair.html)
[2026-08-25 03:14:43]   ↳ 已存在，跳過 (Love-Hair.html)
[2026-08-25 03:14:43] [11/87] TONI&GUY HK | http://www.toniandguyhk.com/
[2026-08-25 03:14:43] [11/87] TONI&GUY HK | http://www.toniandguyhk.com/
[2026-08-25 03:14:43]   ↳ 已存在，跳過 (TONIGUY-HK.html)
[2026-08-25 03:14:43]   ↳ 已存在，跳過 (TONIGUY-HK.html)
[2026-08-25 03:14:43] [12/87] iMPROVE HAiR-尖沙咀salon 尖沙咀剪髮 尖沙 | http://www.ihair.com.hk/
[2026-08-25 03:14:43] [12/87] iMPROVE HAiR-尖沙咀salon 尖沙咀剪髮 尖沙 | http://www.ihair.com.hk/
[2026-08-25 03:14:43]   ↳ 已存在，跳過 (iMPROVE-HAiR-尖沙咀salon-尖沙咀剪髮-尖沙咀髮廊-尖沙咀中藥染髮-尖沙咀假髮-尖沙咀頭皮護理.html)
[2026-08-25 03:14:43]   ↳ 已存在，跳過 (iMPROVE-HAiR-尖沙咀salon-尖沙咀剪髮-尖沙咀髮廊-尖沙咀中藥染髮-尖沙咀假髮-尖沙咀頭皮護理.html)
[2026-08-25 03:14:43] [13/87] 金澱装修工程有限公司 | https://www.palaceengineeringltd.com/
[2026-08-25 03:14:43] [13/87] 金澱装修工程有限公司 | https://www.palaceengineeringltd.com/
[2026-08-25 03:14:43]   ↳ 已存在，跳過 (金澱装修工程有限公司.html)
[2026-08-25 03:14:43]   ↳ 已存在，跳過 (金澱装修工程有限公司.html)
[2026-08-25 03:14:43] [14/87] 鋒主義 - 室內設計公司 | 室內裝修工程 | 工期 報價  | https://www.fungstyle.com.hk/
[2026-08-25 03:14:43] [14/87] 鋒主義 - 室內設計公司 | 室內裝修工程 | 工期 報價  | https://www.fungstyle.com.hk/
[2026-08-25 03:14:43]   ↳ 已存在，跳過 (鋒主義---室內設計公司-室內裝修工程-工期-報價-服務-三大保證.html)
[2026-08-25 03:14:43]   ↳ 已存在，跳過 (鋒主義---室內設計公司-室內裝修工程-工期-報價-服務-三大保證.html)
[2026-08-25 03:14:43] [15/87] 装修兄弟 | http://www.renobro.com.hk/
[2026-08-25 03:14:43] [15/87] 装修兄弟 | http://www.renobro.com.hk/
[2026-08-25 03:14:43]   ↳ 已存在，跳過 (装修兄弟.html)
[2026-08-25 03:14:43]   ↳ 已存在，跳過 (装修兄弟.html)
[2026-08-25 03:14:43] [16/87] 居屋皇 House king | 香港室内設計及装修公司 | http://housekinghk.com/
[2026-08-25 03:14:43] [16/87] 居屋皇 House king | 香港室内設計及装修公司 | http://housekinghk.com/
[2026-08-25 03:14:43]   ↳ 已存在，跳過 (居屋皇-House-king-香港室内設計及装修公司.html)
[2026-08-25 03:14:43]   ↳ 已存在，跳過 (居屋皇-House-king-香港室内設計及装修公司.html)
[2026-08-25 03:14:43] [17/87] Toby 裝修設計平台｜免費裝修報價｜香港裝修公司及室內設計 | https://www.hellotoby.com/zh-hk/id
[2026-08-25 03:14:43] [17/87] Toby 裝修設計平台｜免費裝修報價｜香港裝修公司及室內設計 | https://www.hellotoby.com/zh-hk/id
[2026-08-25 03:14:43]   ↳ 已存在，跳過 (Toby-裝修設計平台免費裝修報價香港裝修公司及室內設計公司.html)
[2026-08-25 03:14:43]   ↳ 已存在，跳過 (Toby-裝修設計平台免費裝修報價香港裝修公司及室內設計公司.html)
[2026-08-25 03:14:43] [18/87] PET HK - Mid Levels Edition | http://pethk.com/
[2026-08-25 03:14:43] [18/87] PET HK - Mid Levels Edition | http://pethk.com/
[2026-08-25 03:14:43]   ↳ 已存在，跳過 (PET-HK---Mid-Levels-Edition.html)
[2026-08-25 03:14:43]   ↳ 已存在，跳過 (PET-HK---Mid-Levels-Edition.html)
[2026-08-25 03:14:43] [19/87] Ruff & Fetch 拉夫寵物生活 (佐敦 Jordan | http://www.ruffandfetch.com/
[2026-08-25 03:14:43] [19/87] Ruff & Fetch 拉夫寵物生活 (佐敦 Jordan | http://www.ruffandfetch.com/
[2026-08-25 03:14:43]   ↳ 已存在，跳過 (Ruff--Fetch-拉夫寵物生活-佐敦-Jordan.html)
[2026-08-25 03:14:43]   ↳ 已存在，跳過 (Ruff--Fetch-拉夫寵物生活-佐敦-Jordan.html)
[2026-08-25 03:14:43] [20/87] HKTA香港導師会 | https://www.hkta.edu.hk/
[2026-08-25 03:14:43] [20/87] HKTA香港導師会 | https://www.hkta.edu.hk/
[2026-08-25 03:14:43]   ↳ 已存在，跳過 (HKTA香港導師会.html)
[2026-08-25 03:14:43]   ↳ 已存在，跳過 (HKTA香港導師会.html)
[2026-08-25 03:14:43] [21/87] 騎士数学 Knight Mathematics - Band | https://knightmaths.edu.hk/
[2026-08-25 03:14:43] [21/87] 騎士数学 Knight Mathematics - Band | https://knightmaths.edu.hk/
[2026-08-25 03:14:43]   ↳ 已存在，跳過 (騎士数学-Knight-Mathematics---Band-1-DSE-数学補習社.html)
[2026-08-25 03:14:43]   ↳ 已存在，跳過 (騎士数学-Knight-Mathematics---Band-1-DSE-数学補習社.html)
[2026-08-25 03:14:43] [22/87] 香港文化教育中心 | https://docs.google.com/forms/d/e/1FAIpQLSdjgsQlR4w8ZgKgE9RgAUPsPwrZzAZpo5SCULDDOgygEdeDnQ/viewform
[2026-08-25 03:14:43] [22/87] 香港文化教育中心 | https://docs.google.com/forms/d/e/1FAIpQLSdjgsQlR4w8ZgKgE9RgAUPsPwrZzAZpo5SCULDDOgygEdeDnQ/viewform
[2026-08-25 03:14:43]   ↳ 已存在，跳過 (香港文化教育中心.html)
[2026-08-25 03:14:43]   ↳ 已存在，跳過 (香港文化教育中心.html)
[2026-08-25 03:14:43] [23/87] GETUTOR 香港導師総会｜上門補習中介平台｜私補導師推介 | https://www.getutor.com.hk/
[2026-08-25 03:14:43] [23/87] GETUTOR 香港導師総会｜上門補習中介平台｜私補導師推介 | https://www.getutor.com.hk/
[2026-08-25 03:14:43]   ↳ 已存在，跳過 (GETUTOR-香港導師総会上門補習中介平台私補導師推介Private-Tutors-AgencyIB-IGCSE-A.html)
[2026-08-25 03:14:43]   ↳ 已存在，跳過 (GETUTOR-香港導師総会上門補習中介平台私補導師推介Private-Tutors-AgencyIB-IGCSE-A.html)
[2026-08-25 03:14:43] [24/87] 英博教学中心 - 数学中文英文補習 - 中小学補習社 | https://eplc.edu.hk/
[2026-08-25 03:14:43] [24/87] 英博教学中心 - 数学中文英文補習 - 中小学補習社 | https://eplc.edu.hk/
[2026-08-25 03:14:43]   ↳ 已存在，跳過 (英博教学中心---数学中文英文補習---中小学補習社.html)
[2026-08-25 03:14:43]   ↳ 已存在，跳過 (英博教学中心---数学中文英文補習---中小学補習社.html)
[2026-08-25 03:14:43] [25/87] 進研教育 - 英文中文数学補習社 | https://joinin-education.com/
[2026-08-25 03:14:43] [25/87] 進研教育 - 英文中文数学補習社 | https://joinin-education.com/
[2026-08-25 03:14:43]   ↳ 已存在，跳過 (進研教育---英文中文数学補習社.html)
[2026-08-25 03:14:43]   ↳ 已存在，跳過 (進研教育---英文中文数学補習社.html)
[2026-08-25 03:14:43] [26/87] 學斯教育(灣仔) | http://hoksi-edu.com/
[2026-08-25 03:14:43] [26/87] 學斯教育(灣仔) | http://hoksi-edu.com/
[2026-08-25 03:14:43]   ↳ 已存在，跳過 (學斯教育灣仔.html)
[2026-08-25 03:14:43]   ↳ 已存在，跳過 (學斯教育灣仔.html)
[2026-08-25 03:14:43] [27/87] 補習社｜学博教育 Learn Smart Education | https://learnsmart.edu.hk/
[2026-08-25 03:14:43] [27/87] 補習社｜学博教育 Learn Smart Education | https://learnsmart.edu.hk/
[2026-08-25 03:14:43]   ↳ 已存在，跳過 (補習社学博教育-Learn-Smart-Education.html)
[2026-08-25 03:14:43]   ↳ 已存在，跳過 (補習社学博教育-Learn-Smart-Education.html)
[2026-08-25 03:14:43] [28/87] 24/7 Fitness Central | http://247.fitness/
[2026-08-25 03:14:43] [28/87] 24/7 Fitness Central | http://247.fitness/
[2026-08-25 03:14:43]   ↳ 已存在，跳過 (24-7-Fitness-Central.html)
[2026-08-25 03:14:43]   ↳ 已存在，跳過 (24-7-Fitness-Central.html)
[2026-08-25 03:14:43] [29/87] 啓弘牙科（旺角店）丨九龍/旺角牙医/智慧歯/箍牙/隠式美/全 | https://omnesdental.com/
[2026-08-25 03:14:43] [29/87] 啓弘牙科（旺角店）丨九龍/旺角牙医/智慧歯/箍牙/隠式美/全 | https://omnesdental.com/
[2026-08-25 03:14:43]   ↳ 已存在，跳過 (啓弘牙科旺角店丨九龍-旺角牙医-智慧歯-箍牙-隠式美-全方位牙科服務-専業治療牙痛-種植牙-補牙-剥牙-洗牙.html)
[2026-08-25 03:14:43]   ↳ 已存在，跳過 (啓弘牙科旺角店丨九龍-旺角牙医-智慧歯-箍牙-隠式美-全方位牙科服務-専業治療牙痛-種植牙-補牙-剥牙-洗牙.html)
[2026-08-25 03:14:43] [30/87] Smith & Jain Dentists 史密夫和鄭牙醫診 | https://smithandjaindentists.com/
[2026-08-25 03:14:43] [30/87] Smith & Jain Dentists 史密夫和鄭牙醫診 | https://smithandjaindentists.com/
[2026-08-25 03:14:43]   ↳ 已存在，跳過 (Smith--Jain-Dentists-史密夫和鄭牙醫診所.html)
[2026-08-25 03:14:43]   ↳ 已存在，跳過 (Smith--Jain-Dentists-史密夫和鄭牙醫診所.html)
[2026-08-25 03:14:43] [31/87] Home Dental (Tsim Sha Tsui Bra | https://homedentalhk.com/cn/contact-us/tst
[2026-08-25 03:14:43] [31/87] Home Dental (Tsim Sha Tsui Bra | https://homedentalhk.com/cn/contact-us/tst
[2026-08-25 03:14:43]   ↳ 已存在，跳過 (Home-Dental-Tsim-Sha-Tsui-Branch.html)
[2026-08-25 03:14:43]   ↳ 已存在，跳過 (Home-Dental-Tsim-Sha-Tsui-Branch.html)
[2026-08-25 03:14:43] [32/87] 伍裕彤牙医 | https://trucaredental.hk/
[2026-08-25 03:14:43] [32/87] 伍裕彤牙医 | https://trucaredental.hk/
[2026-08-25 03:14:43]   ↳ 已存在，跳過 (伍裕彤牙医.html)
[2026-08-25 03:14:43]   ↳ 已存在，跳過 (伍裕彤牙医.html)
[2026-08-25 03:14:43] [33/87] Home Dental | https://homedentalhk.com/cn/contact-us/cwb
[2026-08-25 03:14:43] [33/87] Home Dental | https://homedentalhk.com/cn/contact-us/cwb
[2026-08-25 03:14:43]   ↳ 已存在，跳過 (Home-Dental.html)
[2026-08-25 03:14:43]   ↳ 已存在，跳過 (Home-Dental.html)
[2026-08-25 03:14:43] [34/87] T.O.P Dental by Family Smile L | http://www.topdental.hk/
[2026-08-25 03:14:43] [34/87] T.O.P Dental by Family Smile L | http://www.topdental.hk/
[2026-08-25 03:14:43]   ↳ 已存在，跳過 (T.O.P-Dental-by-Family-Smile-Ltd-香港牙科醫療集團-旺角太子牙醫中心.html)
[2026-08-25 03:14:43]   ↳ 已存在，跳過 (T.O.P-Dental-by-Family-Smile-Ltd-香港牙科醫療集團-旺角太子牙醫中心.html)
[2026-08-25 03:14:43] [35/87] Metro Dental 城健総合牙科医療中心 | https://www.metrodental.com.hk/
[2026-08-25 03:14:43] [35/87] Metro Dental 城健総合牙科医療中心 | https://www.metrodental.com.hk/
[2026-08-25 03:14:43]   ↳ 已存在，跳過 (Metro-Dental-城健総合牙科医療中心.html)
[2026-08-25 03:14:43]   ↳ 已存在，跳過 (Metro-Dental-城健総合牙科医療中心.html)
[2026-08-25 03:14:43] [36/87] 大国手 汽車車身維修 Grand Tycoon Automo | http://grandtycoon.com/
[2026-08-25 03:14:43] [36/87] 大国手 汽車車身維修 Grand Tycoon Automo | http://grandtycoon.com/
[2026-08-25 03:14:43]   ↳ 已存在，跳過 (大国手-汽車車身維修-Grand-Tycoon-Automotive-Repair-Shop.html)
[2026-08-25 03:14:43]   ↳ 已存在，跳過 (大国手-汽車車身維修-Grand-Tycoon-Automotive-Repair-Shop.html)
[2026-08-25 03:14:43] [37/87] AutoMate | Sham Shui Po Shop | https://www.automate-app.com/auto-shop
[2026-08-25 03:14:43] [37/87] AutoMate | Sham Shui Po Shop | https://www.automate-app.com/auto-shop
[2026-08-25 03:14:43]   ↳ 已存在，跳過 (AutoMate-Sham-Shui-Po-Shop.html)
[2026-08-25 03:14:43]   ↳ 已存在，跳過 (AutoMate-Sham-Shui-Po-Shop.html)
[2026-08-25 03:14:43] [38/87] Carol Garage Limited | http://www.carolgarage.com.hk/
[2026-08-25 03:14:43] [38/87] Carol Garage Limited | http://www.carolgarage.com.hk/
[2026-08-25 03:14:43]   ↳ 已存在，跳過 (Carol-Garage-Limited.html)
[2026-08-25 03:14:43]   ↳ 已存在，跳過 (Carol-Garage-Limited.html)
[2026-08-25 03:14:43] [39/87] 八方汽車 | Power Moto Limited | http://www.power-moto.hk/
[2026-08-25 03:14:43] [39/87] 八方汽車 | Power Moto Limited | http://www.power-moto.hk/
[2026-08-25 03:14:43]   ↳ 已存在，跳過 (八方汽車-Power-Moto-Limited.html)
[2026-08-25 03:14:43]   ↳ 已存在，跳過 (八方汽車-Power-Moto-Limited.html)
[2026-08-25 03:14:43] [40/87] Flow & Roll Laundry 自助洗衣 (中環 C | https://flowandroll.com/
[2026-08-25 03:14:43] [40/87] Flow & Roll Laundry 自助洗衣 (中環 C | https://flowandroll.com/
[2026-08-25 03:14:43]   ↳ 已存在，跳過 (Flow--Roll-Laundry-自助洗衣-中環-Central.html)
[2026-08-25 03:14:43]   ↳ 已存在，跳過 (Flow--Roll-Laundry-自助洗衣-中環-Central.html)
[2026-08-25 03:14:43] [41/87] 初洗 First Laundry 觀塘24小時自助洗衣店 | https://wa.me/85268716550
[2026-08-25 03:14:43] [41/87] 初洗 First Laundry 觀塘24小時自助洗衣店 | https://wa.me/85268716550
[2026-08-25 03:14:43]   ↳ 已存在，跳過 (初洗-First-Laundry-觀塘24小時自助洗衣店.html)
[2026-08-25 03:14:43]   ↳ 已存在，跳過 (初洗-First-Laundry-觀塘24小時自助洗衣店.html)
[2026-08-25 03:14:43] [42/87] 水漾衣坊 water laundry | https://whalewashmk.hk/
[2026-08-25 03:14:43] [42/87] 水漾衣坊 water laundry | https://whalewashmk.hk/
[2026-08-25 03:14:43]   ↳ 已存在，跳過 (水漾衣坊-water-laundry.html)
[2026-08-25 03:14:43]   ↳ 已存在，跳過 (水漾衣坊-water-laundry.html)
[2026-08-25 03:14:43] [43/87] FLORISTRY by ART OF LIVING | http://www.floristrybyartofliving.com/
[2026-08-25 03:14:43] [43/87] FLORISTRY by ART OF LIVING | http://www.floristrybyartofliving.com/
[2026-08-25 03:14:43]   ↳ 已存在，跳過 (FLORISTRY-by-ART-OF-LIVING.html)
[2026-08-25 03:14:43]   ↳ 已存在，跳過 (FLORISTRY-by-ART-OF-LIVING.html)
[2026-08-25 03:14:43] [44/87] 花籃 450 - Flower 450 | https://flower450.com/
[2026-08-25 03:14:43] [44/87] 花籃 450 - Flower 450 | https://flower450.com/
[2026-08-25 03:14:43]   ↳ 已存在，跳過 (花籃-450---Flower-450.html)
[2026-08-25 03:14:43]   ↳ 已存在，跳過 (花籃-450---Flower-450.html)
[2026-08-25 03:14:43] [45/87] 優之花鋪-U Flower Shop | https://www.uflowershop.com/
[2026-08-25 03:14:43] [45/87] 優之花鋪-U Flower Shop | https://www.uflowershop.com/
[2026-08-25 03:14:43]   ↳ 已存在，跳過 (優之花鋪-U-Flower-Shop.html)
[2026-08-25 03:14:43]   ↳ 已存在，跳過 (優之花鋪-U-Flower-Shop.html)
[2026-08-25 03:14:43] [46/87] Eternal Flora hk | https://www.eternalflorahk.com/
[2026-08-25 03:14:43] [46/87] Eternal Flora hk | https://www.eternalflorahk.com/
[2026-08-25 03:14:43]   ↳ 已存在，跳過 (Eternal-Flora-hk.html)
[2026-08-25 03:14:43]   ↳ 已存在，跳過 (Eternal-Flora-hk.html)
[2026-08-25 03:14:43] [47/87] FDHK - Flower Delivery Hong Ko | https://flowerdeliveryhongkong.com/
[2026-08-25 03:14:43] [47/87] FDHK - Flower Delivery Hong Ko | https://flowerdeliveryhongkong.com/
[2026-08-25 03:14:43]   ↳ 已存在，跳過 (FDHK---Flower-Delivery-Hong-Kong.html)
[2026-08-25 03:14:43]   ↳ 已存在，跳過 (FDHK---Flower-Delivery-Hong-Kong.html)
[2026-08-25 03:14:43] [48/87] Joseph Photo 香港專業攝影工作室 | https://josephphoto.hk/
[2026-08-25 03:14:43] [48/87] Joseph Photo 香港專業攝影工作室 | https://josephphoto.hk/
[2026-08-25 03:14:43]   ↳ 已存在，跳過 (Joseph-Photo-香港專業攝影工作室.html)
[2026-08-25 03:14:43]   ↳ 已存在，跳過 (Joseph-Photo-香港專業攝影工作室.html)
[2026-08-25 03:14:43] [49/87] Majesty Professional Photo殿堂館- | https://www.majestyprofessional.com/
[2026-08-25 03:14:43] [49/87] Majesty Professional Photo殿堂館- | https://www.majestyprofessional.com/
[2026-08-25 03:14:43]   ↳ 已存在，跳過 (Majesty-Professional-Photo殿堂館-專業照首選.html)
[2026-08-25 03:14:43]   ↳ 已存在，跳過 (Majesty-Professional-Photo殿堂館-專業照首選.html)
[2026-08-25 03:14:43] [50/87] Owl Photo Studio 貓頭鷹照相館 | https://www.owlphoto.hk/
[2026-08-25 03:14:43] [50/87] Owl Photo Studio 貓頭鷹照相館 | https://www.owlphoto.hk/
[2026-08-25 03:14:43]   ↳ 已存在，跳過 (Owl-Photo-Studio-貓頭鷹照相館.html)
[2026-08-25 03:14:43]   ↳ 已存在，跳過 (Owl-Photo-Studio-貓頭鷹照相館.html)
[2026-08-25 03:14:43] [51/87] Yat Tung Heen - Eaton HK | https://www.yattungheen.com/
[2026-08-25 03:14:43] [51/87] Yat Tung Heen - Eaton HK | https://www.yattungheen.com/
[2026-08-25 03:14:43]   ↳ 已存在，跳過 (Yat-Tung-Heen---Eaton-HK.html)
[2026-08-25 03:14:43]   ↳ 已存在，跳過 (Yat-Tung-Heen---Eaton-HK.html)
[2026-08-25 03:14:43] [52/87] Hair Quest Hair salon Central | https://www.hairquest-hk.com/
[2026-08-25 03:14:43] [52/87] Hair Quest Hair salon Central | https://www.hairquest-hk.com/
[2026-08-25 03:14:43]   ↳ 已存在，跳過 (Hair-Quest-Hair-salon-Central.html)
[2026-08-25 03:14:43]   ↳ 已存在，跳過 (Hair-Quest-Hair-salon-Central.html)
[2026-08-25 03:14:43] [53/87] 天下猫猫一様猫 | https://www.catiscat.com.hk/
[2026-08-25 03:14:43] [53/87] 天下猫猫一様猫 | https://www.catiscat.com.hk/
[2026-08-25 03:14:43]   ↳ 已存在，跳過 (天下猫猫一様猫.html)
[2026-08-25 03:14:43]   ↳ 已存在，跳過 (天下猫猫一様猫.html)
[2026-08-25 03:14:43] [54/87] Bora beauty | https://bora.hk/
[2026-08-25 03:14:43] [54/87] Bora beauty | https://bora.hk/
[2026-08-25 03:14:43]   ↳ 已存在，跳過 (Bora-beauty.html)
[2026-08-25 03:14:43]   ↳ 已存在，跳過 (Bora-beauty.html)
[2026-08-25 03:14:43] [55/87] Dream Scenes Studio | http://dreamscenesstudio.com/
[2026-08-25 03:14:43] [55/87] Dream Scenes Studio | http://dreamscenesstudio.com/
[2026-08-25 03:14:43]   ↳ 已存在，跳過 (Dream-Scenes-Studio.html)
[2026-08-25 03:14:43]   ↳ 已存在，跳過 (Dream-Scenes-Studio.html)
[2026-08-25 03:14:43] [56/87] Dazzling Smile Dental Clinic 瑩 | https://dazzlingsmiledentalclinic.com/
[2026-08-25 03:14:43] [56/87] Dazzling Smile Dental Clinic 瑩 | https://dazzlingsmiledentalclinic.com/
[2026-08-25 03:14:43]   ↳ 已存在，跳過 (Dazzling-Smile-Dental-Clinic-瑩恩牙科診所.html)
[2026-08-25 03:14:43]   ↳ 已存在，跳過 (Dazzling-Smile-Dental-Clinic-瑩恩牙科診所.html)
[2026-08-25 03:14:43] [57/87] Family Smile Limited | http://www.familysmile.hk/
[2026-08-25 03:14:43] [57/87] Family Smile Limited | http://www.familysmile.hk/
[2026-08-25 03:14:43]   ↳ 已存在，跳過 (Family-Smile-Limited.html)
[2026-08-25 03:14:43]   ↳ 已存在，跳過 (Family-Smile-Limited.html)
[2026-08-25 03:14:43] [58/87] INDULGENCE hair & beauty salon | http://www.indulgence.hk/
[2026-08-25 03:14:43] [58/87] INDULGENCE hair & beauty salon | http://www.indulgence.hk/
[2026-08-25 03:14:43]   ↳ 已存在，跳過 (INDULGENCE-hair--beauty-salon.html)
[2026-08-25 03:14:43]   ↳ 已存在，跳過 (INDULGENCE-hair--beauty-salon.html)
[2026-08-25 03:14:43] [59/87] 花店 | 花束專家 | https://www.flowerbouquet.com.hk/
[2026-08-25 03:14:43] [59/87] 花店 | 花束專家 | https://www.flowerbouquet.com.hk/
[2026-08-25 03:14:43]   ↳ 已存在，跳過 (花店-花束專家.html)
[2026-08-25 03:14:43]   ↳ 已存在，跳過 (花店-花束專家.html)
[2026-08-25 03:14:43] [60/87] 網上訂花 ‧ 送花香港 | Fdhk 最高評分即日網上花店 | https://flowerdeliveryhongkong.com/zh
[2026-08-25 03:14:43] [60/87] 網上訂花 ‧ 送花香港 | Fdhk 最高評分即日網上花店 | https://flowerdeliveryhongkong.com/zh
[2026-08-25 03:14:43]   ↳ 已存在，跳過 (網上訂花--送花香港-Fdhk-最高評分即日網上花店.html)
[2026-08-25 03:14:43]   ↳ 已存在，跳過 (網上訂花--送花香港-Fdhk-最高評分即日網上花店.html)
[2026-08-25 03:14:43] [61/87] Rhine Flowers | https://rhineflowers.com/
[2026-08-25 03:14:43] [61/87] Rhine Flowers | https://rhineflowers.com/
[2026-08-25 03:14:43]   ↳ 已存在，跳過 (Rhine-Flowers.html)
[2026-08-25 03:14:43]   ↳ 已存在，跳過 (Rhine-Flowers.html)
[2026-08-25 03:14:43] [62/87] 香港花店｜網上訂花及送花｜Gift Flowers HK | https://giftflowers.com.hk/cn/
[2026-08-25 03:14:43] [62/87] 香港花店｜網上訂花及送花｜Gift Flowers HK | https://giftflowers.com.hk/cn/
[2026-08-25 03:14:43]   ↳ 已存在，跳過 (香港花店網上訂花及送花Gift-Flowers-HK.html)
[2026-08-25 03:14:43]   ↳ 已存在，跳過 (香港花店網上訂花及送花Gift-Flowers-HK.html)
[2026-08-25 03:14:43] [63/87] Flora Floriculture - 花店 | https://www.floraf.com.hk/
[2026-08-25 03:14:43] [63/87] Flora Floriculture - 花店 | https://www.floraf.com.hk/
[2026-08-25 03:14:43]   ↳ 已存在，跳過 (Flora-Floriculture---花店.html)
[2026-08-25 03:14:43]   ↳ 已存在，跳過 (Flora-Floriculture---花店.html)
[2026-08-25 03:14:43] [64/87] 香港花店 | https://www.mrsliuflorist.com/
[2026-08-25 03:14:43] [64/87] 香港花店 | https://www.mrsliuflorist.com/
[2026-08-25 03:14:43]   ↳ 已存在，跳過 (香港花店.html)
[2026-08-25 03:14:43]   ↳ 已存在，跳過 (香港花店.html)
[2026-08-25 03:14:43] [65/87] 網上花店| 網上訂花 | 即日送花 | HKfashop | https://hkfashop.com/
[2026-08-25 03:14:43] [65/87] 網上花店| 網上訂花 | 即日送花 | HKfashop | https://hkfashop.com/
[2026-08-25 03:14:43]   ↳ 已存在，跳過 (網上花店-網上訂花-即日送花-HKfashop.html)
[2026-08-25 03:14:43]   ↳ 已存在，跳過 (網上花店-網上訂花-即日送花-HKfashop.html)
[2026-08-25 03:14:43] [66/87] 【 送花】 ｜訂花｜Flowerbee Florist訂花束 | https://flowerbee-hk.com/zh
[2026-08-25 03:14:43] [66/87] 【 送花】 ｜訂花｜Flowerbee Florist訂花束 | https://flowerbee-hk.com/zh
[2026-08-25 03:14:43]   ↳ 已存在，跳過 (送花-訂花Flowerbee-Florist訂花束---Flowerbee-HK-Florist.html)
[2026-08-25 03:14:43]   ↳ 已存在，跳過 (送花-訂花Flowerbee-Florist訂花束---Flowerbee-HK-Florist.html)
[2026-08-25 03:14:43] [67/87] 花點時間｜香港旺角花墟實體花店：24小時訂花、鮮花花束、開張 | https://www.reflower.com.hk/
[2026-08-25 03:14:43] [67/87] 花點時間｜香港旺角花墟實體花店：24小時訂花、鮮花花束、開張 | https://www.reflower.com.hk/
[2026-08-25 03:14:43]   ↳ 已存在，跳過 (花點時間香港旺角花墟實體花店24小時訂花鮮花花束開張花籃鮮花批發---花點時間-Reflower.html)
[2026-08-25 03:14:43]   ↳ 已存在，跳過 (花點時間香港旺角花墟實體花店24小時訂花鮮花花束開張花籃鮮花批發---花點時間-Reflower.html)
[2026-08-25 03:14:43] [68/87] 香港花店- 首頁花店推薦 - 我們代表和倡導位於香港島、九龍 | https://zh-hk.hk-florist.org/
[2026-08-25 03:14:43] [68/87] 香港花店- 首頁花店推薦 - 我們代表和倡導位於香港島、九龍 | https://zh-hk.hk-florist.org/
[2026-08-25 03:14:43]   ↳ 已存在，跳過 (香港花店--首頁花店推薦---我們代表和倡導位於香港島九龍和新界的花店以及在線花店和鮮花配送公司.html)
[2026-08-25 03:14:43]   ↳ 已存在，跳過 (香港花店--首頁花店推薦---我們代表和倡導位於香港島九龍和新界的花店以及在線花店和鮮花配送公司.html)
[2026-08-25 03:14:43] [69/87] 有花漾 ZH Flowers | https://www.zh-flowers.com/
[2026-08-25 03:14:43] [69/87] 有花漾 ZH Flowers | https://www.zh-flowers.com/
[2026-08-25 03:14:43]   ↳ 已存在，跳過 (有花漾-ZH-Flowers.html)
[2026-08-25 03:14:43]   ↳ 已存在，跳過 (有花漾-ZH-Flowers.html)
[2026-08-25 03:14:43] [70/87] 花店花生花華 | FaSunflower Florist | https://www.fasunflower.com/
[2026-08-25 03:14:43] [70/87] 花店花生花華 | FaSunflower Florist | https://www.fasunflower.com/
[2026-08-25 03:14:43]   ↳ 已存在，跳過 (花店花生花華-FaSunflower-Florist.html)
[2026-08-25 03:14:43]   ↳ 已存在，跳過 (花店花生花華-FaSunflower-Florist.html)
[2026-08-25 03:14:43] [71/87] 格蘭花店 Grand Floral & Gift Shop | https://grand.com.hk/
[2026-08-25 03:14:43] [71/87] 格蘭花店 Grand Floral & Gift Shop | https://grand.com.hk/
[2026-08-25 03:14:43]   ↳ 已存在，跳過 (格蘭花店-Grand-Floral--Gift-Shop.html)
[2026-08-25 03:14:43]   ↳ 已存在，跳過 (格蘭花店-Grand-Floral--Gift-Shop.html)
[2026-08-25 03:14:43] [72/87] WHY Studio - 上環證件相｜學生相｜專業形象照 | https://www.whystudiohk.com/
[2026-08-25 03:14:43] [72/87] WHY Studio - 上環證件相｜學生相｜專業形象照 | https://www.whystudiohk.com/
[2026-08-25 03:14:43]   ↳ 已存在，跳過 (WHY-Studio---上環證件相學生相專業形象照.html)
[2026-08-25 03:14:43]   ↳ 已存在，跳過 (WHY-Studio---上環證件相學生相專業形象照.html)
[2026-08-25 03:14:43] [73/87] Cat Watt 晴珊猫舎 | http://www.catwatt.com/
[2026-08-25 03:14:43] [73/87] Cat Watt 晴珊猫舎 | http://www.catwatt.com/
[2026-08-25 03:14:43]   ↳ 已存在，跳過 (Cat-Watt-晴珊猫舎.html)
[2026-08-25 03:14:43]   ↳ 已存在，跳過 (Cat-Watt-晴珊猫舎.html)
[2026-08-25 03:14:43] [74/87] 牙齒矯正及兒童齒科中心 (旺角朗豪坊) | Orthodon | https://www.ortho-center.com/
[2026-08-25 03:14:43] [74/87] 牙齒矯正及兒童齒科中心 (旺角朗豪坊) | Orthodon | https://www.ortho-center.com/
[2026-08-25 03:14:43]   ↳ 已存在，跳過 (牙齒矯正及兒童齒科中心-旺角朗豪坊-Orthodontic--Childrens-Dental-Center-Langh.html)
[2026-08-25 03:14:43]   ↳ 已存在，跳過 (牙齒矯正及兒童齒科中心-旺角朗豪坊-Orthodontic--Childrens-Dental-Center-Langh.html)
[2026-08-25 03:14:43] [75/87] HALO Flowers | https://haloflowers.com.hk/zh-hant/
[2026-08-25 03:14:43] [75/87] HALO Flowers | https://haloflowers.com.hk/zh-hant/
[2026-08-25 03:14:43]   ↳ 已存在，跳過 (HALO-Flowers.html)
[2026-08-25 03:14:43]   ↳ 已存在，跳過 (HALO-Flowers.html)
[2026-08-25 03:14:43] [76/87] Pettington 柏靈頓獸醫寵物用品 | https://www.pettington.com/
[2026-08-25 03:14:43] [76/87] Pettington 柏靈頓獸醫寵物用品 | https://www.pettington.com/
[2026-08-25 03:14:43]   ↳ 已存在，跳過 (Pettington-柏靈頓獸醫寵物用品.html)
[2026-08-25 03:14:43]   ↳ 已存在，跳過 (Pettington-柏靈頓獸醫寵物用品.html)
[2026-08-25 03:14:43] [77/87] 皓保牙科診所 Craft Smile Dental Cent | https://zh.drchrischeung.com/
[2026-08-25 03:14:43] [77/87] 皓保牙科診所 Craft Smile Dental Cent | https://zh.drchrischeung.com/
[2026-08-25 03:14:43]   ↳ 已存在，跳過 (皓保牙科診所-Craft-Smile-Dental-Center.html)
[2026-08-25 03:14:43]   ↳ 已存在，跳過 (皓保牙科診所-Craft-Smile-Dental-Center.html)
[2026-08-25 03:14:43] [78/87] Toyota Kowloon Bay Service Cen | https://www.toyota.com.hk/?utm_campaign=gmb&utm_medium=organic&utm_source=local
[2026-08-25 03:14:43] [78/87] Toyota Kowloon Bay Service Cen | https://www.toyota.com.hk/?utm_campaign=gmb&utm_medium=organic&utm_source=local
[2026-08-25 03:14:43]   ↳ 已存在，跳過 (Toyota-Kowloon-Bay-Service-Centre-Mechanical.html)
[2026-08-25 03:14:43]   ↳ 已存在，跳過 (Toyota-Kowloon-Bay-Service-Centre-Mechanical.html)
[2026-08-25 03:14:43] [79/87] Anglo Chinese Florist | http://www.anglochinese.com/
[2026-08-25 03:14:43] [79/87] Anglo Chinese Florist | http://www.anglochinese.com/
[2026-08-25 03:14:43]   ↳ 已存在，跳過 (Anglo-Chinese-Florist.html)
[2026-08-25 03:14:43]   ↳ 已存在，跳過 (Anglo-Chinese-Florist.html)
[2026-08-25 03:14:43] [80/87] Photobi HK 韓式 証件相拍摂工作室 - 湾仔店 | https://photobi.hk/
[2026-08-25 03:14:43] [80/87] Photobi HK 韓式 証件相拍摂工作室 - 湾仔店 | https://photobi.hk/
[2026-08-25 03:14:43]   ↳ 已存在，跳過 (Photobi-HK-韓式-証件相拍摂工作室---湾仔店.html)
[2026-08-25 03:14:43]   ↳ 已存在，跳過 (Photobi-HK-韓式-証件相拍摂工作室---湾仔店.html)
[2026-08-25 03:14:43] [81/87] Advance Pet Food | http://advancepetfood.com/
[2026-08-25 03:14:43] [81/87] Advance Pet Food | http://advancepetfood.com/
[2026-08-25 03:14:43]   ↳ 已存在，跳過 (Advance-Pet-Food.html)
[2026-08-25 03:14:43]   ↳ 已存在，跳過 (Advance-Pet-Food.html)
[2026-08-25 03:14:43] [82/87] Anna Maria Studio | http://annamstudio.com/
[2026-08-25 03:14:43] [82/87] Anna Maria Studio | http://annamstudio.com/
[2026-08-25 03:14:43]   ↳ 已存在，跳過 (Anna-Maria-Studio.html)
[2026-08-25 03:14:43]   ↳ 已存在，跳過 (Anna-Maria-Studio.html)
[2026-08-25 03:14:43] [83/87] 1984 HAIR SALON | https://1984hairsalon.wixsite.com/1984-hairsalon
[2026-08-25 03:14:43] [83/87] 1984 HAIR SALON | https://1984hairsalon.wixsite.com/1984-hairsalon
[2026-08-25 03:14:43]   ↳ 已存在，跳過 (1984-HAIR-SALON.html)
[2026-08-25 03:14:43]   ↳ 已存在，跳過 (1984-HAIR-SALON.html)
[2026-08-25 03:14:43] [84/87] Bulls PPF 専門店 | https://www.ppf.com.hk/
[2026-08-25 03:14:43] [84/87] Bulls PPF 専門店 | https://www.ppf.com.hk/
[2026-08-25 03:14:43]   ↳ 已存在，跳過 (Bulls-PPF-専門店.html)
[2026-08-25 03:14:43]   ↳ 已存在，跳過 (Bulls-PPF-専門店.html)
[2026-08-25 03:14:43] [85/87] LEEKAJA X AMONG Hair Salon Cen | https://www.leekaja.hk/
[2026-08-25 03:14:43] [85/87] LEEKAJA X AMONG Hair Salon Cen | https://www.leekaja.hk/
[2026-08-25 03:14:43]   ↳ 已存在，跳過 (LEEKAJA-X-AMONG-Hair-Salon-Century-Square-in-Hongkong-한국-미용실.html)
[2026-08-25 03:14:43]   ↳ 已存在，跳過 (LEEKAJA-X-AMONG-Hair-Salon-Century-Square-in-Hongkong-한국-미용실.html)
[2026-08-25 03:14:43] [86/87] MEGAPET (Kowloon City Shop) | http://www.megapet.com.hk/
[2026-08-25 03:14:43] [86/87] MEGAPET (Kowloon City Shop) | http://www.megapet.com.hk/
[2026-08-25 03:14:43]   ↳ 已存在，跳過 (MEGAPET-Kowloon-City-Shop.html)
[2026-08-25 03:14:43]   ↳ 已存在，跳過 (MEGAPET-Kowloon-City-Shop.html)
[2026-08-25 03:14:43] [87/87] 仁健牙科 Nixon Dental (太子牙醫/旺角牙醫/洗 | http://www.nixondental.com/
[2026-08-25 03:14:43] [87/87] 仁健牙科 Nixon Dental (太子牙醫/旺角牙醫/洗 | http://www.nixondental.com/
[2026-08-25 03:14:43]   ↳ 已存在，跳過 (仁健牙科-Nixon-Dental-太子牙醫-旺角牙醫-洗牙-補牙-種牙-植牙-杜牙根-智慧齒-箍牙-Invisalig.html)
[2026-08-25 03:14:43]   ↳ 已存在，跳過 (仁健牙科-Nixon-Dental-太子牙醫-旺角牙醫-洗牙-補牙-種牙-植牙-杜牙根-智慧齒-箍牙-Invisalig.html)
[2026-08-25 03:14:43] == 完成 ==
[2026-08-25 03:14:43] == 完成 ==
[2026-08-25 03:14:43] 成功 87 個，失敗 0 個
[2026-08-25 03:14:43] 成功 87 個，失敗 0 個

── 失敗清單 ──
[2026-08-25 03:14:43] == 開始為 0 間「沒網站但有聯絡」的商家建立一頁式網頁 → /home/ubuntu/.mok/html/project/MokCs ==
[2026-08-25 03:14:43] == 開始為 0 間「沒網站但有聯絡」的商家建立一頁式網頁 → /home/ubuntu/.mok/html/project/MokCs ==
[2026-08-25 03:14:43] == 一頁式網頁完成：0/0 ==
[2026-08-25 03:14:43] == 一頁式網頁完成：0/0 ==
[2026-08-25 03:44:57]   過濾：87 間 → 保留 87 間有 WhatsApp/Email 的商家
[2026-08-25 03:44:57]   過濾：87 間 → 保留 87 間有 WhatsApp/Email 的商家
[2026-08-25 03:44:57] == 開始克隆 87 個商家首頁 → /home/ubuntu/.mok/html/project/MokCs ==
[2026-08-25 03:44:57] == 開始克隆 87 個商家首頁 → /home/ubuntu/.mok/html/project/MokCs ==
[2026-08-25 03:44:57] [1/87] Hutong | https://hutong.com.hk/
[2026-08-25 03:44:57] [1/87] Hutong | https://hutong.com.hk/
[2026-08-25 03:44:57]   ↳ 已存在，跳過 (Hutong.html)
[2026-08-25 03:44:57]   ↳ 已存在，跳過 (Hutong.html)
[2026-08-25 03:44:57] [2/87] The Chairman Restaurant | https://www.thechairmangroup.com/
[2026-08-25 03:44:57] [2/87] The Chairman Restaurant | https://www.thechairmangroup.com/
[2026-08-25 03:44:57]   ↳ 已存在，跳過 (The-Chairman-Restaurant.html)
[2026-08-25 03:44:57]   ↳ 已存在，跳過 (The-Chairman-Restaurant.html)
[2026-08-25 03:44:57] [3/87] 南蛮亭香港店 | http://nanbantei.com.hk/
[2026-08-25 03:44:57] [3/87] 南蛮亭香港店 | http://nanbantei.com.hk/
[2026-08-25 03:44:57]   ↳ 已存在，跳過 (南蛮亭香港店.html)
[2026-08-25 03:44:57]   ↳ 已存在，跳過 (南蛮亭香港店.html)
[2026-08-25 03:44:57] [4/87] 添好運點心專賣店 | https://www.timhowan.com.hk/
[2026-08-25 03:44:57] [4/87] 添好運點心專賣店 | https://www.timhowan.com.hk/
[2026-08-25 03:44:57]   ↳ 已存在，跳過 (添好運點心專賣店.html)
[2026-08-25 03:44:57]   ↳ 已存在，跳過 (添好運點心專賣店.html)
[2026-08-25 03:44:57] [5/87] La Petite Maison (LPM) Hong Ko | https://lpmrestaurants.com/hongkong/
[2026-08-25 03:44:57] [5/87] La Petite Maison (LPM) Hong Ko | https://lpmrestaurants.com/hongkong/
[2026-08-25 03:44:57]   ↳ 已存在，跳過 (La-Petite-Maison-LPM-Hong-Kong.html)
[2026-08-25 03:44:57]   ↳ 已存在，跳過 (La-Petite-Maison-LPM-Hong-Kong.html)
[2026-08-25 03:44:57] [6/87] Glow Hong Kong | https://www.glowspa.hk/
[2026-08-25 03:44:57] [6/87] Glow Hong Kong | https://www.glowspa.hk/
[2026-08-25 03:44:57]   ↳ 已存在，跳過 (Glow-Hong-Kong.html)
[2026-08-25 03:44:57]   ↳ 已存在，跳過 (Glow-Hong-Kong.html)
[2026-08-25 03:44:57] [7/87] Mó The Slow Bloom | https://www.mo-hk.com/
[2026-08-25 03:44:57] [7/87] Mó The Slow Bloom | https://www.mo-hk.com/
[2026-08-25 03:44:57]   ↳ 已存在，跳過 (Mó-The-Slow-Bloom.html)
[2026-08-25 03:44:57]   ↳ 已存在，跳過 (Mó-The-Slow-Bloom.html)
[2026-08-25 03:44:57] [8/87] Lux Medical 医繊美 | https://www.luxbeauty.hk/
[2026-08-25 03:44:57] [8/87] Lux Medical 医繊美 | https://www.luxbeauty.hk/
[2026-08-25 03:44:57]   ↳ 已存在，跳過 (Lux-Medical-医繊美.html)
[2026-08-25 03:44:57]   ↳ 已存在，跳過 (Lux-Medical-医繊美.html)
[2026-08-25 03:44:57] [9/87] 114HAIR | http://www.114hair.com/
[2026-08-25 03:44:57] [9/87] 114HAIR | http://www.114hair.com/
[2026-08-25 03:44:57]   ↳ 已存在，跳過 (114HAIR.html)
[2026-08-25 03:44:57]   ↳ 已存在，跳過 (114HAIR.html)
[2026-08-25 03:44:57] [10/87] Love Hair | http://www.lovehairhk.com/
[2026-08-25 03:44:57] [10/87] Love Hair | http://www.lovehairhk.com/
[2026-08-25 03:44:57]   ↳ 已存在，跳過 (Love-Hair.html)
[2026-08-25 03:44:57]   ↳ 已存在，跳過 (Love-Hair.html)
[2026-08-25 03:44:57] [11/87] TONI&GUY HK | http://www.toniandguyhk.com/
[2026-08-25 03:44:57] [11/87] TONI&GUY HK | http://www.toniandguyhk.com/
[2026-08-25 03:44:57]   ↳ 已存在，跳過 (TONIGUY-HK.html)
[2026-08-25 03:44:57]   ↳ 已存在，跳過 (TONIGUY-HK.html)
[2026-08-25 03:44:57] [12/87] iMPROVE HAiR-尖沙咀salon 尖沙咀剪髮 尖沙 | http://www.ihair.com.hk/
[2026-08-25 03:44:57] [12/87] iMPROVE HAiR-尖沙咀salon 尖沙咀剪髮 尖沙 | http://www.ihair.com.hk/
[2026-08-25 03:44:57]   ↳ 已存在，跳過 (iMPROVE-HAiR-尖沙咀salon-尖沙咀剪髮-尖沙咀髮廊-尖沙咀中藥染髮-尖沙咀假髮-尖沙咀頭皮護理.html)
[2026-08-25 03:44:57]   ↳ 已存在，跳過 (iMPROVE-HAiR-尖沙咀salon-尖沙咀剪髮-尖沙咀髮廊-尖沙咀中藥染髮-尖沙咀假髮-尖沙咀頭皮護理.html)
[2026-08-25 03:44:57] [13/87] 金澱装修工程有限公司 | https://www.palaceengineeringltd.com/
[2026-08-25 03:44:57] [13/87] 金澱装修工程有限公司 | https://www.palaceengineeringltd.com/
[2026-08-25 03:44:57]   ↳ 已存在，跳過 (金澱装修工程有限公司.html)
[2026-08-25 03:44:57]   ↳ 已存在，跳過 (金澱装修工程有限公司.html)
[2026-08-25 03:44:57] [14/87] 鋒主義 - 室內設計公司 | 室內裝修工程 | 工期 報價  | https://www.fungstyle.com.hk/
[2026-08-25 03:44:57] [14/87] 鋒主義 - 室內設計公司 | 室內裝修工程 | 工期 報價  | https://www.fungstyle.com.hk/
[2026-08-25 03:44:57]   ↳ 已存在，跳過 (鋒主義---室內設計公司-室內裝修工程-工期-報價-服務-三大保證.html)
[2026-08-25 03:44:57]   ↳ 已存在，跳過 (鋒主義---室內設計公司-室內裝修工程-工期-報價-服務-三大保證.html)
[2026-08-25 03:44:57] [15/87] 装修兄弟 | http://www.renobro.com.hk/
[2026-08-25 03:44:57] [15/87] 装修兄弟 | http://www.renobro.com.hk/
[2026-08-25 03:44:57]   ↳ 已存在，跳過 (装修兄弟.html)
[2026-08-25 03:44:57]   ↳ 已存在，跳過 (装修兄弟.html)
[2026-08-25 03:44:57] [16/87] 居屋皇 House king | 香港室内設計及装修公司 | http://housekinghk.com/
[2026-08-25 03:44:57] [16/87] 居屋皇 House king | 香港室内設計及装修公司 | http://housekinghk.com/
[2026-08-25 03:44:57]   ↳ 已存在，跳過 (居屋皇-House-king-香港室内設計及装修公司.html)
[2026-08-25 03:44:57]   ↳ 已存在，跳過 (居屋皇-House-king-香港室内設計及装修公司.html)
[2026-08-25 03:44:57] [17/87] Toby 裝修設計平台｜免費裝修報價｜香港裝修公司及室內設計 | https://www.hellotoby.com/zh-hk/id
[2026-08-25 03:44:57] [17/87] Toby 裝修設計平台｜免費裝修報價｜香港裝修公司及室內設計 | https://www.hellotoby.com/zh-hk/id
[2026-08-25 03:44:57]   ↳ 已存在，跳過 (Toby-裝修設計平台免費裝修報價香港裝修公司及室內設計公司.html)
[2026-08-25 03:44:57]   ↳ 已存在，跳過 (Toby-裝修設計平台免費裝修報價香港裝修公司及室內設計公司.html)
[2026-08-25 03:44:57] [18/87] PET HK - Mid Levels Edition | http://pethk.com/
[2026-08-25 03:44:57] [18/87] PET HK - Mid Levels Edition | http://pethk.com/
[2026-08-25 03:44:57]   ↳ 已存在，跳過 (PET-HK---Mid-Levels-Edition.html)
[2026-08-25 03:44:57]   ↳ 已存在，跳過 (PET-HK---Mid-Levels-Edition.html)
[2026-08-25 03:44:57] [19/87] Ruff & Fetch 拉夫寵物生活 (佐敦 Jordan | http://www.ruffandfetch.com/
[2026-08-25 03:44:57] [19/87] Ruff & Fetch 拉夫寵物生活 (佐敦 Jordan | http://www.ruffandfetch.com/
[2026-08-25 03:44:57]   ↳ 已存在，跳過 (Ruff--Fetch-拉夫寵物生活-佐敦-Jordan.html)
[2026-08-25 03:44:57]   ↳ 已存在，跳過 (Ruff--Fetch-拉夫寵物生活-佐敦-Jordan.html)
[2026-08-25 03:44:57] [20/87] HKTA香港導師会 | https://www.hkta.edu.hk/
[2026-08-25 03:44:57] [20/87] HKTA香港導師会 | https://www.hkta.edu.hk/
[2026-08-25 03:44:57]   ↳ 已存在，跳過 (HKTA香港導師会.html)
[2026-08-25 03:44:57]   ↳ 已存在，跳過 (HKTA香港導師会.html)
[2026-08-25 03:44:57] [21/87] 騎士数学 Knight Mathematics - Band | https://knightmaths.edu.hk/
[2026-08-25 03:44:57] [21/87] 騎士数学 Knight Mathematics - Band | https://knightmaths.edu.hk/
[2026-08-25 03:44:57]   ↳ 已存在，跳過 (騎士数学-Knight-Mathematics---Band-1-DSE-数学補習社.html)
[2026-08-25 03:44:57]   ↳ 已存在，跳過 (騎士数学-Knight-Mathematics---Band-1-DSE-数学補習社.html)
[2026-08-25 03:44:57] [22/87] 香港文化教育中心 | https://docs.google.com/forms/d/e/1FAIpQLSdjgsQlR4w8ZgKgE9RgAUPsPwrZzAZpo5SCULDDOgygEdeDnQ/viewform
[2026-08-25 03:44:57] [22/87] 香港文化教育中心 | https://docs.google.com/forms/d/e/1FAIpQLSdjgsQlR4w8ZgKgE9RgAUPsPwrZzAZpo5SCULDDOgygEdeDnQ/viewform
[2026-08-25 03:44:57]   ↳ 已存在，跳過 (香港文化教育中心.html)
[2026-08-25 03:44:57]   ↳ 已存在，跳過 (香港文化教育中心.html)
[2026-08-25 03:44:57] [23/87] GETUTOR 香港導師総会｜上門補習中介平台｜私補導師推介 | https://www.getutor.com.hk/
[2026-08-25 03:44:57] [23/87] GETUTOR 香港導師総会｜上門補習中介平台｜私補導師推介 | https://www.getutor.com.hk/
[2026-08-25 03:44:57]   ↳ 已存在，跳過 (GETUTOR-香港導師総会上門補習中介平台私補導師推介Private-Tutors-AgencyIB-IGCSE-A.html)
[2026-08-25 03:44:57]   ↳ 已存在，跳過 (GETUTOR-香港導師総会上門補習中介平台私補導師推介Private-Tutors-AgencyIB-IGCSE-A.html)
[2026-08-25 03:44:57] [24/87] 英博教学中心 - 数学中文英文補習 - 中小学補習社 | https://eplc.edu.hk/
[2026-08-25 03:44:57] [24/87] 英博教学中心 - 数学中文英文補習 - 中小学補習社 | https://eplc.edu.hk/
[2026-08-25 03:44:57]   ↳ 已存在，跳過 (英博教学中心---数学中文英文補習---中小学補習社.html)
[2026-08-25 03:44:57]   ↳ 已存在，跳過 (英博教学中心---数学中文英文補習---中小学補習社.html)
[2026-08-25 03:44:57] [25/87] 進研教育 - 英文中文数学補習社 | https://joinin-education.com/
[2026-08-25 03:44:57] [25/87] 進研教育 - 英文中文数学補習社 | https://joinin-education.com/
[2026-08-25 03:44:57]   ↳ 已存在，跳過 (進研教育---英文中文数学補習社.html)
[2026-08-25 03:44:57]   ↳ 已存在，跳過 (進研教育---英文中文数学補習社.html)
[2026-08-25 03:44:57] [26/87] 學斯教育(灣仔) | http://hoksi-edu.com/
[2026-08-25 03:44:57] [26/87] 學斯教育(灣仔) | http://hoksi-edu.com/
[2026-08-25 03:44:57]   ↳ 已存在，跳過 (學斯教育灣仔.html)
[2026-08-25 03:44:57]   ↳ 已存在，跳過 (學斯教育灣仔.html)
[2026-08-25 03:44:57] [27/87] 補習社｜学博教育 Learn Smart Education | https://learnsmart.edu.hk/
[2026-08-25 03:44:57] [27/87] 補習社｜学博教育 Learn Smart Education | https://learnsmart.edu.hk/
[2026-08-25 03:44:57]   ↳ 已存在，跳過 (補習社学博教育-Learn-Smart-Education.html)
[2026-08-25 03:44:57]   ↳ 已存在，跳過 (補習社学博教育-Learn-Smart-Education.html)
[2026-08-25 03:44:57] [28/87] 24/7 Fitness Central | http://247.fitness/
[2026-08-25 03:44:57] [28/87] 24/7 Fitness Central | http://247.fitness/
[2026-08-25 03:44:57]   ↳ 已存在，跳過 (24-7-Fitness-Central.html)
[2026-08-25 03:44:57]   ↳ 已存在，跳過 (24-7-Fitness-Central.html)
[2026-08-25 03:44:57] [29/87] 啓弘牙科（旺角店）丨九龍/旺角牙医/智慧歯/箍牙/隠式美/全 | https://omnesdental.com/
[2026-08-25 03:44:57] [29/87] 啓弘牙科（旺角店）丨九龍/旺角牙医/智慧歯/箍牙/隠式美/全 | https://omnesdental.com/
[2026-08-25 03:44:57]   ↳ 已存在，跳過 (啓弘牙科旺角店丨九龍-旺角牙医-智慧歯-箍牙-隠式美-全方位牙科服務-専業治療牙痛-種植牙-補牙-剥牙-洗牙.html)
[2026-08-25 03:44:57]   ↳ 已存在，跳過 (啓弘牙科旺角店丨九龍-旺角牙医-智慧歯-箍牙-隠式美-全方位牙科服務-専業治療牙痛-種植牙-補牙-剥牙-洗牙.html)
[2026-08-25 03:44:57] [30/87] Smith & Jain Dentists 史密夫和鄭牙醫診 | https://smithandjaindentists.com/
[2026-08-25 03:44:57] [30/87] Smith & Jain Dentists 史密夫和鄭牙醫診 | https://smithandjaindentists.com/
[2026-08-25 03:44:57]   ↳ 已存在，跳過 (Smith--Jain-Dentists-史密夫和鄭牙醫診所.html)
[2026-08-25 03:44:57]   ↳ 已存在，跳過 (Smith--Jain-Dentists-史密夫和鄭牙醫診所.html)
[2026-08-25 03:44:57] [31/87] Home Dental (Tsim Sha Tsui Bra | https://homedentalhk.com/cn/contact-us/tst
[2026-08-25 03:44:57] [31/87] Home Dental (Tsim Sha Tsui Bra | https://homedentalhk.com/cn/contact-us/tst
[2026-08-25 03:44:57]   ↳ 已存在，跳過 (Home-Dental-Tsim-Sha-Tsui-Branch.html)
[2026-08-25 03:44:57]   ↳ 已存在，跳過 (Home-Dental-Tsim-Sha-Tsui-Branch.html)
[2026-08-25 03:44:57] [32/87] 伍裕彤牙医 | https://trucaredental.hk/
[2026-08-25 03:44:57] [32/87] 伍裕彤牙医 | https://trucaredental.hk/
[2026-08-25 03:44:57]   ↳ 已存在，跳過 (伍裕彤牙医.html)
[2026-08-25 03:44:57]   ↳ 已存在，跳過 (伍裕彤牙医.html)
[2026-08-25 03:44:57] [33/87] Home Dental | https://homedentalhk.com/cn/contact-us/cwb
[2026-08-25 03:44:57] [33/87] Home Dental | https://homedentalhk.com/cn/contact-us/cwb
[2026-08-25 03:44:57]   ↳ 已存在，跳過 (Home-Dental.html)
[2026-08-25 03:44:57]   ↳ 已存在，跳過 (Home-Dental.html)
[2026-08-25 03:44:57] [34/87] T.O.P Dental by Family Smile L | http://www.topdental.hk/
[2026-08-25 03:44:57] [34/87] T.O.P Dental by Family Smile L | http://www.topdental.hk/
[2026-08-25 03:44:57]   ↳ 已存在，跳過 (T.O.P-Dental-by-Family-Smile-Ltd-香港牙科醫療集團-旺角太子牙醫中心.html)
[2026-08-25 03:44:57]   ↳ 已存在，跳過 (T.O.P-Dental-by-Family-Smile-Ltd-香港牙科醫療集團-旺角太子牙醫中心.html)
[2026-08-25 03:44:57] [35/87] Metro Dental 城健総合牙科医療中心 | https://www.metrodental.com.hk/
[2026-08-25 03:44:57] [35/87] Metro Dental 城健総合牙科医療中心 | https://www.metrodental.com.hk/
[2026-08-25 03:44:57]   ↳ 已存在，跳過 (Metro-Dental-城健総合牙科医療中心.html)
[2026-08-25 03:44:57]   ↳ 已存在，跳過 (Metro-Dental-城健総合牙科医療中心.html)
[2026-08-25 03:44:57] [36/87] 大国手 汽車車身維修 Grand Tycoon Automo | http://grandtycoon.com/
[2026-08-25 03:44:57] [36/87] 大国手 汽車車身維修 Grand Tycoon Automo | http://grandtycoon.com/
[2026-08-25 03:44:57]   ↳ 已存在，跳過 (大国手-汽車車身維修-Grand-Tycoon-Automotive-Repair-Shop.html)
[2026-08-25 03:44:57]   ↳ 已存在，跳過 (大国手-汽車車身維修-Grand-Tycoon-Automotive-Repair-Shop.html)
[2026-08-25 03:44:57] [37/87] AutoMate | Sham Shui Po Shop | https://www.automate-app.com/auto-shop
[2026-08-25 03:44:57] [37/87] AutoMate | Sham Shui Po Shop | https://www.automate-app.com/auto-shop
[2026-08-25 03:44:57]   ↳ 已存在，跳過 (AutoMate-Sham-Shui-Po-Shop.html)
[2026-08-25 03:44:57]   ↳ 已存在，跳過 (AutoMate-Sham-Shui-Po-Shop.html)
[2026-08-25 03:44:57] [38/87] Carol Garage Limited | http://www.carolgarage.com.hk/
[2026-08-25 03:44:57] [38/87] Carol Garage Limited | http://www.carolgarage.com.hk/
[2026-08-25 03:44:57]   ↳ 已存在，跳過 (Carol-Garage-Limited.html)
[2026-08-25 03:44:57]   ↳ 已存在，跳過 (Carol-Garage-Limited.html)
[2026-08-25 03:44:57] [39/87] 八方汽車 | Power Moto Limited | http://www.power-moto.hk/
[2026-08-25 03:44:57] [39/87] 八方汽車 | Power Moto Limited | http://www.power-moto.hk/
[2026-08-25 03:44:57]   ↳ 已存在，跳過 (八方汽車-Power-Moto-Limited.html)
[2026-08-25 03:44:57]   ↳ 已存在，跳過 (八方汽車-Power-Moto-Limited.html)
[2026-08-25 03:44:57] [40/87] Flow & Roll Laundry 自助洗衣 (中環 C | https://flowandroll.com/
[2026-08-25 03:44:57] [40/87] Flow & Roll Laundry 自助洗衣 (中環 C | https://flowandroll.com/
[2026-08-25 03:44:57]   ↳ 已存在，跳過 (Flow--Roll-Laundry-自助洗衣-中環-Central.html)
[2026-08-25 03:44:57]   ↳ 已存在，跳過 (Flow--Roll-Laundry-自助洗衣-中環-Central.html)
[2026-08-25 03:44:57] [41/87] 初洗 First Laundry 觀塘24小時自助洗衣店 | https://wa.me/85268716550
[2026-08-25 03:44:57] [41/87] 初洗 First Laundry 觀塘24小時自助洗衣店 | https://wa.me/85268716550
[2026-08-25 03:44:57]   ↳ 已存在，跳過 (初洗-First-Laundry-觀塘24小時自助洗衣店.html)
[2026-08-25 03:44:57]   ↳ 已存在，跳過 (初洗-First-Laundry-觀塘24小時自助洗衣店.html)
[2026-08-25 03:44:57] [42/87] 水漾衣坊 water laundry | https://whalewashmk.hk/
[2026-08-25 03:44:57] [42/87] 水漾衣坊 water laundry | https://whalewashmk.hk/
[2026-08-25 03:44:57]   ↳ 已存在，跳過 (水漾衣坊-water-laundry.html)
[2026-08-25 03:44:57]   ↳ 已存在，跳過 (水漾衣坊-water-laundry.html)
[2026-08-25 03:44:57] [43/87] FLORISTRY by ART OF LIVING | http://www.floristrybyartofliving.com/
[2026-08-25 03:44:57] [43/87] FLORISTRY by ART OF LIVING | http://www.floristrybyartofliving.com/
[2026-08-25 03:44:57]   ↳ 已存在，跳過 (FLORISTRY-by-ART-OF-LIVING.html)
[2026-08-25 03:44:57]   ↳ 已存在，跳過 (FLORISTRY-by-ART-OF-LIVING.html)
[2026-08-25 03:44:57] [44/87] 花籃 450 - Flower 450 | https://flower450.com/
[2026-08-25 03:44:57] [44/87] 花籃 450 - Flower 450 | https://flower450.com/
[2026-08-25 03:44:57]   ↳ 已存在，跳過 (花籃-450---Flower-450.html)
[2026-08-25 03:44:57]   ↳ 已存在，跳過 (花籃-450---Flower-450.html)
[2026-08-25 03:44:57] [45/87] 優之花鋪-U Flower Shop | https://www.uflowershop.com/
[2026-08-25 03:44:57] [45/87] 優之花鋪-U Flower Shop | https://www.uflowershop.com/
[2026-08-25 03:44:57]   ↳ 已存在，跳過 (優之花鋪-U-Flower-Shop.html)
[2026-08-25 03:44:57]   ↳ 已存在，跳過 (優之花鋪-U-Flower-Shop.html)
[2026-08-25 03:44:57] [46/87] Eternal Flora hk | https://www.eternalflorahk.com/
[2026-08-25 03:44:57] [46/87] Eternal Flora hk | https://www.eternalflorahk.com/
[2026-08-25 03:44:57]   ↳ 已存在，跳過 (Eternal-Flora-hk.html)
[2026-08-25 03:44:57]   ↳ 已存在，跳過 (Eternal-Flora-hk.html)
[2026-08-25 03:44:57] [47/87] FDHK - Flower Delivery Hong Ko | https://flowerdeliveryhongkong.com/
[2026-08-25 03:44:57] [47/87] FDHK - Flower Delivery Hong Ko | https://flowerdeliveryhongkong.com/
[2026-08-25 03:44:57]   ↳ 已存在，跳過 (FDHK---Flower-Delivery-Hong-Kong.html)
[2026-08-25 03:44:57]   ↳ 已存在，跳過 (FDHK---Flower-Delivery-Hong-Kong.html)
[2026-08-25 03:44:57] [48/87] Joseph Photo 香港專業攝影工作室 | https://josephphoto.hk/
[2026-08-25 03:44:57] [48/87] Joseph Photo 香港專業攝影工作室 | https://josephphoto.hk/
[2026-08-25 03:44:57]   ↳ 已存在，跳過 (Joseph-Photo-香港專業攝影工作室.html)
[2026-08-25 03:44:57]   ↳ 已存在，跳過 (Joseph-Photo-香港專業攝影工作室.html)
[2026-08-25 03:44:57] [49/87] Majesty Professional Photo殿堂館- | https://www.majestyprofessional.com/
[2026-08-25 03:44:57] [49/87] Majesty Professional Photo殿堂館- | https://www.majestyprofessional.com/
[2026-08-25 03:44:57]   ↳ 已存在，跳過 (Majesty-Professional-Photo殿堂館-專業照首選.html)
[2026-08-25 03:44:57]   ↳ 已存在，跳過 (Majesty-Professional-Photo殿堂館-專業照首選.html)
[2026-08-25 03:44:57] [50/87] Owl Photo Studio 貓頭鷹照相館 | https://www.owlphoto.hk/
[2026-08-25 03:44:57] [50/87] Owl Photo Studio 貓頭鷹照相館 | https://www.owlphoto.hk/
[2026-08-25 03:44:57]   ↳ 已存在，跳過 (Owl-Photo-Studio-貓頭鷹照相館.html)
[2026-08-25 03:44:57]   ↳ 已存在，跳過 (Owl-Photo-Studio-貓頭鷹照相館.html)
[2026-08-25 03:44:57] [51/87] Yat Tung Heen - Eaton HK | https://www.yattungheen.com/
[2026-08-25 03:44:57] [51/87] Yat Tung Heen - Eaton HK | https://www.yattungheen.com/
[2026-08-25 03:44:57]   ↳ 已存在，跳過 (Yat-Tung-Heen---Eaton-HK.html)
[2026-08-25 03:44:57]   ↳ 已存在，跳過 (Yat-Tung-Heen---Eaton-HK.html)
[2026-08-25 03:44:57] [52/87] Hair Quest Hair salon Central | https://www.hairquest-hk.com/
[2026-08-25 03:44:57] [52/87] Hair Quest Hair salon Central | https://www.hairquest-hk.com/
[2026-08-25 03:44:57]   ↳ 已存在，跳過 (Hair-Quest-Hair-salon-Central.html)
[2026-08-25 03:44:57]   ↳ 已存在，跳過 (Hair-Quest-Hair-salon-Central.html)
[2026-08-25 03:44:57] [53/87] 天下猫猫一様猫 | https://www.catiscat.com.hk/
[2026-08-25 03:44:57] [53/87] 天下猫猫一様猫 | https://www.catiscat.com.hk/
[2026-08-25 03:44:57]   ↳ 已存在，跳過 (天下猫猫一様猫.html)
[2026-08-25 03:44:57]   ↳ 已存在，跳過 (天下猫猫一様猫.html)
[2026-08-25 03:44:57] [54/87] Bora beauty | https://bora.hk/
[2026-08-25 03:44:57] [54/87] Bora beauty | https://bora.hk/
[2026-08-25 03:44:57]   ↳ 已存在，跳過 (Bora-beauty.html)
[2026-08-25 03:44:57]   ↳ 已存在，跳過 (Bora-beauty.html)
[2026-08-25 03:44:57] [55/87] Dream Scenes Studio | http://dreamscenesstudio.com/
[2026-08-25 03:44:57] [55/87] Dream Scenes Studio | http://dreamscenesstudio.com/
[2026-08-25 03:44:57]   ↳ 已存在，跳過 (Dream-Scenes-Studio.html)
[2026-08-25 03:44:57]   ↳ 已存在，跳過 (Dream-Scenes-Studio.html)
[2026-08-25 03:44:57] [56/87] Dazzling Smile Dental Clinic 瑩 | https://dazzlingsmiledentalclinic.com/
[2026-08-25 03:44:57] [56/87] Dazzling Smile Dental Clinic 瑩 | https://dazzlingsmiledentalclinic.com/
[2026-08-25 03:44:57]   ↳ 已存在，跳過 (Dazzling-Smile-Dental-Clinic-瑩恩牙科診所.html)
[2026-08-25 03:44:57]   ↳ 已存在，跳過 (Dazzling-Smile-Dental-Clinic-瑩恩牙科診所.html)
[2026-08-25 03:44:57] [57/87] Family Smile Limited | http://www.familysmile.hk/
[2026-08-25 03:44:57] [57/87] Family Smile Limited | http://www.familysmile.hk/
[2026-08-25 03:44:57]   ↳ 已存在，跳過 (Family-Smile-Limited.html)
[2026-08-25 03:44:57]   ↳ 已存在，跳過 (Family-Smile-Limited.html)
[2026-08-25 03:44:57] [58/87] INDULGENCE hair & beauty salon | http://www.indulgence.hk/
[2026-08-25 03:44:57] [58/87] INDULGENCE hair & beauty salon | http://www.indulgence.hk/
[2026-08-25 03:44:57]   ↳ 已存在，跳過 (INDULGENCE-hair--beauty-salon.html)
[2026-08-25 03:44:57]   ↳ 已存在，跳過 (INDULGENCE-hair--beauty-salon.html)
[2026-08-25 03:44:57] [59/87] 花店 | 花束專家 | https://www.flowerbouquet.com.hk/
[2026-08-25 03:44:57] [59/87] 花店 | 花束專家 | https://www.flowerbouquet.com.hk/
[2026-08-25 03:44:57]   ↳ 已存在，跳過 (花店-花束專家.html)
[2026-08-25 03:44:57]   ↳ 已存在，跳過 (花店-花束專家.html)
[2026-08-25 03:44:57] [60/87] 網上訂花 ‧ 送花香港 | Fdhk 最高評分即日網上花店 | https://flowerdeliveryhongkong.com/zh
[2026-08-25 03:44:57] [60/87] 網上訂花 ‧ 送花香港 | Fdhk 最高評分即日網上花店 | https://flowerdeliveryhongkong.com/zh
[2026-08-25 03:44:57]   ↳ 已存在，跳過 (網上訂花--送花香港-Fdhk-最高評分即日網上花店.html)
[2026-08-25 03:44:57]   ↳ 已存在，跳過 (網上訂花--送花香港-Fdhk-最高評分即日網上花店.html)
[2026-08-25 03:44:57] [61/87] Rhine Flowers | https://rhineflowers.com/
[2026-08-25 03:44:57] [61/87] Rhine Flowers | https://rhineflowers.com/
[2026-08-25 03:44:57]   ↳ 已存在，跳過 (Rhine-Flowers.html)
[2026-08-25 03:44:57]   ↳ 已存在，跳過 (Rhine-Flowers.html)
[2026-08-25 03:44:57] [62/87] 香港花店｜網上訂花及送花｜Gift Flowers HK | https://giftflowers.com.hk/cn/
[2026-08-25 03:44:57] [62/87] 香港花店｜網上訂花及送花｜Gift Flowers HK | https://giftflowers.com.hk/cn/
[2026-08-25 03:44:57]   ↳ 已存在，跳過 (香港花店網上訂花及送花Gift-Flowers-HK.html)
[2026-08-25 03:44:57]   ↳ 已存在，跳過 (香港花店網上訂花及送花Gift-Flowers-HK.html)
[2026-08-25 03:44:57] [63/87] Flora Floriculture - 花店 | https://www.floraf.com.hk/
[2026-08-25 03:44:57] [63/87] Flora Floriculture - 花店 | https://www.floraf.com.hk/
[2026-08-25 03:44:57]   ↳ 已存在，跳過 (Flora-Floriculture---花店.html)
[2026-08-25 03:44:57]   ↳ 已存在，跳過 (Flora-Floriculture---花店.html)
[2026-08-25 03:44:57] [64/87] 香港花店 | https://www.mrsliuflorist.com/
[2026-08-25 03:44:57] [64/87] 香港花店 | https://www.mrsliuflorist.com/
[2026-08-25 03:44:57]   ↳ 已存在，跳過 (香港花店.html)
[2026-08-25 03:44:57]   ↳ 已存在，跳過 (香港花店.html)
[2026-08-25 03:44:57] [65/87] 網上花店| 網上訂花 | 即日送花 | HKfashop | https://hkfashop.com/
[2026-08-25 03:44:57] [65/87] 網上花店| 網上訂花 | 即日送花 | HKfashop | https://hkfashop.com/
[2026-08-25 03:44:57]   ↳ 已存在，跳過 (網上花店-網上訂花-即日送花-HKfashop.html)
[2026-08-25 03:44:57]   ↳ 已存在，跳過 (網上花店-網上訂花-即日送花-HKfashop.html)
[2026-08-25 03:44:57] [66/87] 【 送花】 ｜訂花｜Flowerbee Florist訂花束 | https://flowerbee-hk.com/zh
[2026-08-25 03:44:57] [66/87] 【 送花】 ｜訂花｜Flowerbee Florist訂花束 | https://flowerbee-hk.com/zh
[2026-08-25 03:44:57]   ↳ 已存在，跳過 (送花-訂花Flowerbee-Florist訂花束---Flowerbee-HK-Florist.html)
[2026-08-25 03:44:57]   ↳ 已存在，跳過 (送花-訂花Flowerbee-Florist訂花束---Flowerbee-HK-Florist.html)
[2026-08-25 03:44:57] [67/87] 花點時間｜香港旺角花墟實體花店：24小時訂花、鮮花花束、開張 | https://www.reflower.com.hk/
[2026-08-25 03:44:57] [67/87] 花點時間｜香港旺角花墟實體花店：24小時訂花、鮮花花束、開張 | https://www.reflower.com.hk/
[2026-08-25 03:44:57]   ↳ 已存在，跳過 (花點時間香港旺角花墟實體花店24小時訂花鮮花花束開張花籃鮮花批發---花點時間-Reflower.html)
[2026-08-25 03:44:57]   ↳ 已存在，跳過 (花點時間香港旺角花墟實體花店24小時訂花鮮花花束開張花籃鮮花批發---花點時間-Reflower.html)
[2026-08-25 03:44:57] [68/87] 香港花店- 首頁花店推薦 - 我們代表和倡導位於香港島、九龍 | https://zh-hk.hk-florist.org/
[2026-08-25 03:44:57] [68/87] 香港花店- 首頁花店推薦 - 我們代表和倡導位於香港島、九龍 | https://zh-hk.hk-florist.org/
[2026-08-25 03:44:57]   ↳ 已存在，跳過 (香港花店--首頁花店推薦---我們代表和倡導位於香港島九龍和新界的花店以及在線花店和鮮花配送公司.html)
[2026-08-25 03:44:57]   ↳ 已存在，跳過 (香港花店--首頁花店推薦---我們代表和倡導位於香港島九龍和新界的花店以及在線花店和鮮花配送公司.html)
[2026-08-25 03:44:57] [69/87] 有花漾 ZH Flowers | https://www.zh-flowers.com/
[2026-08-25 03:44:57] [69/87] 有花漾 ZH Flowers | https://www.zh-flowers.com/
[2026-08-25 03:44:57]   ↳ 已存在，跳過 (有花漾-ZH-Flowers.html)
[2026-08-25 03:44:57]   ↳ 已存在，跳過 (有花漾-ZH-Flowers.html)
[2026-08-25 03:44:57] [70/87] 花店花生花華 | FaSunflower Florist | https://www.fasunflower.com/
[2026-08-25 03:44:57] [70/87] 花店花生花華 | FaSunflower Florist | https://www.fasunflower.com/
[2026-08-25 03:44:57]   ↳ 已存在，跳過 (花店花生花華-FaSunflower-Florist.html)
[2026-08-25 03:44:57]   ↳ 已存在，跳過 (花店花生花華-FaSunflower-Florist.html)
[2026-08-25 03:44:57] [71/87] 格蘭花店 Grand Floral & Gift Shop | https://grand.com.hk/
[2026-08-25 03:44:57] [71/87] 格蘭花店 Grand Floral & Gift Shop | https://grand.com.hk/
[2026-08-25 03:44:57]   ↳ 已存在，跳過 (格蘭花店-Grand-Floral--Gift-Shop.html)
[2026-08-25 03:44:57]   ↳ 已存在，跳過 (格蘭花店-Grand-Floral--Gift-Shop.html)
[2026-08-25 03:44:57] [72/87] WHY Studio - 上環證件相｜學生相｜專業形象照 | https://www.whystudiohk.com/
[2026-08-25 03:44:57] [72/87] WHY Studio - 上環證件相｜學生相｜專業形象照 | https://www.whystudiohk.com/
[2026-08-25 03:44:57]   ↳ 已存在，跳過 (WHY-Studio---上環證件相學生相專業形象照.html)
[2026-08-25 03:44:57]   ↳ 已存在，跳過 (WHY-Studio---上環證件相學生相專業形象照.html)
[2026-08-25 03:44:57] [73/87] Cat Watt 晴珊猫舎 | http://www.catwatt.com/
[2026-08-25 03:44:57] [73/87] Cat Watt 晴珊猫舎 | http://www.catwatt.com/
[2026-08-25 03:44:57]   ↳ 已存在，跳過 (Cat-Watt-晴珊猫舎.html)
[2026-08-25 03:44:57]   ↳ 已存在，跳過 (Cat-Watt-晴珊猫舎.html)
[2026-08-25 03:44:57] [74/87] 牙齒矯正及兒童齒科中心 (旺角朗豪坊) | Orthodon | https://www.ortho-center.com/
[2026-08-25 03:44:57] [74/87] 牙齒矯正及兒童齒科中心 (旺角朗豪坊) | Orthodon | https://www.ortho-center.com/
[2026-08-25 03:44:57]   ↳ 已存在，跳過 (牙齒矯正及兒童齒科中心-旺角朗豪坊-Orthodontic--Childrens-Dental-Center-Langh.html)
[2026-08-25 03:44:57]   ↳ 已存在，跳過 (牙齒矯正及兒童齒科中心-旺角朗豪坊-Orthodontic--Childrens-Dental-Center-Langh.html)
[2026-08-25 03:44:57] [75/87] HALO Flowers | https://haloflowers.com.hk/zh-hant/
[2026-08-25 03:44:57] [75/87] HALO Flowers | https://haloflowers.com.hk/zh-hant/
[2026-08-25 03:44:57]   ↳ 已存在，跳過 (HALO-Flowers.html)
[2026-08-25 03:44:57]   ↳ 已存在，跳過 (HALO-Flowers.html)
[2026-08-25 03:44:57] [76/87] Pettington 柏靈頓獸醫寵物用品 | https://www.pettington.com/
[2026-08-25 03:44:57] [76/87] Pettington 柏靈頓獸醫寵物用品 | https://www.pettington.com/
[2026-08-25 03:44:57]   ↳ 已存在，跳過 (Pettington-柏靈頓獸醫寵物用品.html)
[2026-08-25 03:44:57]   ↳ 已存在，跳過 (Pettington-柏靈頓獸醫寵物用品.html)
[2026-08-25 03:44:57] [77/87] 皓保牙科診所 Craft Smile Dental Cent | https://zh.drchrischeung.com/
[2026-08-25 03:44:57] [77/87] 皓保牙科診所 Craft Smile Dental Cent | https://zh.drchrischeung.com/
[2026-08-25 03:44:57]   ↳ 已存在，跳過 (皓保牙科診所-Craft-Smile-Dental-Center.html)
[2026-08-25 03:44:57]   ↳ 已存在，跳過 (皓保牙科診所-Craft-Smile-Dental-Center.html)
[2026-08-25 03:44:57] [78/87] Toyota Kowloon Bay Service Cen | https://www.toyota.com.hk/?utm_campaign=gmb&utm_medium=organic&utm_source=local
[2026-08-25 03:44:57] [78/87] Toyota Kowloon Bay Service Cen | https://www.toyota.com.hk/?utm_campaign=gmb&utm_medium=organic&utm_source=local
[2026-08-25 03:44:57]   ↳ 已存在，跳過 (Toyota-Kowloon-Bay-Service-Centre-Mechanical.html)
[2026-08-25 03:44:57]   ↳ 已存在，跳過 (Toyota-Kowloon-Bay-Service-Centre-Mechanical.html)
[2026-08-25 03:44:57] [79/87] Anglo Chinese Florist | http://www.anglochinese.com/
[2026-08-25 03:44:57] [79/87] Anglo Chinese Florist | http://www.anglochinese.com/
[2026-08-25 03:44:57]   ↳ 已存在，跳過 (Anglo-Chinese-Florist.html)
[2026-08-25 03:44:57]   ↳ 已存在，跳過 (Anglo-Chinese-Florist.html)
[2026-08-25 03:44:57] [80/87] Photobi HK 韓式 証件相拍摂工作室 - 湾仔店 | https://photobi.hk/
[2026-08-25 03:44:57] [80/87] Photobi HK 韓式 証件相拍摂工作室 - 湾仔店 | https://photobi.hk/
[2026-08-25 03:44:57]   ↳ 已存在，跳過 (Photobi-HK-韓式-証件相拍摂工作室---湾仔店.html)
[2026-08-25 03:44:57]   ↳ 已存在，跳過 (Photobi-HK-韓式-証件相拍摂工作室---湾仔店.html)
[2026-08-25 03:44:57] [81/87] Advance Pet Food | http://advancepetfood.com/
[2026-08-25 03:44:57] [81/87] Advance Pet Food | http://advancepetfood.com/
[2026-08-25 03:44:57]   ↳ 已存在，跳過 (Advance-Pet-Food.html)
[2026-08-25 03:44:57]   ↳ 已存在，跳過 (Advance-Pet-Food.html)
[2026-08-25 03:44:57] [82/87] Anna Maria Studio | http://annamstudio.com/
[2026-08-25 03:44:57] [82/87] Anna Maria Studio | http://annamstudio.com/
[2026-08-25 03:44:57]   ↳ 已存在，跳過 (Anna-Maria-Studio.html)
[2026-08-25 03:44:57]   ↳ 已存在，跳過 (Anna-Maria-Studio.html)
[2026-08-25 03:44:57] [83/87] 1984 HAIR SALON | https://1984hairsalon.wixsite.com/1984-hairsalon
[2026-08-25 03:44:57] [83/87] 1984 HAIR SALON | https://1984hairsalon.wixsite.com/1984-hairsalon
[2026-08-25 03:44:57]   ↳ 已存在，跳過 (1984-HAIR-SALON.html)
[2026-08-25 03:44:57]   ↳ 已存在，跳過 (1984-HAIR-SALON.html)
[2026-08-25 03:44:57] [84/87] Bulls PPF 専門店 | https://www.ppf.com.hk/
[2026-08-25 03:44:57] [84/87] Bulls PPF 専門店 | https://www.ppf.com.hk/
[2026-08-25 03:44:57]   ↳ 已存在，跳過 (Bulls-PPF-専門店.html)
[2026-08-25 03:44:57]   ↳ 已存在，跳過 (Bulls-PPF-専門店.html)
[2026-08-25 03:44:57] [85/87] LEEKAJA X AMONG Hair Salon Cen | https://www.leekaja.hk/
[2026-08-25 03:44:57] [85/87] LEEKAJA X AMONG Hair Salon Cen | https://www.leekaja.hk/
[2026-08-25 03:44:57]   ↳ 已存在，跳過 (LEEKAJA-X-AMONG-Hair-Salon-Century-Square-in-Hongkong-한국-미용실.html)
[2026-08-25 03:44:57]   ↳ 已存在，跳過 (LEEKAJA-X-AMONG-Hair-Salon-Century-Square-in-Hongkong-한국-미용실.html)
[2026-08-25 03:44:57] [86/87] MEGAPET (Kowloon City Shop) | http://www.megapet.com.hk/
[2026-08-25 03:44:57] [86/87] MEGAPET (Kowloon City Shop) | http://www.megapet.com.hk/
[2026-08-25 03:44:57]   ↳ 已存在，跳過 (MEGAPET-Kowloon-City-Shop.html)
[2026-08-25 03:44:57]   ↳ 已存在，跳過 (MEGAPET-Kowloon-City-Shop.html)
[2026-08-25 03:44:57] [87/87] 仁健牙科 Nixon Dental (太子牙醫/旺角牙醫/洗 | http://www.nixondental.com/
[2026-08-25 03:44:57] [87/87] 仁健牙科 Nixon Dental (太子牙醫/旺角牙醫/洗 | http://www.nixondental.com/
[2026-08-25 03:44:57]   ↳ 已存在，跳過 (仁健牙科-Nixon-Dental-太子牙醫-旺角牙醫-洗牙-補牙-種牙-植牙-杜牙根-智慧齒-箍牙-Invisalig.html)
[2026-08-25 03:44:57]   ↳ 已存在，跳過 (仁健牙科-Nixon-Dental-太子牙醫-旺角牙醫-洗牙-補牙-種牙-植牙-杜牙根-智慧齒-箍牙-Invisalig.html)
[2026-08-25 03:44:57] == 完成 ==
[2026-08-25 03:44:57] == 完成 ==
[2026-08-25 03:44:57] 成功 87 個，失敗 0 個
[2026-08-25 03:44:57] 成功 87 個，失敗 0 個

── 失敗清單 ──
[2026-08-25 03:44:57] == 開始為 0 間「沒網站但有聯絡」的商家建立一頁式網頁 → /home/ubuntu/.mok/html/project/MokCs ==
[2026-08-25 03:44:57] == 開始為 0 間「沒網站但有聯絡」的商家建立一頁式網頁 → /home/ubuntu/.mok/html/project/MokCs ==
[2026-08-25 03:44:57] == 一頁式網頁完成：0/0 ==
[2026-08-25 03:44:57] == 一頁式網頁完成：0/0 ==
[2026-08-25 04:11:37]   過濾：98 間 → 保留 98 間有 WhatsApp/Email 的商家
[2026-08-25 04:11:37]   過濾：98 間 → 保留 98 間有 WhatsApp/Email 的商家
[2026-08-25 04:11:37] == 開始克隆 98 個商家首頁 → /home/ubuntu/.mok/html/project/MokCs ==
[2026-08-25 04:11:37] == 開始克隆 98 個商家首頁 → /home/ubuntu/.mok/html/project/MokCs ==
[2026-08-25 04:11:37] [1/98] Hutong | https://hutong.com.hk/
[2026-08-25 04:11:37] [1/98] Hutong | https://hutong.com.hk/
[2026-08-25 04:11:37]   ↳ 已存在，跳過 (Hutong.html)
[2026-08-25 04:11:37]   ↳ 已存在，跳過 (Hutong.html)
[2026-08-25 04:11:37] [2/98] The Chairman Restaurant | https://www.thechairmangroup.com/
[2026-08-25 04:11:37] [2/98] The Chairman Restaurant | https://www.thechairmangroup.com/
[2026-08-25 04:11:37]   ↳ 已存在，跳過 (The-Chairman-Restaurant.html)
[2026-08-25 04:11:37]   ↳ 已存在，跳過 (The-Chairman-Restaurant.html)
[2026-08-25 04:11:37] [3/98] 南蛮亭香港店 | http://nanbantei.com.hk/
[2026-08-25 04:11:37] [3/98] 南蛮亭香港店 | http://nanbantei.com.hk/
[2026-08-25 04:11:37]   ↳ 已存在，跳過 (南蛮亭香港店.html)
[2026-08-25 04:11:37]   ↳ 已存在，跳過 (南蛮亭香港店.html)
[2026-08-25 04:11:37] [4/98] 添好運點心專賣店 | https://www.timhowan.com.hk/
[2026-08-25 04:11:37] [4/98] 添好運點心專賣店 | https://www.timhowan.com.hk/
[2026-08-25 04:11:37]   ↳ 已存在，跳過 (添好運點心專賣店.html)
[2026-08-25 04:11:37]   ↳ 已存在，跳過 (添好運點心專賣店.html)
[2026-08-25 04:11:37] [5/98] La Petite Maison (LPM) Hong Ko | https://lpmrestaurants.com/hongkong/
[2026-08-25 04:11:37] [5/98] La Petite Maison (LPM) Hong Ko | https://lpmrestaurants.com/hongkong/
[2026-08-25 04:11:37]   ↳ 已存在，跳過 (La-Petite-Maison-LPM-Hong-Kong.html)
[2026-08-25 04:11:37]   ↳ 已存在，跳過 (La-Petite-Maison-LPM-Hong-Kong.html)
[2026-08-25 04:11:37] [6/98] Glow Hong Kong | https://www.glowspa.hk/
[2026-08-25 04:11:37] [6/98] Glow Hong Kong | https://www.glowspa.hk/
[2026-08-25 04:11:37]   ↳ 已存在，跳過 (Glow-Hong-Kong.html)
[2026-08-25 04:11:37]   ↳ 已存在，跳過 (Glow-Hong-Kong.html)
[2026-08-25 04:11:37] [7/98] Mó The Slow Bloom | https://www.mo-hk.com/
[2026-08-25 04:11:37] [7/98] Mó The Slow Bloom | https://www.mo-hk.com/
[2026-08-25 04:11:37]   ↳ 已存在，跳過 (Mó-The-Slow-Bloom.html)
[2026-08-25 04:11:37]   ↳ 已存在，跳過 (Mó-The-Slow-Bloom.html)
[2026-08-25 04:11:37] [8/98] Lux Medical 医繊美 | https://www.luxbeauty.hk/
[2026-08-25 04:11:37] [8/98] Lux Medical 医繊美 | https://www.luxbeauty.hk/
[2026-08-25 04:11:37]   ↳ 已存在，跳過 (Lux-Medical-医繊美.html)
[2026-08-25 04:11:37]   ↳ 已存在，跳過 (Lux-Medical-医繊美.html)
[2026-08-25 04:11:37] [9/98] 114HAIR | http://www.114hair.com/
[2026-08-25 04:11:37] [9/98] 114HAIR | http://www.114hair.com/
[2026-08-25 04:11:37]   ↳ 已存在，跳過 (114HAIR.html)
[2026-08-25 04:11:37]   ↳ 已存在，跳過 (114HAIR.html)
[2026-08-25 04:11:37] [10/98] Love Hair | http://www.lovehairhk.com/
[2026-08-25 04:11:37] [10/98] Love Hair | http://www.lovehairhk.com/
[2026-08-25 04:11:37]   ↳ 已存在，跳過 (Love-Hair.html)
[2026-08-25 04:11:37]   ↳ 已存在，跳過 (Love-Hair.html)
[2026-08-25 04:11:37] [11/98] TONI&GUY HK | http://www.toniandguyhk.com/
[2026-08-25 04:11:37] [11/98] TONI&GUY HK | http://www.toniandguyhk.com/
[2026-08-25 04:11:37]   ↳ 已存在，跳過 (TONIGUY-HK.html)
[2026-08-25 04:11:37]   ↳ 已存在，跳過 (TONIGUY-HK.html)
[2026-08-25 04:11:37] [12/98] iMPROVE HAiR-尖沙咀salon 尖沙咀剪髮 尖沙 | http://www.ihair.com.hk/
[2026-08-25 04:11:37] [12/98] iMPROVE HAiR-尖沙咀salon 尖沙咀剪髮 尖沙 | http://www.ihair.com.hk/
[2026-08-25 04:11:37]   ↳ 已存在，跳過 (iMPROVE-HAiR-尖沙咀salon-尖沙咀剪髮-尖沙咀髮廊-尖沙咀中藥染髮-尖沙咀假髮-尖沙咀頭皮護理.html)
[2026-08-25 04:11:37]   ↳ 已存在，跳過 (iMPROVE-HAiR-尖沙咀salon-尖沙咀剪髮-尖沙咀髮廊-尖沙咀中藥染髮-尖沙咀假髮-尖沙咀頭皮護理.html)
[2026-08-25 04:11:37] [13/98] 金澱装修工程有限公司 | https://www.palaceengineeringltd.com/
[2026-08-25 04:11:37] [13/98] 金澱装修工程有限公司 | https://www.palaceengineeringltd.com/
[2026-08-25 04:11:37]   ↳ 已存在，跳過 (金澱装修工程有限公司.html)
[2026-08-25 04:11:37]   ↳ 已存在，跳過 (金澱装修工程有限公司.html)
[2026-08-25 04:11:37] [14/98] 鋒主義 - 室內設計公司 | 室內裝修工程 | 工期 報價  | https://www.fungstyle.com.hk/
[2026-08-25 04:11:37] [14/98] 鋒主義 - 室內設計公司 | 室內裝修工程 | 工期 報價  | https://www.fungstyle.com.hk/
[2026-08-25 04:11:37]   ↳ 已存在，跳過 (鋒主義---室內設計公司-室內裝修工程-工期-報價-服務-三大保證.html)
[2026-08-25 04:11:37]   ↳ 已存在，跳過 (鋒主義---室內設計公司-室內裝修工程-工期-報價-服務-三大保證.html)
[2026-08-25 04:11:37] [15/98] 装修兄弟 | http://www.renobro.com.hk/
[2026-08-25 04:11:37] [15/98] 装修兄弟 | http://www.renobro.com.hk/
[2026-08-25 04:11:37]   ↳ 已存在，跳過 (装修兄弟.html)
[2026-08-25 04:11:37]   ↳ 已存在，跳過 (装修兄弟.html)
[2026-08-25 04:11:37] [16/98] 居屋皇 House king | 香港室内設計及装修公司 | http://housekinghk.com/
[2026-08-25 04:11:37] [16/98] 居屋皇 House king | 香港室内設計及装修公司 | http://housekinghk.com/
[2026-08-25 04:11:37]   ↳ 已存在，跳過 (居屋皇-House-king-香港室内設計及装修公司.html)
[2026-08-25 04:11:37]   ↳ 已存在，跳過 (居屋皇-House-king-香港室内設計及装修公司.html)
[2026-08-25 04:11:37] [17/98] Toby 裝修設計平台｜免費裝修報價｜香港裝修公司及室內設計 | https://www.hellotoby.com/zh-hk/id
[2026-08-25 04:11:37] [17/98] Toby 裝修設計平台｜免費裝修報價｜香港裝修公司及室內設計 | https://www.hellotoby.com/zh-hk/id
[2026-08-25 04:11:37]   ↳ 已存在，跳過 (Toby-裝修設計平台免費裝修報價香港裝修公司及室內設計公司.html)
[2026-08-25 04:11:37]   ↳ 已存在，跳過 (Toby-裝修設計平台免費裝修報價香港裝修公司及室內設計公司.html)
[2026-08-25 04:11:37] [18/98] PET HK - Mid Levels Edition | http://pethk.com/
[2026-08-25 04:11:37] [18/98] PET HK - Mid Levels Edition | http://pethk.com/
[2026-08-25 04:11:37]   ↳ 已存在，跳過 (PET-HK---Mid-Levels-Edition.html)
[2026-08-25 04:11:37]   ↳ 已存在，跳過 (PET-HK---Mid-Levels-Edition.html)
[2026-08-25 04:11:37] [19/98] Ruff & Fetch 拉夫寵物生活 (佐敦 Jordan | http://www.ruffandfetch.com/
[2026-08-25 04:11:37] [19/98] Ruff & Fetch 拉夫寵物生活 (佐敦 Jordan | http://www.ruffandfetch.com/
[2026-08-25 04:11:37]   ↳ 已存在，跳過 (Ruff--Fetch-拉夫寵物生活-佐敦-Jordan.html)
[2026-08-25 04:11:37]   ↳ 已存在，跳過 (Ruff--Fetch-拉夫寵物生活-佐敦-Jordan.html)
[2026-08-25 04:11:37] [20/98] HKTA香港導師会 | https://www.hkta.edu.hk/
[2026-08-25 04:11:37] [20/98] HKTA香港導師会 | https://www.hkta.edu.hk/
[2026-08-25 04:11:37]   ↳ 已存在，跳過 (HKTA香港導師会.html)
[2026-08-25 04:11:37]   ↳ 已存在，跳過 (HKTA香港導師会.html)
[2026-08-25 04:11:37] [21/98] 騎士数学 Knight Mathematics - Band | https://knightmaths.edu.hk/
[2026-08-25 04:11:37] [21/98] 騎士数学 Knight Mathematics - Band | https://knightmaths.edu.hk/
[2026-08-25 04:11:37]   ↳ 已存在，跳過 (騎士数学-Knight-Mathematics---Band-1-DSE-数学補習社.html)
[2026-08-25 04:11:37]   ↳ 已存在，跳過 (騎士数学-Knight-Mathematics---Band-1-DSE-数学補習社.html)
[2026-08-25 04:11:37] [22/98] 香港文化教育中心 | https://docs.google.com/forms/d/e/1FAIpQLSdjgsQlR4w8ZgKgE9RgAUPsPwrZzAZpo5SCULDDOgygEdeDnQ/viewform
[2026-08-25 04:11:37] [22/98] 香港文化教育中心 | https://docs.google.com/forms/d/e/1FAIpQLSdjgsQlR4w8ZgKgE9RgAUPsPwrZzAZpo5SCULDDOgygEdeDnQ/viewform
[2026-08-25 04:11:37]   ↳ 已存在，跳過 (香港文化教育中心.html)
[2026-08-25 04:11:37]   ↳ 已存在，跳過 (香港文化教育中心.html)
[2026-08-25 04:11:37] [23/98] GETUTOR 香港導師総会｜上門補習中介平台｜私補導師推介 | https://www.getutor.com.hk/
[2026-08-25 04:11:37] [23/98] GETUTOR 香港導師総会｜上門補習中介平台｜私補導師推介 | https://www.getutor.com.hk/
[2026-08-25 04:11:37]   ↳ 已存在，跳過 (GETUTOR-香港導師総会上門補習中介平台私補導師推介Private-Tutors-AgencyIB-IGCSE-A.html)
[2026-08-25 04:11:37]   ↳ 已存在，跳過 (GETUTOR-香港導師総会上門補習中介平台私補導師推介Private-Tutors-AgencyIB-IGCSE-A.html)
[2026-08-25 04:11:37] [24/98] 英博教学中心 - 数学中文英文補習 - 中小学補習社 | https://eplc.edu.hk/
[2026-08-25 04:11:37] [24/98] 英博教学中心 - 数学中文英文補習 - 中小学補習社 | https://eplc.edu.hk/
[2026-08-25 04:11:37]   ↳ 已存在，跳過 (英博教学中心---数学中文英文補習---中小学補習社.html)
[2026-08-25 04:11:37]   ↳ 已存在，跳過 (英博教学中心---数学中文英文補習---中小学補習社.html)
[2026-08-25 04:11:37] [25/98] 進研教育 - 英文中文数学補習社 | https://joinin-education.com/
[2026-08-25 04:11:37] [25/98] 進研教育 - 英文中文数学補習社 | https://joinin-education.com/
[2026-08-25 04:11:37]   ↳ 已存在，跳過 (進研教育---英文中文数学補習社.html)
[2026-08-25 04:11:37]   ↳ 已存在，跳過 (進研教育---英文中文数学補習社.html)
[2026-08-25 04:11:37] [26/98] 學斯教育(灣仔) | http://hoksi-edu.com/
[2026-08-25 04:11:37] [26/98] 學斯教育(灣仔) | http://hoksi-edu.com/
[2026-08-25 04:11:37]   ↳ 已存在，跳過 (學斯教育灣仔.html)
[2026-08-25 04:11:37]   ↳ 已存在，跳過 (學斯教育灣仔.html)
[2026-08-25 04:11:37] [27/98] 補習社｜学博教育 Learn Smart Education | https://learnsmart.edu.hk/
[2026-08-25 04:11:37] [27/98] 補習社｜学博教育 Learn Smart Education | https://learnsmart.edu.hk/
[2026-08-25 04:11:37]   ↳ 已存在，跳過 (補習社学博教育-Learn-Smart-Education.html)
[2026-08-25 04:11:37]   ↳ 已存在，跳過 (補習社学博教育-Learn-Smart-Education.html)
[2026-08-25 04:11:37] [28/98] 24/7 Fitness Central | http://247.fitness/
[2026-08-25 04:11:37] [28/98] 24/7 Fitness Central | http://247.fitness/
[2026-08-25 04:11:37]   ↳ 已存在，跳過 (24-7-Fitness-Central.html)
[2026-08-25 04:11:37]   ↳ 已存在，跳過 (24-7-Fitness-Central.html)
[2026-08-25 04:11:37] [29/98] 啓弘牙科（旺角店）丨九龍/旺角牙医/智慧歯/箍牙/隠式美/全 | https://omnesdental.com/
[2026-08-25 04:11:37] [29/98] 啓弘牙科（旺角店）丨九龍/旺角牙医/智慧歯/箍牙/隠式美/全 | https://omnesdental.com/
[2026-08-25 04:11:37]   ↳ 已存在，跳過 (啓弘牙科旺角店丨九龍-旺角牙医-智慧歯-箍牙-隠式美-全方位牙科服務-専業治療牙痛-種植牙-補牙-剥牙-洗牙.html)
[2026-08-25 04:11:37]   ↳ 已存在，跳過 (啓弘牙科旺角店丨九龍-旺角牙医-智慧歯-箍牙-隠式美-全方位牙科服務-専業治療牙痛-種植牙-補牙-剥牙-洗牙.html)
[2026-08-25 04:11:37] [30/98] Smith & Jain Dentists 史密夫和鄭牙醫診 | https://smithandjaindentists.com/
[2026-08-25 04:11:37] [30/98] Smith & Jain Dentists 史密夫和鄭牙醫診 | https://smithandjaindentists.com/
[2026-08-25 04:11:37]   ↳ 已存在，跳過 (Smith--Jain-Dentists-史密夫和鄭牙醫診所.html)
[2026-08-25 04:11:37]   ↳ 已存在，跳過 (Smith--Jain-Dentists-史密夫和鄭牙醫診所.html)
[2026-08-25 04:11:37] [31/98] Home Dental (Tsim Sha Tsui Bra | https://homedentalhk.com/cn/contact-us/tst
[2026-08-25 04:11:37] [31/98] Home Dental (Tsim Sha Tsui Bra | https://homedentalhk.com/cn/contact-us/tst
[2026-08-25 04:11:37]   ↳ 已存在，跳過 (Home-Dental-Tsim-Sha-Tsui-Branch.html)
[2026-08-25 04:11:37]   ↳ 已存在，跳過 (Home-Dental-Tsim-Sha-Tsui-Branch.html)
[2026-08-25 04:11:37] [32/98] 伍裕彤牙医 | https://trucaredental.hk/
[2026-08-25 04:11:37] [32/98] 伍裕彤牙医 | https://trucaredental.hk/
[2026-08-25 04:11:37]   ↳ 已存在，跳過 (伍裕彤牙医.html)
[2026-08-25 04:11:37]   ↳ 已存在，跳過 (伍裕彤牙医.html)
[2026-08-25 04:11:37] [33/98] Home Dental | https://homedentalhk.com/cn/contact-us/cwb
[2026-08-25 04:11:37] [33/98] Home Dental | https://homedentalhk.com/cn/contact-us/cwb
[2026-08-25 04:11:37]   ↳ 已存在，跳過 (Home-Dental.html)
[2026-08-25 04:11:37]   ↳ 已存在，跳過 (Home-Dental.html)
[2026-08-25 04:11:37] [34/98] T.O.P Dental by Family Smile L | http://www.topdental.hk/
[2026-08-25 04:11:37] [34/98] T.O.P Dental by Family Smile L | http://www.topdental.hk/
[2026-08-25 04:11:37]   ↳ 已存在，跳過 (T.O.P-Dental-by-Family-Smile-Ltd-香港牙科醫療集團-旺角太子牙醫中心.html)
[2026-08-25 04:11:37]   ↳ 已存在，跳過 (T.O.P-Dental-by-Family-Smile-Ltd-香港牙科醫療集團-旺角太子牙醫中心.html)
[2026-08-25 04:11:37] [35/98] Metro Dental 城健総合牙科医療中心 | https://www.metrodental.com.hk/
[2026-08-25 04:11:37] [35/98] Metro Dental 城健総合牙科医療中心 | https://www.metrodental.com.hk/
[2026-08-25 04:11:37]   ↳ 已存在，跳過 (Metro-Dental-城健総合牙科医療中心.html)
[2026-08-25 04:11:37]   ↳ 已存在，跳過 (Metro-Dental-城健総合牙科医療中心.html)
[2026-08-25 04:11:37] [36/98] 大国手 汽車車身維修 Grand Tycoon Automo | http://grandtycoon.com/
[2026-08-25 04:11:37] [36/98] 大国手 汽車車身維修 Grand Tycoon Automo | http://grandtycoon.com/
[2026-08-25 04:11:37]   ↳ 已存在，跳過 (大国手-汽車車身維修-Grand-Tycoon-Automotive-Repair-Shop.html)
[2026-08-25 04:11:37]   ↳ 已存在，跳過 (大国手-汽車車身維修-Grand-Tycoon-Automotive-Repair-Shop.html)
[2026-08-25 04:11:37] [37/98] AutoMate | Sham Shui Po Shop | https://www.automate-app.com/auto-shop
[2026-08-25 04:11:37] [37/98] AutoMate | Sham Shui Po Shop | https://www.automate-app.com/auto-shop
[2026-08-25 04:11:37]   ↳ 已存在，跳過 (AutoMate-Sham-Shui-Po-Shop.html)
[2026-08-25 04:11:37]   ↳ 已存在，跳過 (AutoMate-Sham-Shui-Po-Shop.html)
[2026-08-25 04:11:37] [38/98] Carol Garage Limited | http://www.carolgarage.com.hk/
[2026-08-25 04:11:37] [38/98] Carol Garage Limited | http://www.carolgarage.com.hk/
[2026-08-25 04:11:37]   ↳ 已存在，跳過 (Carol-Garage-Limited.html)
[2026-08-25 04:11:37]   ↳ 已存在，跳過 (Carol-Garage-Limited.html)
[2026-08-25 04:11:37] [39/98] 八方汽車 | Power Moto Limited | http://www.power-moto.hk/
[2026-08-25 04:11:37] [39/98] 八方汽車 | Power Moto Limited | http://www.power-moto.hk/
[2026-08-25 04:11:37]   ↳ 已存在，跳過 (八方汽車-Power-Moto-Limited.html)
[2026-08-25 04:11:37]   ↳ 已存在，跳過 (八方汽車-Power-Moto-Limited.html)
[2026-08-25 04:11:37] [40/98] Flow & Roll Laundry 自助洗衣 (中環 C | https://flowandroll.com/
[2026-08-25 04:11:37] [40/98] Flow & Roll Laundry 自助洗衣 (中環 C | https://flowandroll.com/
[2026-08-25 04:11:37]   ↳ 已存在，跳過 (Flow--Roll-Laundry-自助洗衣-中環-Central.html)
[2026-08-25 04:11:37]   ↳ 已存在，跳過 (Flow--Roll-Laundry-自助洗衣-中環-Central.html)
[2026-08-25 04:11:37] [41/98] 初洗 First Laundry 觀塘24小時自助洗衣店 | https://wa.me/85268716550
[2026-08-25 04:11:37] [41/98] 初洗 First Laundry 觀塘24小時自助洗衣店 | https://wa.me/85268716550
[2026-08-25 04:11:37]   ↳ 已存在，跳過 (初洗-First-Laundry-觀塘24小時自助洗衣店.html)
[2026-08-25 04:11:37]   ↳ 已存在，跳過 (初洗-First-Laundry-觀塘24小時自助洗衣店.html)
[2026-08-25 04:11:37] [42/98] 水漾衣坊 water laundry | https://whalewashmk.hk/
[2026-08-25 04:11:37] [42/98] 水漾衣坊 water laundry | https://whalewashmk.hk/
[2026-08-25 04:11:37]   ↳ 已存在，跳過 (水漾衣坊-water-laundry.html)
[2026-08-25 04:11:37]   ↳ 已存在，跳過 (水漾衣坊-water-laundry.html)
[2026-08-25 04:11:37] [43/98] FLORISTRY by ART OF LIVING | http://www.floristrybyartofliving.com/
[2026-08-25 04:11:37] [43/98] FLORISTRY by ART OF LIVING | http://www.floristrybyartofliving.com/
[2026-08-25 04:11:37]   ↳ 已存在，跳過 (FLORISTRY-by-ART-OF-LIVING.html)
[2026-08-25 04:11:37]   ↳ 已存在，跳過 (FLORISTRY-by-ART-OF-LIVING.html)
[2026-08-25 04:11:37] [44/98] 花籃 450 - Flower 450 | https://flower450.com/
[2026-08-25 04:11:37] [44/98] 花籃 450 - Flower 450 | https://flower450.com/
[2026-08-25 04:11:37]   ↳ 已存在，跳過 (花籃-450---Flower-450.html)
[2026-08-25 04:11:37]   ↳ 已存在，跳過 (花籃-450---Flower-450.html)
[2026-08-25 04:11:37] [45/98] 優之花鋪-U Flower Shop | https://www.uflowershop.com/
[2026-08-25 04:11:37] [45/98] 優之花鋪-U Flower Shop | https://www.uflowershop.com/
[2026-08-25 04:11:37]   ↳ 已存在，跳過 (優之花鋪-U-Flower-Shop.html)
[2026-08-25 04:11:37]   ↳ 已存在，跳過 (優之花鋪-U-Flower-Shop.html)
[2026-08-25 04:11:37] [46/98] Eternal Flora hk | https://www.eternalflorahk.com/
[2026-08-25 04:11:37] [46/98] Eternal Flora hk | https://www.eternalflorahk.com/
[2026-08-25 04:11:37]   ↳ 已存在，跳過 (Eternal-Flora-hk.html)
[2026-08-25 04:11:37]   ↳ 已存在，跳過 (Eternal-Flora-hk.html)
[2026-08-25 04:11:37] [47/98] FDHK - Flower Delivery Hong Ko | https://flowerdeliveryhongkong.com/
[2026-08-25 04:11:37] [47/98] FDHK - Flower Delivery Hong Ko | https://flowerdeliveryhongkong.com/
[2026-08-25 04:11:37]   ↳ 已存在，跳過 (FDHK---Flower-Delivery-Hong-Kong.html)
[2026-08-25 04:11:37]   ↳ 已存在，跳過 (FDHK---Flower-Delivery-Hong-Kong.html)
[2026-08-25 04:11:37] [48/98] Joseph Photo 香港專業攝影工作室 | https://josephphoto.hk/
[2026-08-25 04:11:37] [48/98] Joseph Photo 香港專業攝影工作室 | https://josephphoto.hk/
[2026-08-25 04:11:37]   ↳ 已存在，跳過 (Joseph-Photo-香港專業攝影工作室.html)
[2026-08-25 04:11:37]   ↳ 已存在，跳過 (Joseph-Photo-香港專業攝影工作室.html)
[2026-08-25 04:11:37] [49/98] Majesty Professional Photo殿堂館- | https://www.majestyprofessional.com/
[2026-08-25 04:11:37] [49/98] Majesty Professional Photo殿堂館- | https://www.majestyprofessional.com/
[2026-08-25 04:11:37]   ↳ 已存在，跳過 (Majesty-Professional-Photo殿堂館-專業照首選.html)
[2026-08-25 04:11:37]   ↳ 已存在，跳過 (Majesty-Professional-Photo殿堂館-專業照首選.html)
[2026-08-25 04:11:37] [50/98] Owl Photo Studio 貓頭鷹照相館 | https://www.owlphoto.hk/
[2026-08-25 04:11:37] [50/98] Owl Photo Studio 貓頭鷹照相館 | https://www.owlphoto.hk/
[2026-08-25 04:11:37]   ↳ 已存在，跳過 (Owl-Photo-Studio-貓頭鷹照相館.html)
[2026-08-25 04:11:37]   ↳ 已存在，跳過 (Owl-Photo-Studio-貓頭鷹照相館.html)
[2026-08-25 04:11:37] [51/98] Yat Tung Heen - Eaton HK | https://www.yattungheen.com/
[2026-08-25 04:11:37] [51/98] Yat Tung Heen - Eaton HK | https://www.yattungheen.com/
[2026-08-25 04:11:37]   ↳ 已存在，跳過 (Yat-Tung-Heen---Eaton-HK.html)
[2026-08-25 04:11:37]   ↳ 已存在，跳過 (Yat-Tung-Heen---Eaton-HK.html)
[2026-08-25 04:11:37] [52/98] Hair Quest Hair salon Central | https://www.hairquest-hk.com/
[2026-08-25 04:11:37] [52/98] Hair Quest Hair salon Central | https://www.hairquest-hk.com/
[2026-08-25 04:11:37]   ↳ 已存在，跳過 (Hair-Quest-Hair-salon-Central.html)
[2026-08-25 04:11:37]   ↳ 已存在，跳過 (Hair-Quest-Hair-salon-Central.html)
[2026-08-25 04:11:37] [53/98] 天下猫猫一様猫 | https://www.catiscat.com.hk/
[2026-08-25 04:11:37] [53/98] 天下猫猫一様猫 | https://www.catiscat.com.hk/
[2026-08-25 04:11:37]   ↳ 已存在，跳過 (天下猫猫一様猫.html)
[2026-08-25 04:11:37]   ↳ 已存在，跳過 (天下猫猫一様猫.html)
[2026-08-25 04:11:37] [54/98] Bora beauty | https://bora.hk/
[2026-08-25 04:11:37] [54/98] Bora beauty | https://bora.hk/
[2026-08-25 04:11:37]   ↳ 已存在，跳過 (Bora-beauty.html)
[2026-08-25 04:11:37]   ↳ 已存在，跳過 (Bora-beauty.html)
[2026-08-25 04:11:37] [55/98] Dream Scenes Studio | http://dreamscenesstudio.com/
[2026-08-25 04:11:37] [55/98] Dream Scenes Studio | http://dreamscenesstudio.com/
[2026-08-25 04:11:37]   ↳ 已存在，跳過 (Dream-Scenes-Studio.html)
[2026-08-25 04:11:37]   ↳ 已存在，跳過 (Dream-Scenes-Studio.html)
[2026-08-25 04:11:37] [56/98] Dazzling Smile Dental Clinic 瑩 | https://dazzlingsmiledentalclinic.com/
[2026-08-25 04:11:37] [56/98] Dazzling Smile Dental Clinic 瑩 | https://dazzlingsmiledentalclinic.com/
[2026-08-25 04:11:37]   ↳ 已存在，跳過 (Dazzling-Smile-Dental-Clinic-瑩恩牙科診所.html)
[2026-08-25 04:11:37]   ↳ 已存在，跳過 (Dazzling-Smile-Dental-Clinic-瑩恩牙科診所.html)
[2026-08-25 04:11:37] [57/98] Family Smile Limited | http://www.familysmile.hk/
[2026-08-25 04:11:37] [57/98] Family Smile Limited | http://www.familysmile.hk/
[2026-08-25 04:11:37]   ↳ 已存在，跳過 (Family-Smile-Limited.html)
[2026-08-25 04:11:37]   ↳ 已存在，跳過 (Family-Smile-Limited.html)
[2026-08-25 04:11:37] [58/98] INDULGENCE hair & beauty salon | http://www.indulgence.hk/
[2026-08-25 04:11:37] [58/98] INDULGENCE hair & beauty salon | http://www.indulgence.hk/
[2026-08-25 04:11:37]   ↳ 已存在，跳過 (INDULGENCE-hair--beauty-salon.html)
[2026-08-25 04:11:37]   ↳ 已存在，跳過 (INDULGENCE-hair--beauty-salon.html)
[2026-08-25 04:11:37] [59/98] 花店 | 花束專家 | https://www.flowerbouquet.com.hk/
[2026-08-25 04:11:37] [59/98] 花店 | 花束專家 | https://www.flowerbouquet.com.hk/
[2026-08-25 04:11:37]   ↳ 已存在，跳過 (花店-花束專家.html)
[2026-08-25 04:11:37]   ↳ 已存在，跳過 (花店-花束專家.html)
[2026-08-25 04:11:37] [60/98] 網上訂花 ‧ 送花香港 | Fdhk 最高評分即日網上花店 | https://flowerdeliveryhongkong.com/zh
[2026-08-25 04:11:37] [60/98] 網上訂花 ‧ 送花香港 | Fdhk 最高評分即日網上花店 | https://flowerdeliveryhongkong.com/zh
[2026-08-25 04:11:37]   ↳ 已存在，跳過 (網上訂花--送花香港-Fdhk-最高評分即日網上花店.html)
[2026-08-25 04:11:37]   ↳ 已存在，跳過 (網上訂花--送花香港-Fdhk-最高評分即日網上花店.html)
[2026-08-25 04:11:37] [61/98] Rhine Flowers | https://rhineflowers.com/
[2026-08-25 04:11:37] [61/98] Rhine Flowers | https://rhineflowers.com/
[2026-08-25 04:11:37]   ↳ 已存在，跳過 (Rhine-Flowers.html)
[2026-08-25 04:11:37]   ↳ 已存在，跳過 (Rhine-Flowers.html)
[2026-08-25 04:11:37] [62/98] 香港花店｜網上訂花及送花｜Gift Flowers HK | https://giftflowers.com.hk/cn/
[2026-08-25 04:11:37] [62/98] 香港花店｜網上訂花及送花｜Gift Flowers HK | https://giftflowers.com.hk/cn/
[2026-08-25 04:11:37]   ↳ 已存在，跳過 (香港花店網上訂花及送花Gift-Flowers-HK.html)
[2026-08-25 04:11:37]   ↳ 已存在，跳過 (香港花店網上訂花及送花Gift-Flowers-HK.html)
[2026-08-25 04:11:37] [63/98] Flora Floriculture - 花店 | https://www.floraf.com.hk/
[2026-08-25 04:11:37] [63/98] Flora Floriculture - 花店 | https://www.floraf.com.hk/
[2026-08-25 04:11:37]   ↳ 已存在，跳過 (Flora-Floriculture---花店.html)
[2026-08-25 04:11:37]   ↳ 已存在，跳過 (Flora-Floriculture---花店.html)
[2026-08-25 04:11:37] [64/98] 香港花店 | https://www.mrsliuflorist.com/
[2026-08-25 04:11:37] [64/98] 香港花店 | https://www.mrsliuflorist.com/
[2026-08-25 04:11:37]   ↳ 已存在，跳過 (香港花店.html)
[2026-08-25 04:11:37]   ↳ 已存在，跳過 (香港花店.html)
[2026-08-25 04:11:37] [65/98] 網上花店| 網上訂花 | 即日送花 | HKfashop | https://hkfashop.com/
[2026-08-25 04:11:37] [65/98] 網上花店| 網上訂花 | 即日送花 | HKfashop | https://hkfashop.com/
[2026-08-25 04:11:37]   ↳ 已存在，跳過 (網上花店-網上訂花-即日送花-HKfashop.html)
[2026-08-25 04:11:37]   ↳ 已存在，跳過 (網上花店-網上訂花-即日送花-HKfashop.html)
[2026-08-25 04:11:37] [66/98] 【 送花】 ｜訂花｜Flowerbee Florist訂花束 | https://flowerbee-hk.com/zh
[2026-08-25 04:11:37] [66/98] 【 送花】 ｜訂花｜Flowerbee Florist訂花束 | https://flowerbee-hk.com/zh
[2026-08-25 04:11:37]   ↳ 已存在，跳過 (送花-訂花Flowerbee-Florist訂花束---Flowerbee-HK-Florist.html)
[2026-08-25 04:11:37]   ↳ 已存在，跳過 (送花-訂花Flowerbee-Florist訂花束---Flowerbee-HK-Florist.html)
[2026-08-25 04:11:37] [67/98] 花點時間｜香港旺角花墟實體花店：24小時訂花、鮮花花束、開張 | https://www.reflower.com.hk/
[2026-08-25 04:11:37] [67/98] 花點時間｜香港旺角花墟實體花店：24小時訂花、鮮花花束、開張 | https://www.reflower.com.hk/
[2026-08-25 04:11:37]   ↳ 已存在，跳過 (花點時間香港旺角花墟實體花店24小時訂花鮮花花束開張花籃鮮花批發---花點時間-Reflower.html)
[2026-08-25 04:11:37]   ↳ 已存在，跳過 (花點時間香港旺角花墟實體花店24小時訂花鮮花花束開張花籃鮮花批發---花點時間-Reflower.html)
[2026-08-25 04:11:37] [68/98] 香港花店- 首頁花店推薦 - 我們代表和倡導位於香港島、九龍 | https://zh-hk.hk-florist.org/
[2026-08-25 04:11:37] [68/98] 香港花店- 首頁花店推薦 - 我們代表和倡導位於香港島、九龍 | https://zh-hk.hk-florist.org/
[2026-08-25 04:11:37]   ↳ 已存在，跳過 (香港花店--首頁花店推薦---我們代表和倡導位於香港島九龍和新界的花店以及在線花店和鮮花配送公司.html)
[2026-08-25 04:11:37]   ↳ 已存在，跳過 (香港花店--首頁花店推薦---我們代表和倡導位於香港島九龍和新界的花店以及在線花店和鮮花配送公司.html)
[2026-08-25 04:11:37] [69/98] 有花漾 ZH Flowers | https://www.zh-flowers.com/
[2026-08-25 04:11:37] [69/98] 有花漾 ZH Flowers | https://www.zh-flowers.com/
[2026-08-25 04:11:37]   ↳ 已存在，跳過 (有花漾-ZH-Flowers.html)
[2026-08-25 04:11:37]   ↳ 已存在，跳過 (有花漾-ZH-Flowers.html)
[2026-08-25 04:11:37] [70/98] 花店花生花華 | FaSunflower Florist | https://www.fasunflower.com/
[2026-08-25 04:11:37] [70/98] 花店花生花華 | FaSunflower Florist | https://www.fasunflower.com/
[2026-08-25 04:11:37]   ↳ 已存在，跳過 (花店花生花華-FaSunflower-Florist.html)
[2026-08-25 04:11:37]   ↳ 已存在，跳過 (花店花生花華-FaSunflower-Florist.html)
[2026-08-25 04:11:37] [71/98] 格蘭花店 Grand Floral & Gift Shop | https://grand.com.hk/
[2026-08-25 04:11:37] [71/98] 格蘭花店 Grand Floral & Gift Shop | https://grand.com.hk/
[2026-08-25 04:11:37]   ↳ 已存在，跳過 (格蘭花店-Grand-Floral--Gift-Shop.html)
[2026-08-25 04:11:37]   ↳ 已存在，跳過 (格蘭花店-Grand-Floral--Gift-Shop.html)
[2026-08-25 04:11:37] [72/98] WHY Studio - 上環證件相｜學生相｜專業形象照 | https://www.whystudiohk.com/
[2026-08-25 04:11:37] [72/98] WHY Studio - 上環證件相｜學生相｜專業形象照 | https://www.whystudiohk.com/
[2026-08-25 04:11:37]   ↳ 已存在，跳過 (WHY-Studio---上環證件相學生相專業形象照.html)
[2026-08-25 04:11:37]   ↳ 已存在，跳過 (WHY-Studio---上環證件相學生相專業形象照.html)
[2026-08-25 04:11:37] [73/98] Cat Watt 晴珊猫舎 | http://www.catwatt.com/
[2026-08-25 04:11:37] [73/98] Cat Watt 晴珊猫舎 | http://www.catwatt.com/
[2026-08-25 04:11:37]   ↳ 已存在，跳過 (Cat-Watt-晴珊猫舎.html)
[2026-08-25 04:11:37]   ↳ 已存在，跳過 (Cat-Watt-晴珊猫舎.html)
[2026-08-25 04:11:37] [74/98] 牙齒矯正及兒童齒科中心 (旺角朗豪坊) | Orthodon | https://www.ortho-center.com/
[2026-08-25 04:11:37] [74/98] 牙齒矯正及兒童齒科中心 (旺角朗豪坊) | Orthodon | https://www.ortho-center.com/
[2026-08-25 04:11:37]   ↳ 已存在，跳過 (牙齒矯正及兒童齒科中心-旺角朗豪坊-Orthodontic--Childrens-Dental-Center-Langh.html)
[2026-08-25 04:11:37]   ↳ 已存在，跳過 (牙齒矯正及兒童齒科中心-旺角朗豪坊-Orthodontic--Childrens-Dental-Center-Langh.html)
[2026-08-25 04:11:37] [75/98] HALO Flowers | https://haloflowers.com.hk/zh-hant/
[2026-08-25 04:11:37] [75/98] HALO Flowers | https://haloflowers.com.hk/zh-hant/
[2026-08-25 04:11:37]   ↳ 已存在，跳過 (HALO-Flowers.html)
[2026-08-25 04:11:37]   ↳ 已存在，跳過 (HALO-Flowers.html)
[2026-08-25 04:11:37] [76/98] Pettington 柏靈頓獸醫寵物用品 | https://www.pettington.com/
[2026-08-25 04:11:37] [76/98] Pettington 柏靈頓獸醫寵物用品 | https://www.pettington.com/
[2026-08-25 04:11:37]   ↳ 已存在，跳過 (Pettington-柏靈頓獸醫寵物用品.html)
[2026-08-25 04:11:37]   ↳ 已存在，跳過 (Pettington-柏靈頓獸醫寵物用品.html)
[2026-08-25 04:11:37] [77/98] 皓保牙科診所 Craft Smile Dental Cent | https://zh.drchrischeung.com/
[2026-08-25 04:11:37] [77/98] 皓保牙科診所 Craft Smile Dental Cent | https://zh.drchrischeung.com/
[2026-08-25 04:11:37]   ↳ 已存在，跳過 (皓保牙科診所-Craft-Smile-Dental-Center.html)
[2026-08-25 04:11:37]   ↳ 已存在，跳過 (皓保牙科診所-Craft-Smile-Dental-Center.html)
[2026-08-25 04:11:37] [78/98] Toyota Kowloon Bay Service Cen | https://www.toyota.com.hk/?utm_campaign=gmb&utm_medium=organic&utm_source=local
[2026-08-25 04:11:37] [78/98] Toyota Kowloon Bay Service Cen | https://www.toyota.com.hk/?utm_campaign=gmb&utm_medium=organic&utm_source=local
[2026-08-25 04:11:37]   ↳ 已存在，跳過 (Toyota-Kowloon-Bay-Service-Centre-Mechanical.html)
[2026-08-25 04:11:37]   ↳ 已存在，跳過 (Toyota-Kowloon-Bay-Service-Centre-Mechanical.html)
[2026-08-25 04:11:37] [79/98] Anglo Chinese Florist | http://www.anglochinese.com/
[2026-08-25 04:11:37] [79/98] Anglo Chinese Florist | http://www.anglochinese.com/
[2026-08-25 04:11:37]   ↳ 已存在，跳過 (Anglo-Chinese-Florist.html)
[2026-08-25 04:11:37]   ↳ 已存在，跳過 (Anglo-Chinese-Florist.html)
[2026-08-25 04:11:37] [80/98] Photobi HK 韓式 証件相拍摂工作室 - 湾仔店 | https://photobi.hk/
[2026-08-25 04:11:37] [80/98] Photobi HK 韓式 証件相拍摂工作室 - 湾仔店 | https://photobi.hk/
[2026-08-25 04:11:37]   ↳ 已存在，跳過 (Photobi-HK-韓式-証件相拍摂工作室---湾仔店.html)
[2026-08-25 04:11:37]   ↳ 已存在，跳過 (Photobi-HK-韓式-証件相拍摂工作室---湾仔店.html)
[2026-08-25 04:11:37] [81/98] Advance Pet Food | http://advancepetfood.com/
[2026-08-25 04:11:37] [81/98] Advance Pet Food | http://advancepetfood.com/
[2026-08-25 04:11:37]   ↳ 已存在，跳過 (Advance-Pet-Food.html)
[2026-08-25 04:11:37]   ↳ 已存在，跳過 (Advance-Pet-Food.html)
[2026-08-25 04:11:37] [82/98] Anna Maria Studio | http://annamstudio.com/
[2026-08-25 04:11:37] [82/98] Anna Maria Studio | http://annamstudio.com/
[2026-08-25 04:11:37]   ↳ 已存在，跳過 (Anna-Maria-Studio.html)
[2026-08-25 04:11:37]   ↳ 已存在，跳過 (Anna-Maria-Studio.html)
[2026-08-25 04:11:37] [83/98] 1984 HAIR SALON | https://1984hairsalon.wixsite.com/1984-hairsalon
[2026-08-25 04:11:37] [83/98] 1984 HAIR SALON | https://1984hairsalon.wixsite.com/1984-hairsalon
[2026-08-25 04:11:37]   ↳ 已存在，跳過 (1984-HAIR-SALON.html)
[2026-08-25 04:11:37]   ↳ 已存在，跳過 (1984-HAIR-SALON.html)
[2026-08-25 04:11:37] [84/98] Bulls PPF 専門店 | https://www.ppf.com.hk/
[2026-08-25 04:11:37] [84/98] Bulls PPF 専門店 | https://www.ppf.com.hk/
[2026-08-25 04:11:37]   ↳ 已存在，跳過 (Bulls-PPF-専門店.html)
[2026-08-25 04:11:37]   ↳ 已存在，跳過 (Bulls-PPF-専門店.html)
[2026-08-25 04:11:37] [85/98] LEEKAJA X AMONG Hair Salon Cen | https://www.leekaja.hk/
[2026-08-25 04:11:37] [85/98] LEEKAJA X AMONG Hair Salon Cen | https://www.leekaja.hk/
[2026-08-25 04:11:37]   ↳ 已存在，跳過 (LEEKAJA-X-AMONG-Hair-Salon-Century-Square-in-Hongkong-한국-미용실.html)
[2026-08-25 04:11:37]   ↳ 已存在，跳過 (LEEKAJA-X-AMONG-Hair-Salon-Century-Square-in-Hongkong-한국-미용실.html)
[2026-08-25 04:11:37] [86/98] MEGAPET (Kowloon City Shop) | http://www.megapet.com.hk/
[2026-08-25 04:11:37] [86/98] MEGAPET (Kowloon City Shop) | http://www.megapet.com.hk/
[2026-08-25 04:11:37]   ↳ 已存在，跳過 (MEGAPET-Kowloon-City-Shop.html)
[2026-08-25 04:11:37]   ↳ 已存在，跳過 (MEGAPET-Kowloon-City-Shop.html)
[2026-08-25 04:11:37] [87/98] 仁健牙科 Nixon Dental (太子牙醫/旺角牙醫/洗 | http://www.nixondental.com/
[2026-08-25 04:11:37] [87/98] 仁健牙科 Nixon Dental (太子牙醫/旺角牙醫/洗 | http://www.nixondental.com/
[2026-08-25 04:11:37]   ↳ 已存在，跳過 (仁健牙科-Nixon-Dental-太子牙醫-旺角牙醫-洗牙-補牙-種牙-植牙-杜牙根-智慧齒-箍牙-Invisalig.html)
[2026-08-25 04:11:37]   ↳ 已存在，跳過 (仁健牙科-Nixon-Dental-太子牙醫-旺角牙醫-洗牙-補牙-種牙-植牙-杜牙根-智慧齒-箍牙-Invisalig.html)
[2026-08-25 04:11:37] [88/98] 香港車房及汽車維修 | CarService.hk | https://www.carservice.hk/zh-hk
[2026-08-25 04:11:37] [88/98] 香港車房及汽車維修 | CarService.hk | https://www.carservice.hk/zh-hk
[2026-08-25 04:11:38]   ✓ 已儲存 香港車房及汽車維修-CarService.hk.html (177KB, requests 170016B)
[2026-08-25 04:11:38]   ✓ 已儲存 香港車房及汽車維修-CarService.hk.html (177KB, requests 170016B)
[2026-08-25 04:11:38] [89/98] 24小時 上門汽車維修保養服務 | https://garage-hk.com/onsite.php
[2026-08-25 04:11:38] [89/98] 24小時 上門汽車維修保養服務 | https://garage-hk.com/onsite.php
[2026-08-25 04:11:38]   ✓ 已儲存 24小時-上門汽車維修保養服務.html (32KB, requests 23289B)
[2026-08-25 04:11:38]   ✓ 已儲存 24小時-上門汽車維修保養服務.html (32KB, requests 23289B)
[2026-08-25 04:11:39] [90/98] 保養及維修服務 - Dchmsc | https://www.dchmsc.com/zh/maintenance-repair
[2026-08-25 04:11:39] [90/98] 保養及維修服務 - Dchmsc | https://www.dchmsc.com/zh/maintenance-repair
[2026-08-25 04:11:39]   ✓ 已儲存 保養及維修服務---Dchmsc.html (898KB, requests 917111B)
[2026-08-25 04:11:39]   ✓ 已儲存 保養及維修服務---Dchmsc.html (898KB, requests 917111B)
[2026-08-25 04:11:39] [91/98] Carro Care | https://carro.co/hk/zh-hant-hk/carro-care
[2026-08-25 04:11:39] [91/98] Carro Care | https://carro.co/hk/zh-hant-hk/carro-care
[2026-08-25 04:11:40]   ✓ 已儲存 Carro-Care.html (507KB, requests 492163B)
[2026-08-25 04:11:40]   ✓ 已儲存 Carro-Care.html (507KB, requests 492163B)
[2026-08-25 04:11:40] [92/98] 車師傅 - 全港認證車師傅總匯 | https://www.mastercar.hk/
[2026-08-25 04:11:40] [92/98] 車師傅 - 全港認證車師傅總匯 | https://www.mastercar.hk/
[2026-08-25 04:11:41]   ✓ 已儲存 車師傅---全港認證車師傅總匯.html (115KB, requests 113274B)
[2026-08-25 04:11:41]   ✓ 已儲存 車師傅---全港認證車師傅總匯.html (115KB, requests 113274B)
[2026-08-25 04:11:42] [93/98] 堅記車房平台 | https://www.kinkeecar.com/
[2026-08-25 04:11:42] [93/98] 堅記車房平台 | https://www.kinkeecar.com/
[2026-08-25 04:11:42]   ✓ 已儲存 堅記車房平台.html (63KB, requests 55992B)
[2026-08-25 04:11:42]   ✓ 已儲存 堅記車房平台.html (63KB, requests 55992B)
[2026-08-25 04:11:42] [94/98] 汽車保養及汽車維修 | CarService.hk | https://www.carservice.hk/zh-hk/services/car-servicing
[2026-08-25 04:11:42] [94/98] 汽車保養及汽車維修 | CarService.hk | https://www.carservice.hk/zh-hk/services/car-servicing
[2026-08-25 04:11:44]   ✓ 已儲存 汽車保養及汽車維修-CarService.hk.html (170KB, requests 162482B)
[2026-08-25 04:11:44]   ✓ 已儲存 汽車保養及汽車維修-CarService.hk.html (170KB, requests 162482B)
[2026-08-25 04:11:44] [95/98] 汽車維修 - Anyone | https://www.anyonehk.com/%E6%B1%BD%E8%BB%8A%E7%B6%AD%E4%BF%AE/
[2026-08-25 04:11:44] [95/98] 汽車維修 - Anyone | https://www.anyonehk.com/%E6%B1%BD%E8%BB%8A%E7%B6%AD%E4%BF%AE/
[2026-08-25 04:11:44]   ✓ 已儲存 汽車維修---Anyone.html (94KB, requests 91225B)
[2026-08-25 04:11:44]   ✓ 已儲存 汽車維修---Anyone.html (94KB, requests 91225B)
[2026-08-25 04:11:45] [96/98] 香港汽車維修公司名錄 - 新成立/注册及已更改名称的公司名单 | https://hkg.databasesets.com/zh-hant/gongsimingdan/type/Motor_Service
[2026-08-25 04:11:45] [96/98] 香港汽車維修公司名錄 - 新成立/注册及已更改名称的公司名单 | https://hkg.databasesets.com/zh-hant/gongsimingdan/type/Motor_Service
[2026-08-25 04:11:45]   ✓ 已儲存 香港汽車維修公司名錄---新成立-注册及已更改名称的公司名单.html (46KB, requests 38621B)
[2026-08-25 04:11:45]   ✓ 已儲存 香港汽車維修公司名錄---新成立-注册及已更改名称的公司名单.html (46KB, requests 38621B)
[2026-08-25 04:11:45] [97/98] 汽車服務公司 - Driver.com.hk | https://www.driver.com.hk/service
[2026-08-25 04:11:45] [97/98] 汽車服務公司 - Driver.com.hk | https://www.driver.com.hk/service
[2026-08-25 04:11:45]   ✓ 已儲存 汽車服務公司---Driver.com.hk.html (45KB, requests 42032B)
[2026-08-25 04:11:45]   ✓ 已儲存 汽車服務公司---Driver.com.hk.html (45KB, requests 42032B)
[2026-08-25 04:11:46] [98/98] 最佳香港花店推介 送花訂花好去處/網上買花 | https://www.timeout.com.hk/hong-kong/hk/%E8%B3%BC%E7%89%A9/%E6%9C%80%E4%BD%B3%E9%A6%99%E6%B8%AF%E8%8A%B1%E5%BA%97%E6%8E%A8%E4%BB%8B-%E9%80%81%E8%8A%B1%E8%A8%82%E8%8A%B1%E5%A5%BD%E5%8E%BB%E8%99%95-%E7%B6%B2%E4%B8%8A%E8%B2%B7%E8%8A%B1
[2026-08-25 04:11:46] [98/98] 最佳香港花店推介 送花訂花好去處/網上買花 | https://www.timeout.com.hk/hong-kong/hk/%E8%B3%BC%E7%89%A9/%E6%9C%80%E4%BD%B3%E9%A6%99%E6%B8%AF%E8%8A%B1%E5%BA%97%E6%8E%A8%E4%BB%8B-%E9%80%81%E8%8A%B1%E8%A8%82%E8%8A%B1%E5%A5%BD%E5%8E%BB%E8%99%95-%E7%B6%B2%E4%B8%8A%E8%B2%B7%E8%8A%B1
[2026-08-25 04:11:46]   ✓ 已儲存 最佳香港花店推介-送花訂花好去處-網上買花.html (200KB, requests 208143B)
[2026-08-25 04:11:46]   ✓ 已儲存 最佳香港花店推介-送花訂花好去處-網上買花.html (200KB, requests 208143B)
[2026-08-25 04:11:46] == 完成 ==
[2026-08-25 04:11:46] == 完成 ==
[2026-08-25 04:11:46] 成功 98 個，失敗 0 個
[2026-08-25 04:11:46] 成功 98 個，失敗 0 個

── 失敗清單 ──
[2026-08-25 04:11:46] == 開始為 0 間「沒網站但有聯絡」的商家建立一頁式網頁 → /home/ubuntu/.mok/html/project/MokCs ==
[2026-08-25 04:11:46] == 開始為 0 間「沒網站但有聯絡」的商家建立一頁式網頁 → /home/ubuntu/.mok/html/project/MokCs ==
[2026-08-25 04:11:46] == 一頁式網頁完成：0/0 ==
[2026-08-25 04:11:46] == 一頁式網頁完成：0/0 ==
[2026-08-25 04:43:40]   過濾：98 間 → 保留 98 間有 WhatsApp/Email 的商家
[2026-08-25 04:43:40]   過濾：98 間 → 保留 98 間有 WhatsApp/Email 的商家
[2026-08-25 04:43:40] == 開始克隆 98 個商家首頁 → /home/ubuntu/.mok/html/project/MokCs ==
[2026-08-25 04:43:40] == 開始克隆 98 個商家首頁 → /home/ubuntu/.mok/html/project/MokCs ==
[2026-08-25 04:43:40] [1/98] Hutong | https://hutong.com.hk/
[2026-08-25 04:43:40] [1/98] Hutong | https://hutong.com.hk/
[2026-08-25 04:43:40]   ↳ 已存在，跳過 (Hutong.html)
[2026-08-25 04:43:40]   ↳ 已存在，跳過 (Hutong.html)
[2026-08-25 04:43:40] [2/98] The Chairman Restaurant | https://www.thechairmangroup.com/
[2026-08-25 04:43:40] [2/98] The Chairman Restaurant | https://www.thechairmangroup.com/
[2026-08-25 04:43:40]   ↳ 已存在，跳過 (The-Chairman-Restaurant.html)
[2026-08-25 04:43:40]   ↳ 已存在，跳過 (The-Chairman-Restaurant.html)
[2026-08-25 04:43:40] [3/98] 南蛮亭香港店 | http://nanbantei.com.hk/
[2026-08-25 04:43:40] [3/98] 南蛮亭香港店 | http://nanbantei.com.hk/
[2026-08-25 04:43:40]   ↳ 已存在，跳過 (南蛮亭香港店.html)
[2026-08-25 04:43:40]   ↳ 已存在，跳過 (南蛮亭香港店.html)
[2026-08-25 04:43:40] [4/98] 添好運點心專賣店 | https://www.timhowan.com.hk/
[2026-08-25 04:43:40] [4/98] 添好運點心專賣店 | https://www.timhowan.com.hk/
[2026-08-25 04:43:40]   ↳ 已存在，跳過 (添好運點心專賣店.html)
[2026-08-25 04:43:40]   ↳ 已存在，跳過 (添好運點心專賣店.html)
[2026-08-25 04:43:40] [5/98] La Petite Maison (LPM) Hong Ko | https://lpmrestaurants.com/hongkong/
[2026-08-25 04:43:40] [5/98] La Petite Maison (LPM) Hong Ko | https://lpmrestaurants.com/hongkong/
[2026-08-25 04:43:40]   ↳ 已存在，跳過 (La-Petite-Maison-LPM-Hong-Kong.html)
[2026-08-25 04:43:40]   ↳ 已存在，跳過 (La-Petite-Maison-LPM-Hong-Kong.html)
[2026-08-25 04:43:40] [6/98] Glow Hong Kong | https://www.glowspa.hk/
[2026-08-25 04:43:40] [6/98] Glow Hong Kong | https://www.glowspa.hk/
[2026-08-25 04:43:40]   ↳ 已存在，跳過 (Glow-Hong-Kong.html)
[2026-08-25 04:43:40]   ↳ 已存在，跳過 (Glow-Hong-Kong.html)
[2026-08-25 04:43:40] [7/98] Mó The Slow Bloom | https://www.mo-hk.com/
[2026-08-25 04:43:40] [7/98] Mó The Slow Bloom | https://www.mo-hk.com/
[2026-08-25 04:43:40]   ↳ 已存在，跳過 (Mó-The-Slow-Bloom.html)
[2026-08-25 04:43:40]   ↳ 已存在，跳過 (Mó-The-Slow-Bloom.html)
[2026-08-25 04:43:40] [8/98] Lux Medical 医繊美 | https://www.luxbeauty.hk/
[2026-08-25 04:43:40] [8/98] Lux Medical 医繊美 | https://www.luxbeauty.hk/
[2026-08-25 04:43:40]   ↳ 已存在，跳過 (Lux-Medical-医繊美.html)
[2026-08-25 04:43:40]   ↳ 已存在，跳過 (Lux-Medical-医繊美.html)
[2026-08-25 04:43:40] [9/98] 114HAIR | http://www.114hair.com/
[2026-08-25 04:43:40] [9/98] 114HAIR | http://www.114hair.com/
[2026-08-25 04:43:40]   ↳ 已存在，跳過 (114HAIR.html)
[2026-08-25 04:43:40]   ↳ 已存在，跳過 (114HAIR.html)
[2026-08-25 04:43:40] [10/98] Love Hair | http://www.lovehairhk.com/
[2026-08-25 04:43:40] [10/98] Love Hair | http://www.lovehairhk.com/
[2026-08-25 04:43:40]   ↳ 已存在，跳過 (Love-Hair.html)
[2026-08-25 04:43:40]   ↳ 已存在，跳過 (Love-Hair.html)
[2026-08-25 04:43:40] [11/98] TONI&GUY HK | http://www.toniandguyhk.com/
[2026-08-25 04:43:40] [11/98] TONI&GUY HK | http://www.toniandguyhk.com/
[2026-08-25 04:43:40]   ↳ 已存在，跳過 (TONIGUY-HK.html)
[2026-08-25 04:43:40]   ↳ 已存在，跳過 (TONIGUY-HK.html)
[2026-08-25 04:43:40] [12/98] iMPROVE HAiR-尖沙咀salon 尖沙咀剪髮 尖沙 | http://www.ihair.com.hk/
[2026-08-25 04:43:40] [12/98] iMPROVE HAiR-尖沙咀salon 尖沙咀剪髮 尖沙 | http://www.ihair.com.hk/
[2026-08-25 04:43:40]   ↳ 已存在，跳過 (iMPROVE-HAiR-尖沙咀salon-尖沙咀剪髮-尖沙咀髮廊-尖沙咀中藥染髮-尖沙咀假髮-尖沙咀頭皮護理.html)
[2026-08-25 04:43:40]   ↳ 已存在，跳過 (iMPROVE-HAiR-尖沙咀salon-尖沙咀剪髮-尖沙咀髮廊-尖沙咀中藥染髮-尖沙咀假髮-尖沙咀頭皮護理.html)
[2026-08-25 04:43:40] [13/98] 金澱装修工程有限公司 | https://www.palaceengineeringltd.com/
[2026-08-25 04:43:40] [13/98] 金澱装修工程有限公司 | https://www.palaceengineeringltd.com/
[2026-08-25 04:43:40]   ↳ 已存在，跳過 (金澱装修工程有限公司.html)
[2026-08-25 04:43:40]   ↳ 已存在，跳過 (金澱装修工程有限公司.html)
[2026-08-25 04:43:40] [14/98] 鋒主義 - 室內設計公司 | 室內裝修工程 | 工期 報價  | https://www.fungstyle.com.hk/
[2026-08-25 04:43:40] [14/98] 鋒主義 - 室內設計公司 | 室內裝修工程 | 工期 報價  | https://www.fungstyle.com.hk/
[2026-08-25 04:43:40]   ↳ 已存在，跳過 (鋒主義---室內設計公司-室內裝修工程-工期-報價-服務-三大保證.html)
[2026-08-25 04:43:40]   ↳ 已存在，跳過 (鋒主義---室內設計公司-室內裝修工程-工期-報價-服務-三大保證.html)
[2026-08-25 04:43:40] [15/98] 装修兄弟 | http://www.renobro.com.hk/
[2026-08-25 04:43:40] [15/98] 装修兄弟 | http://www.renobro.com.hk/
[2026-08-25 04:43:40]   ↳ 已存在，跳過 (装修兄弟.html)
[2026-08-25 04:43:40]   ↳ 已存在，跳過 (装修兄弟.html)
[2026-08-25 04:43:40] [16/98] 居屋皇 House king | 香港室内設計及装修公司 | http://housekinghk.com/
[2026-08-25 04:43:40] [16/98] 居屋皇 House king | 香港室内設計及装修公司 | http://housekinghk.com/
[2026-08-25 04:43:40]   ↳ 已存在，跳過 (居屋皇-House-king-香港室内設計及装修公司.html)
[2026-08-25 04:43:40]   ↳ 已存在，跳過 (居屋皇-House-king-香港室内設計及装修公司.html)
[2026-08-25 04:43:40] [17/98] Toby 裝修設計平台｜免費裝修報價｜香港裝修公司及室內設計 | https://www.hellotoby.com/zh-hk/id
[2026-08-25 04:43:40] [17/98] Toby 裝修設計平台｜免費裝修報價｜香港裝修公司及室內設計 | https://www.hellotoby.com/zh-hk/id
[2026-08-25 04:43:40]   ↳ 已存在，跳過 (Toby-裝修設計平台免費裝修報價香港裝修公司及室內設計公司.html)
[2026-08-25 04:43:40]   ↳ 已存在，跳過 (Toby-裝修設計平台免費裝修報價香港裝修公司及室內設計公司.html)
[2026-08-25 04:43:40] [18/98] PET HK - Mid Levels Edition | http://pethk.com/
[2026-08-25 04:43:40] [18/98] PET HK - Mid Levels Edition | http://pethk.com/
[2026-08-25 04:43:40]   ↳ 已存在，跳過 (PET-HK---Mid-Levels-Edition.html)
[2026-08-25 04:43:40]   ↳ 已存在，跳過 (PET-HK---Mid-Levels-Edition.html)
[2026-08-25 04:43:40] [19/98] Ruff & Fetch 拉夫寵物生活 (佐敦 Jordan | http://www.ruffandfetch.com/
[2026-08-25 04:43:40] [19/98] Ruff & Fetch 拉夫寵物生活 (佐敦 Jordan | http://www.ruffandfetch.com/
[2026-08-25 04:43:40]   ↳ 已存在，跳過 (Ruff--Fetch-拉夫寵物生活-佐敦-Jordan.html)
[2026-08-25 04:43:40]   ↳ 已存在，跳過 (Ruff--Fetch-拉夫寵物生活-佐敦-Jordan.html)
[2026-08-25 04:43:40] [20/98] HKTA香港導師会 | https://www.hkta.edu.hk/
[2026-08-25 04:43:40] [20/98] HKTA香港導師会 | https://www.hkta.edu.hk/
[2026-08-25 04:43:40]   ↳ 已存在，跳過 (HKTA香港導師会.html)
[2026-08-25 04:43:40]   ↳ 已存在，跳過 (HKTA香港導師会.html)
[2026-08-25 04:43:40] [21/98] 騎士数学 Knight Mathematics - Band | https://knightmaths.edu.hk/
[2026-08-25 04:43:40] [21/98] 騎士数学 Knight Mathematics - Band | https://knightmaths.edu.hk/
[2026-08-25 04:43:40]   ↳ 已存在，跳過 (騎士数学-Knight-Mathematics---Band-1-DSE-数学補習社.html)
[2026-08-25 04:43:40]   ↳ 已存在，跳過 (騎士数学-Knight-Mathematics---Band-1-DSE-数学補習社.html)
[2026-08-25 04:43:40] [22/98] 香港文化教育中心 | https://docs.google.com/forms/d/e/1FAIpQLSdjgsQlR4w8ZgKgE9RgAUPsPwrZzAZpo5SCULDDOgygEdeDnQ/viewform
[2026-08-25 04:43:40] [22/98] 香港文化教育中心 | https://docs.google.com/forms/d/e/1FAIpQLSdjgsQlR4w8ZgKgE9RgAUPsPwrZzAZpo5SCULDDOgygEdeDnQ/viewform
[2026-08-25 04:43:40]   ↳ 已存在，跳過 (香港文化教育中心.html)
[2026-08-25 04:43:40]   ↳ 已存在，跳過 (香港文化教育中心.html)
[2026-08-25 04:43:40] [23/98] GETUTOR 香港導師総会｜上門補習中介平台｜私補導師推介 | https://www.getutor.com.hk/
[2026-08-25 04:43:40] [23/98] GETUTOR 香港導師総会｜上門補習中介平台｜私補導師推介 | https://www.getutor.com.hk/
[2026-08-25 04:43:40]   ↳ 已存在，跳過 (GETUTOR-香港導師総会上門補習中介平台私補導師推介Private-Tutors-AgencyIB-IGCSE-A.html)
[2026-08-25 04:43:40]   ↳ 已存在，跳過 (GETUTOR-香港導師総会上門補習中介平台私補導師推介Private-Tutors-AgencyIB-IGCSE-A.html)
[2026-08-25 04:43:40] [24/98] 英博教学中心 - 数学中文英文補習 - 中小学補習社 | https://eplc.edu.hk/
[2026-08-25 04:43:40] [24/98] 英博教学中心 - 数学中文英文補習 - 中小学補習社 | https://eplc.edu.hk/
[2026-08-25 04:43:40]   ↳ 已存在，跳過 (英博教学中心---数学中文英文補習---中小学補習社.html)
[2026-08-25 04:43:40]   ↳ 已存在，跳過 (英博教学中心---数学中文英文補習---中小学補習社.html)
[2026-08-25 04:43:40] [25/98] 進研教育 - 英文中文数学補習社 | https://joinin-education.com/
[2026-08-25 04:43:40] [25/98] 進研教育 - 英文中文数学補習社 | https://joinin-education.com/
[2026-08-25 04:43:40]   ↳ 已存在，跳過 (進研教育---英文中文数学補習社.html)
[2026-08-25 04:43:40]   ↳ 已存在，跳過 (進研教育---英文中文数学補習社.html)
[2026-08-25 04:43:40] [26/98] 學斯教育(灣仔) | http://hoksi-edu.com/
[2026-08-25 04:43:40] [26/98] 學斯教育(灣仔) | http://hoksi-edu.com/
[2026-08-25 04:43:40]   ↳ 已存在，跳過 (學斯教育灣仔.html)
[2026-08-25 04:43:40]   ↳ 已存在，跳過 (學斯教育灣仔.html)
[2026-08-25 04:43:40] [27/98] 補習社｜学博教育 Learn Smart Education | https://learnsmart.edu.hk/
[2026-08-25 04:43:40] [27/98] 補習社｜学博教育 Learn Smart Education | https://learnsmart.edu.hk/
[2026-08-25 04:43:40]   ↳ 已存在，跳過 (補習社学博教育-Learn-Smart-Education.html)
[2026-08-25 04:43:40]   ↳ 已存在，跳過 (補習社学博教育-Learn-Smart-Education.html)
[2026-08-25 04:43:40] [28/98] 24/7 Fitness Central | http://247.fitness/
[2026-08-25 04:43:40] [28/98] 24/7 Fitness Central | http://247.fitness/
[2026-08-25 04:43:40]   ↳ 已存在，跳過 (24-7-Fitness-Central.html)
[2026-08-25 04:43:40]   ↳ 已存在，跳過 (24-7-Fitness-Central.html)
[2026-08-25 04:43:40] [29/98] 啓弘牙科（旺角店）丨九龍/旺角牙医/智慧歯/箍牙/隠式美/全 | https://omnesdental.com/
[2026-08-25 04:43:40] [29/98] 啓弘牙科（旺角店）丨九龍/旺角牙医/智慧歯/箍牙/隠式美/全 | https://omnesdental.com/
[2026-08-25 04:43:40]   ↳ 已存在，跳過 (啓弘牙科旺角店丨九龍-旺角牙医-智慧歯-箍牙-隠式美-全方位牙科服務-専業治療牙痛-種植牙-補牙-剥牙-洗牙.html)
[2026-08-25 04:43:40]   ↳ 已存在，跳過 (啓弘牙科旺角店丨九龍-旺角牙医-智慧歯-箍牙-隠式美-全方位牙科服務-専業治療牙痛-種植牙-補牙-剥牙-洗牙.html)
[2026-08-25 04:43:40] [30/98] Smith & Jain Dentists 史密夫和鄭牙醫診 | https://smithandjaindentists.com/
[2026-08-25 04:43:40] [30/98] Smith & Jain Dentists 史密夫和鄭牙醫診 | https://smithandjaindentists.com/
[2026-08-25 04:43:40]   ↳ 已存在，跳過 (Smith--Jain-Dentists-史密夫和鄭牙醫診所.html)
[2026-08-25 04:43:40]   ↳ 已存在，跳過 (Smith--Jain-Dentists-史密夫和鄭牙醫診所.html)
[2026-08-25 04:43:40] [31/98] Home Dental (Tsim Sha Tsui Bra | https://homedentalhk.com/cn/contact-us/tst
[2026-08-25 04:43:40] [31/98] Home Dental (Tsim Sha Tsui Bra | https://homedentalhk.com/cn/contact-us/tst
[2026-08-25 04:43:40]   ↳ 已存在，跳過 (Home-Dental-Tsim-Sha-Tsui-Branch.html)
[2026-08-25 04:43:40]   ↳ 已存在，跳過 (Home-Dental-Tsim-Sha-Tsui-Branch.html)
[2026-08-25 04:43:40] [32/98] 伍裕彤牙医 | https://trucaredental.hk/
[2026-08-25 04:43:40] [32/98] 伍裕彤牙医 | https://trucaredental.hk/
[2026-08-25 04:43:40]   ↳ 已存在，跳過 (伍裕彤牙医.html)
[2026-08-25 04:43:40]   ↳ 已存在，跳過 (伍裕彤牙医.html)
[2026-08-25 04:43:40] [33/98] Home Dental | https://homedentalhk.com/cn/contact-us/cwb
[2026-08-25 04:43:40] [33/98] Home Dental | https://homedentalhk.com/cn/contact-us/cwb
[2026-08-25 04:43:40]   ↳ 已存在，跳過 (Home-Dental.html)
[2026-08-25 04:43:40]   ↳ 已存在，跳過 (Home-Dental.html)
[2026-08-25 04:43:40] [34/98] T.O.P Dental by Family Smile L | http://www.topdental.hk/
[2026-08-25 04:43:40] [34/98] T.O.P Dental by Family Smile L | http://www.topdental.hk/
[2026-08-25 04:43:40]   ↳ 已存在，跳過 (T.O.P-Dental-by-Family-Smile-Ltd-香港牙科醫療集團-旺角太子牙醫中心.html)
[2026-08-25 04:43:40]   ↳ 已存在，跳過 (T.O.P-Dental-by-Family-Smile-Ltd-香港牙科醫療集團-旺角太子牙醫中心.html)
[2026-08-25 04:43:40] [35/98] Metro Dental 城健総合牙科医療中心 | https://www.metrodental.com.hk/
[2026-08-25 04:43:40] [35/98] Metro Dental 城健総合牙科医療中心 | https://www.metrodental.com.hk/
[2026-08-25 04:43:40]   ↳ 已存在，跳過 (Metro-Dental-城健総合牙科医療中心.html)
[2026-08-25 04:43:40]   ↳ 已存在，跳過 (Metro-Dental-城健総合牙科医療中心.html)
[2026-08-25 04:43:40] [36/98] 大国手 汽車車身維修 Grand Tycoon Automo | http://grandtycoon.com/
[2026-08-25 04:43:40] [36/98] 大国手 汽車車身維修 Grand Tycoon Automo | http://grandtycoon.com/
[2026-08-25 04:43:40]   ↳ 已存在，跳過 (大国手-汽車車身維修-Grand-Tycoon-Automotive-Repair-Shop.html)
[2026-08-25 04:43:40]   ↳ 已存在，跳過 (大国手-汽車車身維修-Grand-Tycoon-Automotive-Repair-Shop.html)
[2026-08-25 04:43:40] [37/98] AutoMate | Sham Shui Po Shop | https://www.automate-app.com/auto-shop
[2026-08-25 04:43:40] [37/98] AutoMate | Sham Shui Po Shop | https://www.automate-app.com/auto-shop
[2026-08-25 04:43:40]   ↳ 已存在，跳過 (AutoMate-Sham-Shui-Po-Shop.html)
[2026-08-25 04:43:40]   ↳ 已存在，跳過 (AutoMate-Sham-Shui-Po-Shop.html)
[2026-08-25 04:43:40] [38/98] Carol Garage Limited | http://www.carolgarage.com.hk/
[2026-08-25 04:43:40] [38/98] Carol Garage Limited | http://www.carolgarage.com.hk/
[2026-08-25 04:43:40]   ↳ 已存在，跳過 (Carol-Garage-Limited.html)
[2026-08-25 04:43:40]   ↳ 已存在，跳過 (Carol-Garage-Limited.html)
[2026-08-25 04:43:40] [39/98] 八方汽車 | Power Moto Limited | http://www.power-moto.hk/
[2026-08-25 04:43:40] [39/98] 八方汽車 | Power Moto Limited | http://www.power-moto.hk/
[2026-08-25 04:43:40]   ↳ 已存在，跳過 (八方汽車-Power-Moto-Limited.html)
[2026-08-25 04:43:40]   ↳ 已存在，跳過 (八方汽車-Power-Moto-Limited.html)
[2026-08-25 04:43:40] [40/98] Flow & Roll Laundry 自助洗衣 (中環 C | https://flowandroll.com/
[2026-08-25 04:43:40] [40/98] Flow & Roll Laundry 自助洗衣 (中環 C | https://flowandroll.com/
[2026-08-25 04:43:40]   ↳ 已存在，跳過 (Flow--Roll-Laundry-自助洗衣-中環-Central.html)
[2026-08-25 04:43:40]   ↳ 已存在，跳過 (Flow--Roll-Laundry-自助洗衣-中環-Central.html)
[2026-08-25 04:43:40] [41/98] 初洗 First Laundry 觀塘24小時自助洗衣店 | https://wa.me/85268716550
[2026-08-25 04:43:40] [41/98] 初洗 First Laundry 觀塘24小時自助洗衣店 | https://wa.me/85268716550
[2026-08-25 04:43:40]   ↳ 已存在，跳過 (初洗-First-Laundry-觀塘24小時自助洗衣店.html)
[2026-08-25 04:43:40]   ↳ 已存在，跳過 (初洗-First-Laundry-觀塘24小時自助洗衣店.html)
[2026-08-25 04:43:40] [42/98] 水漾衣坊 water laundry | https://whalewashmk.hk/
[2026-08-25 04:43:40] [42/98] 水漾衣坊 water laundry | https://whalewashmk.hk/
[2026-08-25 04:43:40]   ↳ 已存在，跳過 (水漾衣坊-water-laundry.html)
[2026-08-25 04:43:40]   ↳ 已存在，跳過 (水漾衣坊-water-laundry.html)
[2026-08-25 04:43:40] [43/98] FLORISTRY by ART OF LIVING | http://www.floristrybyartofliving.com/
[2026-08-25 04:43:40] [43/98] FLORISTRY by ART OF LIVING | http://www.floristrybyartofliving.com/
[2026-08-25 04:43:40]   ↳ 已存在，跳過 (FLORISTRY-by-ART-OF-LIVING.html)
[2026-08-25 04:43:40]   ↳ 已存在，跳過 (FLORISTRY-by-ART-OF-LIVING.html)
[2026-08-25 04:43:40] [44/98] 花籃 450 - Flower 450 | https://flower450.com/
[2026-08-25 04:43:40] [44/98] 花籃 450 - Flower 450 | https://flower450.com/
[2026-08-25 04:43:40]   ↳ 已存在，跳過 (花籃-450---Flower-450.html)
[2026-08-25 04:43:40]   ↳ 已存在，跳過 (花籃-450---Flower-450.html)
[2026-08-25 04:43:40] [45/98] 優之花鋪-U Flower Shop | https://www.uflowershop.com/
[2026-08-25 04:43:40] [45/98] 優之花鋪-U Flower Shop | https://www.uflowershop.com/
[2026-08-25 04:43:40]   ↳ 已存在，跳過 (優之花鋪-U-Flower-Shop.html)
[2026-08-25 04:43:40]   ↳ 已存在，跳過 (優之花鋪-U-Flower-Shop.html)
[2026-08-25 04:43:40] [46/98] Eternal Flora hk | https://www.eternalflorahk.com/
[2026-08-25 04:43:40] [46/98] Eternal Flora hk | https://www.eternalflorahk.com/
[2026-08-25 04:43:40]   ↳ 已存在，跳過 (Eternal-Flora-hk.html)
[2026-08-25 04:43:40]   ↳ 已存在，跳過 (Eternal-Flora-hk.html)
[2026-08-25 04:43:40] [47/98] FDHK - Flower Delivery Hong Ko | https://flowerdeliveryhongkong.com/
[2026-08-25 04:43:40] [47/98] FDHK - Flower Delivery Hong Ko | https://flowerdeliveryhongkong.com/
[2026-08-25 04:43:40]   ↳ 已存在，跳過 (FDHK---Flower-Delivery-Hong-Kong.html)
[2026-08-25 04:43:40]   ↳ 已存在，跳過 (FDHK---Flower-Delivery-Hong-Kong.html)
[2026-08-25 04:43:40] [48/98] Joseph Photo 香港專業攝影工作室 | https://josephphoto.hk/
[2026-08-25 04:43:40] [48/98] Joseph Photo 香港專業攝影工作室 | https://josephphoto.hk/
[2026-08-25 04:43:40]   ↳ 已存在，跳過 (Joseph-Photo-香港專業攝影工作室.html)
[2026-08-25 04:43:40]   ↳ 已存在，跳過 (Joseph-Photo-香港專業攝影工作室.html)
[2026-08-25 04:43:40] [49/98] Majesty Professional Photo殿堂館- | https://www.majestyprofessional.com/
[2026-08-25 04:43:40] [49/98] Majesty Professional Photo殿堂館- | https://www.majestyprofessional.com/
[2026-08-25 04:43:40]   ↳ 已存在，跳過 (Majesty-Professional-Photo殿堂館-專業照首選.html)
[2026-08-25 04:43:40]   ↳ 已存在，跳過 (Majesty-Professional-Photo殿堂館-專業照首選.html)
[2026-08-25 04:43:40] [50/98] Owl Photo Studio 貓頭鷹照相館 | https://www.owlphoto.hk/
[2026-08-25 04:43:40] [50/98] Owl Photo Studio 貓頭鷹照相館 | https://www.owlphoto.hk/
[2026-08-25 04:43:40]   ↳ 已存在，跳過 (Owl-Photo-Studio-貓頭鷹照相館.html)
[2026-08-25 04:43:40]   ↳ 已存在，跳過 (Owl-Photo-Studio-貓頭鷹照相館.html)
[2026-08-25 04:43:40] [51/98] Yat Tung Heen - Eaton HK | https://www.yattungheen.com/
[2026-08-25 04:43:40] [51/98] Yat Tung Heen - Eaton HK | https://www.yattungheen.com/
[2026-08-25 04:43:40]   ↳ 已存在，跳過 (Yat-Tung-Heen---Eaton-HK.html)
[2026-08-25 04:43:40]   ↳ 已存在，跳過 (Yat-Tung-Heen---Eaton-HK.html)
[2026-08-25 04:43:40] [52/98] Hair Quest Hair salon Central | https://www.hairquest-hk.com/
[2026-08-25 04:43:40] [52/98] Hair Quest Hair salon Central | https://www.hairquest-hk.com/
[2026-08-25 04:43:40]   ↳ 已存在，跳過 (Hair-Quest-Hair-salon-Central.html)
[2026-08-25 04:43:40]   ↳ 已存在，跳過 (Hair-Quest-Hair-salon-Central.html)
[2026-08-25 04:43:40] [53/98] 天下猫猫一様猫 | https://www.catiscat.com.hk/
[2026-08-25 04:43:40] [53/98] 天下猫猫一様猫 | https://www.catiscat.com.hk/
[2026-08-25 04:43:40]   ↳ 已存在，跳過 (天下猫猫一様猫.html)
[2026-08-25 04:43:40]   ↳ 已存在，跳過 (天下猫猫一様猫.html)
[2026-08-25 04:43:40] [54/98] Bora beauty | https://bora.hk/
[2026-08-25 04:43:40] [54/98] Bora beauty | https://bora.hk/
[2026-08-25 04:43:40]   ↳ 已存在，跳過 (Bora-beauty.html)
[2026-08-25 04:43:40]   ↳ 已存在，跳過 (Bora-beauty.html)
[2026-08-25 04:43:40] [55/98] Dream Scenes Studio | http://dreamscenesstudio.com/
[2026-08-25 04:43:40] [55/98] Dream Scenes Studio | http://dreamscenesstudio.com/
[2026-08-25 04:43:40]   ↳ 已存在，跳過 (Dream-Scenes-Studio.html)
[2026-08-25 04:43:40]   ↳ 已存在，跳過 (Dream-Scenes-Studio.html)
[2026-08-25 04:43:40] [56/98] Dazzling Smile Dental Clinic 瑩 | https://dazzlingsmiledentalclinic.com/
[2026-08-25 04:43:40] [56/98] Dazzling Smile Dental Clinic 瑩 | https://dazzlingsmiledentalclinic.com/
[2026-08-25 04:43:40]   ↳ 已存在，跳過 (Dazzling-Smile-Dental-Clinic-瑩恩牙科診所.html)
[2026-08-25 04:43:40]   ↳ 已存在，跳過 (Dazzling-Smile-Dental-Clinic-瑩恩牙科診所.html)
[2026-08-25 04:43:40] [57/98] Family Smile Limited | http://www.familysmile.hk/
[2026-08-25 04:43:40] [57/98] Family Smile Limited | http://www.familysmile.hk/
[2026-08-25 04:43:40]   ↳ 已存在，跳過 (Family-Smile-Limited.html)
[2026-08-25 04:43:40]   ↳ 已存在，跳過 (Family-Smile-Limited.html)
[2026-08-25 04:43:40] [58/98] INDULGENCE hair & beauty salon | http://www.indulgence.hk/
[2026-08-25 04:43:40] [58/98] INDULGENCE hair & beauty salon | http://www.indulgence.hk/
[2026-08-25 04:43:40]   ↳ 已存在，跳過 (INDULGENCE-hair--beauty-salon.html)
[2026-08-25 04:43:40]   ↳ 已存在，跳過 (INDULGENCE-hair--beauty-salon.html)
[2026-08-25 04:43:40] [59/98] 花店 | 花束專家 | https://www.flowerbouquet.com.hk/
[2026-08-25 04:43:40] [59/98] 花店 | 花束專家 | https://www.flowerbouquet.com.hk/
[2026-08-25 04:43:40]   ↳ 已存在，跳過 (花店-花束專家.html)
[2026-08-25 04:43:40]   ↳ 已存在，跳過 (花店-花束專家.html)
[2026-08-25 04:43:40] [60/98] 網上訂花 ‧ 送花香港 | Fdhk 最高評分即日網上花店 | https://flowerdeliveryhongkong.com/zh
[2026-08-25 04:43:40] [60/98] 網上訂花 ‧ 送花香港 | Fdhk 最高評分即日網上花店 | https://flowerdeliveryhongkong.com/zh
[2026-08-25 04:43:40]   ↳ 已存在，跳過 (網上訂花--送花香港-Fdhk-最高評分即日網上花店.html)
[2026-08-25 04:43:40]   ↳ 已存在，跳過 (網上訂花--送花香港-Fdhk-最高評分即日網上花店.html)
[2026-08-25 04:43:40] [61/98] Rhine Flowers | https://rhineflowers.com/
[2026-08-25 04:43:40] [61/98] Rhine Flowers | https://rhineflowers.com/
[2026-08-25 04:43:40]   ↳ 已存在，跳過 (Rhine-Flowers.html)
[2026-08-25 04:43:40]   ↳ 已存在，跳過 (Rhine-Flowers.html)
[2026-08-25 04:43:40] [62/98] 香港花店｜網上訂花及送花｜Gift Flowers HK | https://giftflowers.com.hk/cn/
[2026-08-25 04:43:40] [62/98] 香港花店｜網上訂花及送花｜Gift Flowers HK | https://giftflowers.com.hk/cn/
[2026-08-25 04:43:40]   ↳ 已存在，跳過 (香港花店網上訂花及送花Gift-Flowers-HK.html)
[2026-08-25 04:43:40]   ↳ 已存在，跳過 (香港花店網上訂花及送花Gift-Flowers-HK.html)
[2026-08-25 04:43:40] [63/98] Flora Floriculture - 花店 | https://www.floraf.com.hk/
[2026-08-25 04:43:40] [63/98] Flora Floriculture - 花店 | https://www.floraf.com.hk/
[2026-08-25 04:43:40]   ↳ 已存在，跳過 (Flora-Floriculture---花店.html)
[2026-08-25 04:43:40]   ↳ 已存在，跳過 (Flora-Floriculture---花店.html)
[2026-08-25 04:43:40] [64/98] 香港花店 | https://www.mrsliuflorist.com/
[2026-08-25 04:43:40] [64/98] 香港花店 | https://www.mrsliuflorist.com/
[2026-08-25 04:43:40]   ↳ 已存在，跳過 (香港花店.html)
[2026-08-25 04:43:40]   ↳ 已存在，跳過 (香港花店.html)
[2026-08-25 04:43:40] [65/98] 網上花店| 網上訂花 | 即日送花 | HKfashop | https://hkfashop.com/
[2026-08-25 04:43:40] [65/98] 網上花店| 網上訂花 | 即日送花 | HKfashop | https://hkfashop.com/
[2026-08-25 04:43:40]   ↳ 已存在，跳過 (網上花店-網上訂花-即日送花-HKfashop.html)
[2026-08-25 04:43:40]   ↳ 已存在，跳過 (網上花店-網上訂花-即日送花-HKfashop.html)
[2026-08-25 04:43:40] [66/98] 【 送花】 ｜訂花｜Flowerbee Florist訂花束 | https://flowerbee-hk.com/zh
[2026-08-25 04:43:40] [66/98] 【 送花】 ｜訂花｜Flowerbee Florist訂花束 | https://flowerbee-hk.com/zh
[2026-08-25 04:43:40]   ↳ 已存在，跳過 (送花-訂花Flowerbee-Florist訂花束---Flowerbee-HK-Florist.html)
[2026-08-25 04:43:40]   ↳ 已存在，跳過 (送花-訂花Flowerbee-Florist訂花束---Flowerbee-HK-Florist.html)
[2026-08-25 04:43:40] [67/98] 花點時間｜香港旺角花墟實體花店：24小時訂花、鮮花花束、開張 | https://www.reflower.com.hk/
[2026-08-25 04:43:40] [67/98] 花點時間｜香港旺角花墟實體花店：24小時訂花、鮮花花束、開張 | https://www.reflower.com.hk/
[2026-08-25 04:43:40]   ↳ 已存在，跳過 (花點時間香港旺角花墟實體花店24小時訂花鮮花花束開張花籃鮮花批發---花點時間-Reflower.html)
[2026-08-25 04:43:40]   ↳ 已存在，跳過 (花點時間香港旺角花墟實體花店24小時訂花鮮花花束開張花籃鮮花批發---花點時間-Reflower.html)
[2026-08-25 04:43:40] [68/98] 香港花店- 首頁花店推薦 - 我們代表和倡導位於香港島、九龍 | https://zh-hk.hk-florist.org/
[2026-08-25 04:43:40] [68/98] 香港花店- 首頁花店推薦 - 我們代表和倡導位於香港島、九龍 | https://zh-hk.hk-florist.org/
[2026-08-25 04:43:40]   ↳ 已存在，跳過 (香港花店--首頁花店推薦---我們代表和倡導位於香港島九龍和新界的花店以及在線花店和鮮花配送公司.html)
[2026-08-25 04:43:40]   ↳ 已存在，跳過 (香港花店--首頁花店推薦---我們代表和倡導位於香港島九龍和新界的花店以及在線花店和鮮花配送公司.html)
[2026-08-25 04:43:40] [69/98] 有花漾 ZH Flowers | https://www.zh-flowers.com/
[2026-08-25 04:43:40] [69/98] 有花漾 ZH Flowers | https://www.zh-flowers.com/
[2026-08-25 04:43:40]   ↳ 已存在，跳過 (有花漾-ZH-Flowers.html)
[2026-08-25 04:43:40]   ↳ 已存在，跳過 (有花漾-ZH-Flowers.html)
[2026-08-25 04:43:40] [70/98] 花店花生花華 | FaSunflower Florist | https://www.fasunflower.com/
[2026-08-25 04:43:40] [70/98] 花店花生花華 | FaSunflower Florist | https://www.fasunflower.com/
[2026-08-25 04:43:40]   ↳ 已存在，跳過 (花店花生花華-FaSunflower-Florist.html)
[2026-08-25 04:43:40]   ↳ 已存在，跳過 (花店花生花華-FaSunflower-Florist.html)
[2026-08-25 04:43:40] [71/98] 格蘭花店 Grand Floral & Gift Shop | https://grand.com.hk/
[2026-08-25 04:43:40] [71/98] 格蘭花店 Grand Floral & Gift Shop | https://grand.com.hk/
[2026-08-25 04:43:40]   ↳ 已存在，跳過 (格蘭花店-Grand-Floral--Gift-Shop.html)
[2026-08-25 04:43:40]   ↳ 已存在，跳過 (格蘭花店-Grand-Floral--Gift-Shop.html)
[2026-08-25 04:43:40] [72/98] WHY Studio - 上環證件相｜學生相｜專業形象照 | https://www.whystudiohk.com/
[2026-08-25 04:43:40] [72/98] WHY Studio - 上環證件相｜學生相｜專業形象照 | https://www.whystudiohk.com/
[2026-08-25 04:43:40]   ↳ 已存在，跳過 (WHY-Studio---上環證件相學生相專業形象照.html)
[2026-08-25 04:43:40]   ↳ 已存在，跳過 (WHY-Studio---上環證件相學生相專業形象照.html)
[2026-08-25 04:43:40] [73/98] Cat Watt 晴珊猫舎 | http://www.catwatt.com/
[2026-08-25 04:43:40] [73/98] Cat Watt 晴珊猫舎 | http://www.catwatt.com/
[2026-08-25 04:43:40]   ↳ 已存在，跳過 (Cat-Watt-晴珊猫舎.html)
[2026-08-25 04:43:40]   ↳ 已存在，跳過 (Cat-Watt-晴珊猫舎.html)
[2026-08-25 04:43:40] [74/98] 牙齒矯正及兒童齒科中心 (旺角朗豪坊) | Orthodon | https://www.ortho-center.com/
[2026-08-25 04:43:40] [74/98] 牙齒矯正及兒童齒科中心 (旺角朗豪坊) | Orthodon | https://www.ortho-center.com/
[2026-08-25 04:43:40]   ↳ 已存在，跳過 (牙齒矯正及兒童齒科中心-旺角朗豪坊-Orthodontic--Childrens-Dental-Center-Langh.html)
[2026-08-25 04:43:40]   ↳ 已存在，跳過 (牙齒矯正及兒童齒科中心-旺角朗豪坊-Orthodontic--Childrens-Dental-Center-Langh.html)
[2026-08-25 04:43:40] [75/98] HALO Flowers | https://haloflowers.com.hk/zh-hant/
[2026-08-25 04:43:40] [75/98] HALO Flowers | https://haloflowers.com.hk/zh-hant/
[2026-08-25 04:43:40]   ↳ 已存在，跳過 (HALO-Flowers.html)
[2026-08-25 04:43:40]   ↳ 已存在，跳過 (HALO-Flowers.html)
[2026-08-25 04:43:40] [76/98] Pettington 柏靈頓獸醫寵物用品 | https://www.pettington.com/
[2026-08-25 04:43:40] [76/98] Pettington 柏靈頓獸醫寵物用品 | https://www.pettington.com/
[2026-08-25 04:43:40]   ↳ 已存在，跳過 (Pettington-柏靈頓獸醫寵物用品.html)
[2026-08-25 04:43:40]   ↳ 已存在，跳過 (Pettington-柏靈頓獸醫寵物用品.html)
[2026-08-25 04:43:40] [77/98] 皓保牙科診所 Craft Smile Dental Cent | https://zh.drchrischeung.com/
[2026-08-25 04:43:40] [77/98] 皓保牙科診所 Craft Smile Dental Cent | https://zh.drchrischeung.com/
[2026-08-25 04:43:40]   ↳ 已存在，跳過 (皓保牙科診所-Craft-Smile-Dental-Center.html)
[2026-08-25 04:43:40]   ↳ 已存在，跳過 (皓保牙科診所-Craft-Smile-Dental-Center.html)
[2026-08-25 04:43:40] [78/98] Toyota Kowloon Bay Service Cen | https://www.toyota.com.hk/?utm_campaign=gmb&utm_medium=organic&utm_source=local
[2026-08-25 04:43:40] [78/98] Toyota Kowloon Bay Service Cen | https://www.toyota.com.hk/?utm_campaign=gmb&utm_medium=organic&utm_source=local
[2026-08-25 04:43:40]   ↳ 已存在，跳過 (Toyota-Kowloon-Bay-Service-Centre-Mechanical.html)
[2026-08-25 04:43:40]   ↳ 已存在，跳過 (Toyota-Kowloon-Bay-Service-Centre-Mechanical.html)
[2026-08-25 04:43:40] [79/98] Anglo Chinese Florist | http://www.anglochinese.com/
[2026-08-25 04:43:40] [79/98] Anglo Chinese Florist | http://www.anglochinese.com/
[2026-08-25 04:43:40]   ↳ 已存在，跳過 (Anglo-Chinese-Florist.html)
[2026-08-25 04:43:40]   ↳ 已存在，跳過 (Anglo-Chinese-Florist.html)
[2026-08-25 04:43:40] [80/98] Photobi HK 韓式 証件相拍摂工作室 - 湾仔店 | https://photobi.hk/
[2026-08-25 04:43:40] [80/98] Photobi HK 韓式 証件相拍摂工作室 - 湾仔店 | https://photobi.hk/
[2026-08-25 04:43:40]   ↳ 已存在，跳過 (Photobi-HK-韓式-証件相拍摂工作室---湾仔店.html)
[2026-08-25 04:43:40]   ↳ 已存在，跳過 (Photobi-HK-韓式-証件相拍摂工作室---湾仔店.html)
[2026-08-25 04:43:40] [81/98] Advance Pet Food | http://advancepetfood.com/
[2026-08-25 04:43:40] [81/98] Advance Pet Food | http://advancepetfood.com/
[2026-08-25 04:43:40]   ↳ 已存在，跳過 (Advance-Pet-Food.html)
[2026-08-25 04:43:40]   ↳ 已存在，跳過 (Advance-Pet-Food.html)
[2026-08-25 04:43:40] [82/98] Anna Maria Studio | http://annamstudio.com/
[2026-08-25 04:43:40] [82/98] Anna Maria Studio | http://annamstudio.com/
[2026-08-25 04:43:40]   ↳ 已存在，跳過 (Anna-Maria-Studio.html)
[2026-08-25 04:43:40]   ↳ 已存在，跳過 (Anna-Maria-Studio.html)
[2026-08-25 04:43:40] [83/98] 1984 HAIR SALON | https://1984hairsalon.wixsite.com/1984-hairsalon
[2026-08-25 04:43:40] [83/98] 1984 HAIR SALON | https://1984hairsalon.wixsite.com/1984-hairsalon
[2026-08-25 04:43:40]   ↳ 已存在，跳過 (1984-HAIR-SALON.html)
[2026-08-25 04:43:40]   ↳ 已存在，跳過 (1984-HAIR-SALON.html)
[2026-08-25 04:43:40] [84/98] Bulls PPF 専門店 | https://www.ppf.com.hk/
[2026-08-25 04:43:40] [84/98] Bulls PPF 専門店 | https://www.ppf.com.hk/
[2026-08-25 04:43:40]   ↳ 已存在，跳過 (Bulls-PPF-専門店.html)
[2026-08-25 04:43:40]   ↳ 已存在，跳過 (Bulls-PPF-専門店.html)
[2026-08-25 04:43:40] [85/98] LEEKAJA X AMONG Hair Salon Cen | https://www.leekaja.hk/
[2026-08-25 04:43:40] [85/98] LEEKAJA X AMONG Hair Salon Cen | https://www.leekaja.hk/
[2026-08-25 04:43:40]   ↳ 已存在，跳過 (LEEKAJA-X-AMONG-Hair-Salon-Century-Square-in-Hongkong-한국-미용실.html)
[2026-08-25 04:43:40]   ↳ 已存在，跳過 (LEEKAJA-X-AMONG-Hair-Salon-Century-Square-in-Hongkong-한국-미용실.html)
[2026-08-25 04:43:40] [86/98] MEGAPET (Kowloon City Shop) | http://www.megapet.com.hk/
[2026-08-25 04:43:40] [86/98] MEGAPET (Kowloon City Shop) | http://www.megapet.com.hk/
[2026-08-25 04:43:40]   ↳ 已存在，跳過 (MEGAPET-Kowloon-City-Shop.html)
[2026-08-25 04:43:40]   ↳ 已存在，跳過 (MEGAPET-Kowloon-City-Shop.html)
[2026-08-25 04:43:40] [87/98] 仁健牙科 Nixon Dental (太子牙醫/旺角牙醫/洗 | http://www.nixondental.com/
[2026-08-25 04:43:40] [87/98] 仁健牙科 Nixon Dental (太子牙醫/旺角牙醫/洗 | http://www.nixondental.com/
[2026-08-25 04:43:40]   ↳ 已存在，跳過 (仁健牙科-Nixon-Dental-太子牙醫-旺角牙醫-洗牙-補牙-種牙-植牙-杜牙根-智慧齒-箍牙-Invisalig.html)
[2026-08-25 04:43:40]   ↳ 已存在，跳過 (仁健牙科-Nixon-Dental-太子牙醫-旺角牙醫-洗牙-補牙-種牙-植牙-杜牙根-智慧齒-箍牙-Invisalig.html)
[2026-08-25 04:43:40] [88/98] 香港車房及汽車維修 | CarService.hk | https://www.carservice.hk/zh-hk
[2026-08-25 04:43:40] [88/98] 香港車房及汽車維修 | CarService.hk | https://www.carservice.hk/zh-hk
[2026-08-25 04:43:40]   ↳ 已存在，跳過 (香港車房及汽車維修-CarService.hk.html)
[2026-08-25 04:43:40]   ↳ 已存在，跳過 (香港車房及汽車維修-CarService.hk.html)
[2026-08-25 04:43:40] [89/98] 24小時 上門汽車維修保養服務 | https://garage-hk.com/onsite.php
[2026-08-25 04:43:40] [89/98] 24小時 上門汽車維修保養服務 | https://garage-hk.com/onsite.php
[2026-08-25 04:43:40]   ↳ 已存在，跳過 (24小時-上門汽車維修保養服務.html)
[2026-08-25 04:43:40]   ↳ 已存在，跳過 (24小時-上門汽車維修保養服務.html)
[2026-08-25 04:43:40] [90/98] 保養及維修服務 - Dchmsc | https://www.dchmsc.com/zh/maintenance-repair
[2026-08-25 04:43:40] [90/98] 保養及維修服務 - Dchmsc | https://www.dchmsc.com/zh/maintenance-repair
[2026-08-25 04:43:40]   ↳ 已存在，跳過 (保養及維修服務---Dchmsc.html)
[2026-08-25 04:43:40]   ↳ 已存在，跳過 (保養及維修服務---Dchmsc.html)
[2026-08-25 04:43:40] [91/98] Carro Care | https://carro.co/hk/zh-hant-hk/carro-care
[2026-08-25 04:43:40] [91/98] Carro Care | https://carro.co/hk/zh-hant-hk/carro-care
[2026-08-25 04:43:40]   ↳ 已存在，跳過 (Carro-Care.html)
[2026-08-25 04:43:40]   ↳ 已存在，跳過 (Carro-Care.html)
[2026-08-25 04:43:40] [92/98] 車師傅 - 全港認證車師傅總匯 | https://www.mastercar.hk/
[2026-08-25 04:43:40] [92/98] 車師傅 - 全港認證車師傅總匯 | https://www.mastercar.hk/
[2026-08-25 04:43:40]   ↳ 已存在，跳過 (車師傅---全港認證車師傅總匯.html)
[2026-08-25 04:43:40]   ↳ 已存在，跳過 (車師傅---全港認證車師傅總匯.html)
[2026-08-25 04:43:40] [93/98] 堅記車房平台 | https://www.kinkeecar.com/
[2026-08-25 04:43:40] [93/98] 堅記車房平台 | https://www.kinkeecar.com/
[2026-08-25 04:43:41]   ↳ 已存在，跳過 (堅記車房平台.html)
[2026-08-25 04:43:41]   ↳ 已存在，跳過 (堅記車房平台.html)
[2026-08-25 04:43:41] [94/98] 汽車保養及汽車維修 | CarService.hk | https://www.carservice.hk/zh-hk/services/car-servicing
[2026-08-25 04:43:41] [94/98] 汽車保養及汽車維修 | CarService.hk | https://www.carservice.hk/zh-hk/services/car-servicing
[2026-08-25 04:43:41]   ↳ 已存在，跳過 (汽車保養及汽車維修-CarService.hk.html)
[2026-08-25 04:43:41]   ↳ 已存在，跳過 (汽車保養及汽車維修-CarService.hk.html)
[2026-08-25 04:43:41] [95/98] 汽車維修 - Anyone | https://www.anyonehk.com/%E6%B1%BD%E8%BB%8A%E7%B6%AD%E4%BF%AE/
[2026-08-25 04:43:41] [95/98] 汽車維修 - Anyone | https://www.anyonehk.com/%E6%B1%BD%E8%BB%8A%E7%B6%AD%E4%BF%AE/
[2026-08-25 04:43:41]   ↳ 已存在，跳過 (汽車維修---Anyone.html)
[2026-08-25 04:43:41]   ↳ 已存在，跳過 (汽車維修---Anyone.html)
[2026-08-25 04:43:41] [96/98] 香港汽車維修公司名錄 - 新成立/注册及已更改名称的公司名单 | https://hkg.databasesets.com/zh-hant/gongsimingdan/type/Motor_Service
[2026-08-25 04:43:41] [96/98] 香港汽車維修公司名錄 - 新成立/注册及已更改名称的公司名单 | https://hkg.databasesets.com/zh-hant/gongsimingdan/type/Motor_Service
[2026-08-25 04:43:41]   ↳ 已存在，跳過 (香港汽車維修公司名錄---新成立-注册及已更改名称的公司名单.html)
[2026-08-25 04:43:41]   ↳ 已存在，跳過 (香港汽車維修公司名錄---新成立-注册及已更改名称的公司名单.html)
[2026-08-25 04:43:41] [97/98] 汽車服務公司 - Driver.com.hk | https://www.driver.com.hk/service
[2026-08-25 04:43:41] [97/98] 汽車服務公司 - Driver.com.hk | https://www.driver.com.hk/service
[2026-08-25 04:43:41]   ↳ 已存在，跳過 (汽車服務公司---Driver.com.hk.html)
[2026-08-25 04:43:41]   ↳ 已存在，跳過 (汽車服務公司---Driver.com.hk.html)
[2026-08-25 04:43:41] [98/98] 最佳香港花店推介 送花訂花好去處/網上買花 | https://www.timeout.com.hk/hong-kong/hk/%E8%B3%BC%E7%89%A9/%E6%9C%80%E4%BD%B3%E9%A6%99%E6%B8%AF%E8%8A%B1%E5%BA%97%E6%8E%A8%E4%BB%8B-%E9%80%81%E8%8A%B1%E8%A8%82%E8%8A%B1%E5%A5%BD%E5%8E%BB%E8%99%95-%E7%B6%B2%E4%B8%8A%E8%B2%B7%E8%8A%B1
[2026-08-25 04:43:41] [98/98] 最佳香港花店推介 送花訂花好去處/網上買花 | https://www.timeout.com.hk/hong-kong/hk/%E8%B3%BC%E7%89%A9/%E6%9C%80%E4%BD%B3%E9%A6%99%E6%B8%AF%E8%8A%B1%E5%BA%97%E6%8E%A8%E4%BB%8B-%E9%80%81%E8%8A%B1%E8%A8%82%E8%8A%B1%E5%A5%BD%E5%8E%BB%E8%99%95-%E7%B6%B2%E4%B8%8A%E8%B2%B7%E8%8A%B1
[2026-08-25 04:43:41]   ↳ 已存在，跳過 (最佳香港花店推介-送花訂花好去處-網上買花.html)
[2026-08-25 04:43:41]   ↳ 已存在，跳過 (最佳香港花店推介-送花訂花好去處-網上買花.html)
[2026-08-25 04:43:41] == 完成 ==
[2026-08-25 04:43:41] == 完成 ==
[2026-08-25 04:43:41] 成功 98 個，失敗 0 個
[2026-08-25 04:43:41] 成功 98 個，失敗 0 個

── 失敗清單 ──
[2026-08-25 04:43:41] == 開始為 0 間「沒網站但有聯絡」的商家建立一頁式網頁 → /home/ubuntu/.mok/html/project/MokCs ==
[2026-08-25 04:43:41] == 開始為 0 間「沒網站但有聯絡」的商家建立一頁式網頁 → /home/ubuntu/.mok/html/project/MokCs ==
[2026-08-25 04:43:41] == 一頁式網頁完成：0/0 ==
[2026-08-25 04:43:41] == 一頁式網頁完成：0/0 ==
[2026-08-25 05:13:32]   過濾：98 間 → 保留 98 間有 WhatsApp/Email 的商家
[2026-08-25 05:13:32]   過濾：98 間 → 保留 98 間有 WhatsApp/Email 的商家
[2026-08-25 05:13:32] == 開始克隆 98 個商家首頁 → /home/ubuntu/.mok/html/project/MokCs ==
[2026-08-25 05:13:32] == 開始克隆 98 個商家首頁 → /home/ubuntu/.mok/html/project/MokCs ==
[2026-08-25 05:13:32] [1/98] Hutong | https://hutong.com.hk/
[2026-08-25 05:13:32] [1/98] Hutong | https://hutong.com.hk/
[2026-08-25 05:13:32]   ↳ 已存在，跳過 (Hutong.html)
[2026-08-25 05:13:32]   ↳ 已存在，跳過 (Hutong.html)
[2026-08-25 05:13:32] [2/98] The Chairman Restaurant | https://www.thechairmangroup.com/
[2026-08-25 05:13:32] [2/98] The Chairman Restaurant | https://www.thechairmangroup.com/
[2026-08-25 05:13:32]   ↳ 已存在，跳過 (The-Chairman-Restaurant.html)
[2026-08-25 05:13:32]   ↳ 已存在，跳過 (The-Chairman-Restaurant.html)
[2026-08-25 05:13:32] [3/98] 南蛮亭香港店 | http://nanbantei.com.hk/
[2026-08-25 05:13:32] [3/98] 南蛮亭香港店 | http://nanbantei.com.hk/
[2026-08-25 05:13:32]   ↳ 已存在，跳過 (南蛮亭香港店.html)
[2026-08-25 05:13:32]   ↳ 已存在，跳過 (南蛮亭香港店.html)
[2026-08-25 05:13:32] [4/98] 添好運點心專賣店 | https://www.timhowan.com.hk/
[2026-08-25 05:13:32] [4/98] 添好運點心專賣店 | https://www.timhowan.com.hk/
[2026-08-25 05:13:32]   ↳ 已存在，跳過 (添好運點心專賣店.html)
[2026-08-25 05:13:32]   ↳ 已存在，跳過 (添好運點心專賣店.html)
[2026-08-25 05:13:32] [5/98] La Petite Maison (LPM) Hong Ko | https://lpmrestaurants.com/hongkong/
[2026-08-25 05:13:32] [5/98] La Petite Maison (LPM) Hong Ko | https://lpmrestaurants.com/hongkong/
[2026-08-25 05:13:32]   ↳ 已存在，跳過 (La-Petite-Maison-LPM-Hong-Kong.html)
[2026-08-25 05:13:32]   ↳ 已存在，跳過 (La-Petite-Maison-LPM-Hong-Kong.html)
[2026-08-25 05:13:32] [6/98] Glow Hong Kong | https://www.glowspa.hk/
[2026-08-25 05:13:32] [6/98] Glow Hong Kong | https://www.glowspa.hk/
[2026-08-25 05:13:32]   ↳ 已存在，跳過 (Glow-Hong-Kong.html)
[2026-08-25 05:13:32]   ↳ 已存在，跳過 (Glow-Hong-Kong.html)
[2026-08-25 05:13:32] [7/98] Mó The Slow Bloom | https://www.mo-hk.com/
[2026-08-25 05:13:32] [7/98] Mó The Slow Bloom | https://www.mo-hk.com/
[2026-08-25 05:13:32]   ↳ 已存在，跳過 (Mó-The-Slow-Bloom.html)
[2026-08-25 05:13:32]   ↳ 已存在，跳過 (Mó-The-Slow-Bloom.html)
[2026-08-25 05:13:32] [8/98] Lux Medical 医繊美 | https://www.luxbeauty.hk/
[2026-08-25 05:13:32] [8/98] Lux Medical 医繊美 | https://www.luxbeauty.hk/
[2026-08-25 05:13:32]   ↳ 已存在，跳過 (Lux-Medical-医繊美.html)
[2026-08-25 05:13:32]   ↳ 已存在，跳過 (Lux-Medical-医繊美.html)
[2026-08-25 05:13:32] [9/98] 114HAIR | http://www.114hair.com/
[2026-08-25 05:13:32] [9/98] 114HAIR | http://www.114hair.com/
[2026-08-25 05:13:32]   ↳ 已存在，跳過 (114HAIR.html)
[2026-08-25 05:13:32]   ↳ 已存在，跳過 (114HAIR.html)
[2026-08-25 05:13:32] [10/98] Love Hair | http://www.lovehairhk.com/
[2026-08-25 05:13:32] [10/98] Love Hair | http://www.lovehairhk.com/
[2026-08-25 05:13:32]   ↳ 已存在，跳過 (Love-Hair.html)
[2026-08-25 05:13:32]   ↳ 已存在，跳過 (Love-Hair.html)
[2026-08-25 05:13:32] [11/98] TONI&GUY HK | http://www.toniandguyhk.com/
[2026-08-25 05:13:32] [11/98] TONI&GUY HK | http://www.toniandguyhk.com/
[2026-08-25 05:13:32]   ↳ 已存在，跳過 (TONIGUY-HK.html)
[2026-08-25 05:13:32]   ↳ 已存在，跳過 (TONIGUY-HK.html)
[2026-08-25 05:13:32] [12/98] iMPROVE HAiR-尖沙咀salon 尖沙咀剪髮 尖沙 | http://www.ihair.com.hk/
[2026-08-25 05:13:32] [12/98] iMPROVE HAiR-尖沙咀salon 尖沙咀剪髮 尖沙 | http://www.ihair.com.hk/
[2026-08-25 05:13:32]   ↳ 已存在，跳過 (iMPROVE-HAiR-尖沙咀salon-尖沙咀剪髮-尖沙咀髮廊-尖沙咀中藥染髮-尖沙咀假髮-尖沙咀頭皮護理.html)
[2026-08-25 05:13:32]   ↳ 已存在，跳過 (iMPROVE-HAiR-尖沙咀salon-尖沙咀剪髮-尖沙咀髮廊-尖沙咀中藥染髮-尖沙咀假髮-尖沙咀頭皮護理.html)
[2026-08-25 05:13:32] [13/98] 金澱装修工程有限公司 | https://www.palaceengineeringltd.com/
[2026-08-25 05:13:32] [13/98] 金澱装修工程有限公司 | https://www.palaceengineeringltd.com/
[2026-08-25 05:13:32]   ↳ 已存在，跳過 (金澱装修工程有限公司.html)
[2026-08-25 05:13:32]   ↳ 已存在，跳過 (金澱装修工程有限公司.html)
[2026-08-25 05:13:32] [14/98] 鋒主義 - 室內設計公司 | 室內裝修工程 | 工期 報價  | https://www.fungstyle.com.hk/
[2026-08-25 05:13:32] [14/98] 鋒主義 - 室內設計公司 | 室內裝修工程 | 工期 報價  | https://www.fungstyle.com.hk/
[2026-08-25 05:13:32]   ↳ 已存在，跳過 (鋒主義---室內設計公司-室內裝修工程-工期-報價-服務-三大保證.html)
[2026-08-25 05:13:32]   ↳ 已存在，跳過 (鋒主義---室內設計公司-室內裝修工程-工期-報價-服務-三大保證.html)
[2026-08-25 05:13:32] [15/98] 装修兄弟 | http://www.renobro.com.hk/
[2026-08-25 05:13:32] [15/98] 装修兄弟 | http://www.renobro.com.hk/
[2026-08-25 05:13:32]   ↳ 已存在，跳過 (装修兄弟.html)
[2026-08-25 05:13:32]   ↳ 已存在，跳過 (装修兄弟.html)
[2026-08-25 05:13:32] [16/98] 居屋皇 House king | 香港室内設計及装修公司 | http://housekinghk.com/
[2026-08-25 05:13:32] [16/98] 居屋皇 House king | 香港室内設計及装修公司 | http://housekinghk.com/
[2026-08-25 05:13:32]   ↳ 已存在，跳過 (居屋皇-House-king-香港室内設計及装修公司.html)
[2026-08-25 05:13:32]   ↳ 已存在，跳過 (居屋皇-House-king-香港室内設計及装修公司.html)
[2026-08-25 05:13:32] [17/98] Toby 裝修設計平台｜免費裝修報價｜香港裝修公司及室內設計 | https://www.hellotoby.com/zh-hk/id
[2026-08-25 05:13:32] [17/98] Toby 裝修設計平台｜免費裝修報價｜香港裝修公司及室內設計 | https://www.hellotoby.com/zh-hk/id
[2026-08-25 05:13:32]   ↳ 已存在，跳過 (Toby-裝修設計平台免費裝修報價香港裝修公司及室內設計公司.html)
[2026-08-25 05:13:32]   ↳ 已存在，跳過 (Toby-裝修設計平台免費裝修報價香港裝修公司及室內設計公司.html)
[2026-08-25 05:13:32] [18/98] PET HK - Mid Levels Edition | http://pethk.com/
[2026-08-25 05:13:32] [18/98] PET HK - Mid Levels Edition | http://pethk.com/
[2026-08-25 05:13:32]   ↳ 已存在，跳過 (PET-HK---Mid-Levels-Edition.html)
[2026-08-25 05:13:32]   ↳ 已存在，跳過 (PET-HK---Mid-Levels-Edition.html)
[2026-08-25 05:13:32] [19/98] Ruff & Fetch 拉夫寵物生活 (佐敦 Jordan | http://www.ruffandfetch.com/
[2026-08-25 05:13:32] [19/98] Ruff & Fetch 拉夫寵物生活 (佐敦 Jordan | http://www.ruffandfetch.com/
[2026-08-25 05:13:32]   ↳ 已存在，跳過 (Ruff--Fetch-拉夫寵物生活-佐敦-Jordan.html)
[2026-08-25 05:13:32]   ↳ 已存在，跳過 (Ruff--Fetch-拉夫寵物生活-佐敦-Jordan.html)
[2026-08-25 05:13:32] [20/98] HKTA香港導師会 | https://www.hkta.edu.hk/
[2026-08-25 05:13:32] [20/98] HKTA香港導師会 | https://www.hkta.edu.hk/
[2026-08-25 05:13:32]   ↳ 已存在，跳過 (HKTA香港導師会.html)
[2026-08-25 05:13:32]   ↳ 已存在，跳過 (HKTA香港導師会.html)
[2026-08-25 05:13:32] [21/98] 騎士数学 Knight Mathematics - Band | https://knightmaths.edu.hk/
[2026-08-25 05:13:32] [21/98] 騎士数学 Knight Mathematics - Band | https://knightmaths.edu.hk/
[2026-08-25 05:13:32]   ↳ 已存在，跳過 (騎士数学-Knight-Mathematics---Band-1-DSE-数学補習社.html)
[2026-08-25 05:13:32]   ↳ 已存在，跳過 (騎士数学-Knight-Mathematics---Band-1-DSE-数学補習社.html)
[2026-08-25 05:13:32] [22/98] 香港文化教育中心 | https://docs.google.com/forms/d/e/1FAIpQLSdjgsQlR4w8ZgKgE9RgAUPsPwrZzAZpo5SCULDDOgygEdeDnQ/viewform
[2026-08-25 05:13:32] [22/98] 香港文化教育中心 | https://docs.google.com/forms/d/e/1FAIpQLSdjgsQlR4w8ZgKgE9RgAUPsPwrZzAZpo5SCULDDOgygEdeDnQ/viewform
[2026-08-25 05:13:32]   ↳ 已存在，跳過 (香港文化教育中心.html)
[2026-08-25 05:13:32]   ↳ 已存在，跳過 (香港文化教育中心.html)
[2026-08-25 05:13:32] [23/98] GETUTOR 香港導師総会｜上門補習中介平台｜私補導師推介 | https://www.getutor.com.hk/
[2026-08-25 05:13:32] [23/98] GETUTOR 香港導師総会｜上門補習中介平台｜私補導師推介 | https://www.getutor.com.hk/
[2026-08-25 05:13:32]   ↳ 已存在，跳過 (GETUTOR-香港導師総会上門補習中介平台私補導師推介Private-Tutors-AgencyIB-IGCSE-A.html)
[2026-08-25 05:13:32]   ↳ 已存在，跳過 (GETUTOR-香港導師総会上門補習中介平台私補導師推介Private-Tutors-AgencyIB-IGCSE-A.html)
[2026-08-25 05:13:32] [24/98] 英博教学中心 - 数学中文英文補習 - 中小学補習社 | https://eplc.edu.hk/
[2026-08-25 05:13:32] [24/98] 英博教学中心 - 数学中文英文補習 - 中小学補習社 | https://eplc.edu.hk/
[2026-08-25 05:13:32]   ↳ 已存在，跳過 (英博教学中心---数学中文英文補習---中小学補習社.html)
[2026-08-25 05:13:32]   ↳ 已存在，跳過 (英博教学中心---数学中文英文補習---中小学補習社.html)
[2026-08-25 05:13:32] [25/98] 進研教育 - 英文中文数学補習社 | https://joinin-education.com/
[2026-08-25 05:13:32] [25/98] 進研教育 - 英文中文数学補習社 | https://joinin-education.com/
[2026-08-25 05:13:32]   ↳ 已存在，跳過 (進研教育---英文中文数学補習社.html)
[2026-08-25 05:13:32]   ↳ 已存在，跳過 (進研教育---英文中文数学補習社.html)
[2026-08-25 05:13:32] [26/98] 學斯教育(灣仔) | http://hoksi-edu.com/
[2026-08-25 05:13:32] [26/98] 學斯教育(灣仔) | http://hoksi-edu.com/
[2026-08-25 05:13:32]   ↳ 已存在，跳過 (學斯教育灣仔.html)
[2026-08-25 05:13:32]   ↳ 已存在，跳過 (學斯教育灣仔.html)
[2026-08-25 05:13:32] [27/98] 補習社｜学博教育 Learn Smart Education | https://learnsmart.edu.hk/
[2026-08-25 05:13:32] [27/98] 補習社｜学博教育 Learn Smart Education | https://learnsmart.edu.hk/
[2026-08-25 05:13:32]   ↳ 已存在，跳過 (補習社学博教育-Learn-Smart-Education.html)
[2026-08-25 05:13:32]   ↳ 已存在，跳過 (補習社学博教育-Learn-Smart-Education.html)
[2026-08-25 05:13:32] [28/98] 24/7 Fitness Central | http://247.fitness/
[2026-08-25 05:13:32] [28/98] 24/7 Fitness Central | http://247.fitness/
[2026-08-25 05:13:32]   ↳ 已存在，跳過 (24-7-Fitness-Central.html)
[2026-08-25 05:13:32]   ↳ 已存在，跳過 (24-7-Fitness-Central.html)
[2026-08-25 05:13:32] [29/98] 啓弘牙科（旺角店）丨九龍/旺角牙医/智慧歯/箍牙/隠式美/全 | https://omnesdental.com/
[2026-08-25 05:13:32] [29/98] 啓弘牙科（旺角店）丨九龍/旺角牙医/智慧歯/箍牙/隠式美/全 | https://omnesdental.com/
[2026-08-25 05:13:32]   ↳ 已存在，跳過 (啓弘牙科旺角店丨九龍-旺角牙医-智慧歯-箍牙-隠式美-全方位牙科服務-専業治療牙痛-種植牙-補牙-剥牙-洗牙.html)
[2026-08-25 05:13:32]   ↳ 已存在，跳過 (啓弘牙科旺角店丨九龍-旺角牙医-智慧歯-箍牙-隠式美-全方位牙科服務-専業治療牙痛-種植牙-補牙-剥牙-洗牙.html)
[2026-08-25 05:13:32] [30/98] Smith & Jain Dentists 史密夫和鄭牙醫診 | https://smithandjaindentists.com/
[2026-08-25 05:13:32] [30/98] Smith & Jain Dentists 史密夫和鄭牙醫診 | https://smithandjaindentists.com/
[2026-08-25 05:13:32]   ↳ 已存在，跳過 (Smith--Jain-Dentists-史密夫和鄭牙醫診所.html)
[2026-08-25 05:13:32]   ↳ 已存在，跳過 (Smith--Jain-Dentists-史密夫和鄭牙醫診所.html)
[2026-08-25 05:13:32] [31/98] Home Dental (Tsim Sha Tsui Bra | https://homedentalhk.com/cn/contact-us/tst
[2026-08-25 05:13:32] [31/98] Home Dental (Tsim Sha Tsui Bra | https://homedentalhk.com/cn/contact-us/tst
[2026-08-25 05:13:32]   ↳ 已存在，跳過 (Home-Dental-Tsim-Sha-Tsui-Branch.html)
[2026-08-25 05:13:32]   ↳ 已存在，跳過 (Home-Dental-Tsim-Sha-Tsui-Branch.html)
[2026-08-25 05:13:32] [32/98] 伍裕彤牙医 | https://trucaredental.hk/
[2026-08-25 05:13:32] [32/98] 伍裕彤牙医 | https://trucaredental.hk/
[2026-08-25 05:13:32]   ↳ 已存在，跳過 (伍裕彤牙医.html)
[2026-08-25 05:13:32]   ↳ 已存在，跳過 (伍裕彤牙医.html)
[2026-08-25 05:13:32] [33/98] Home Dental | https://homedentalhk.com/cn/contact-us/cwb
[2026-08-25 05:13:32] [33/98] Home Dental | https://homedentalhk.com/cn/contact-us/cwb
[2026-08-25 05:13:32]   ↳ 已存在，跳過 (Home-Dental.html)
[2026-08-25 05:13:32]   ↳ 已存在，跳過 (Home-Dental.html)
[2026-08-25 05:13:32] [34/98] T.O.P Dental by Family Smile L | http://www.topdental.hk/
[2026-08-25 05:13:32] [34/98] T.O.P Dental by Family Smile L | http://www.topdental.hk/
[2026-08-25 05:13:32]   ↳ 已存在，跳過 (T.O.P-Dental-by-Family-Smile-Ltd-香港牙科醫療集團-旺角太子牙醫中心.html)
[2026-08-25 05:13:32]   ↳ 已存在，跳過 (T.O.P-Dental-by-Family-Smile-Ltd-香港牙科醫療集團-旺角太子牙醫中心.html)
[2026-08-25 05:13:32] [35/98] Metro Dental 城健総合牙科医療中心 | https://www.metrodental.com.hk/
[2026-08-25 05:13:32] [35/98] Metro Dental 城健総合牙科医療中心 | https://www.metrodental.com.hk/
[2026-08-25 05:13:32]   ↳ 已存在，跳過 (Metro-Dental-城健総合牙科医療中心.html)
[2026-08-25 05:13:32]   ↳ 已存在，跳過 (Metro-Dental-城健総合牙科医療中心.html)
[2026-08-25 05:13:32] [36/98] 大国手 汽車車身維修 Grand Tycoon Automo | http://grandtycoon.com/
[2026-08-25 05:13:32] [36/98] 大国手 汽車車身維修 Grand Tycoon Automo | http://grandtycoon.com/
[2026-08-25 05:13:32]   ↳ 已存在，跳過 (大国手-汽車車身維修-Grand-Tycoon-Automotive-Repair-Shop.html)
[2026-08-25 05:13:32]   ↳ 已存在，跳過 (大国手-汽車車身維修-Grand-Tycoon-Automotive-Repair-Shop.html)
[2026-08-25 05:13:32] [37/98] AutoMate | Sham Shui Po Shop | https://www.automate-app.com/auto-shop
[2026-08-25 05:13:32] [37/98] AutoMate | Sham Shui Po Shop | https://www.automate-app.com/auto-shop
[2026-08-25 05:13:32]   ↳ 已存在，跳過 (AutoMate-Sham-Shui-Po-Shop.html)
[2026-08-25 05:13:32]   ↳ 已存在，跳過 (AutoMate-Sham-Shui-Po-Shop.html)
[2026-08-25 05:13:32] [38/98] Carol Garage Limited | http://www.carolgarage.com.hk/
[2026-08-25 05:13:32] [38/98] Carol Garage Limited | http://www.carolgarage.com.hk/
[2026-08-25 05:13:32]   ↳ 已存在，跳過 (Carol-Garage-Limited.html)
[2026-08-25 05:13:32]   ↳ 已存在，跳過 (Carol-Garage-Limited.html)
[2026-08-25 05:13:32] [39/98] 八方汽車 | Power Moto Limited | http://www.power-moto.hk/
[2026-08-25 05:13:32] [39/98] 八方汽車 | Power Moto Limited | http://www.power-moto.hk/
[2026-08-25 05:13:32]   ↳ 已存在，跳過 (八方汽車-Power-Moto-Limited.html)
[2026-08-25 05:13:32]   ↳ 已存在，跳過 (八方汽車-Power-Moto-Limited.html)
[2026-08-25 05:13:32] [40/98] Flow & Roll Laundry 自助洗衣 (中環 C | https://flowandroll.com/
[2026-08-25 05:13:32] [40/98] Flow & Roll Laundry 自助洗衣 (中環 C | https://flowandroll.com/
[2026-08-25 05:13:32]   ↳ 已存在，跳過 (Flow--Roll-Laundry-自助洗衣-中環-Central.html)
[2026-08-25 05:13:32]   ↳ 已存在，跳過 (Flow--Roll-Laundry-自助洗衣-中環-Central.html)
[2026-08-25 05:13:32] [41/98] 初洗 First Laundry 觀塘24小時自助洗衣店 | https://wa.me/85268716550
[2026-08-25 05:13:32] [41/98] 初洗 First Laundry 觀塘24小時自助洗衣店 | https://wa.me/85268716550
[2026-08-25 05:13:32]   ↳ 已存在，跳過 (初洗-First-Laundry-觀塘24小時自助洗衣店.html)
[2026-08-25 05:13:32]   ↳ 已存在，跳過 (初洗-First-Laundry-觀塘24小時自助洗衣店.html)
[2026-08-25 05:13:32] [42/98] 水漾衣坊 water laundry | https://whalewashmk.hk/
[2026-08-25 05:13:32] [42/98] 水漾衣坊 water laundry | https://whalewashmk.hk/
[2026-08-25 05:13:32]   ↳ 已存在，跳過 (水漾衣坊-water-laundry.html)
[2026-08-25 05:13:32]   ↳ 已存在，跳過 (水漾衣坊-water-laundry.html)
[2026-08-25 05:13:32] [43/98] FLORISTRY by ART OF LIVING | http://www.floristrybyartofliving.com/
[2026-08-25 05:13:32] [43/98] FLORISTRY by ART OF LIVING | http://www.floristrybyartofliving.com/
[2026-08-25 05:13:32]   ↳ 已存在，跳過 (FLORISTRY-by-ART-OF-LIVING.html)
[2026-08-25 05:13:32]   ↳ 已存在，跳過 (FLORISTRY-by-ART-OF-LIVING.html)
[2026-08-25 05:13:32] [44/98] 花籃 450 - Flower 450 | https://flower450.com/
[2026-08-25 05:13:32] [44/98] 花籃 450 - Flower 450 | https://flower450.com/
[2026-08-25 05:13:32]   ↳ 已存在，跳過 (花籃-450---Flower-450.html)
[2026-08-25 05:13:32]   ↳ 已存在，跳過 (花籃-450---Flower-450.html)
[2026-08-25 05:13:32] [45/98] 優之花鋪-U Flower Shop | https://www.uflowershop.com/
[2026-08-25 05:13:32] [45/98] 優之花鋪-U Flower Shop | https://www.uflowershop.com/
[2026-08-25 05:13:32]   ↳ 已存在，跳過 (優之花鋪-U-Flower-Shop.html)
[2026-08-25 05:13:32]   ↳ 已存在，跳過 (優之花鋪-U-Flower-Shop.html)
[2026-08-25 05:13:32] [46/98] Eternal Flora hk | https://www.eternalflorahk.com/
[2026-08-25 05:13:32] [46/98] Eternal Flora hk | https://www.eternalflorahk.com/
[2026-08-25 05:13:32]   ↳ 已存在，跳過 (Eternal-Flora-hk.html)
[2026-08-25 05:13:32]   ↳ 已存在，跳過 (Eternal-Flora-hk.html)
[2026-08-25 05:13:32] [47/98] FDHK - Flower Delivery Hong Ko | https://flowerdeliveryhongkong.com/
[2026-08-25 05:13:32] [47/98] FDHK - Flower Delivery Hong Ko | https://flowerdeliveryhongkong.com/
[2026-08-25 05:13:32]   ↳ 已存在，跳過 (FDHK---Flower-Delivery-Hong-Kong.html)
[2026-08-25 05:13:32]   ↳ 已存在，跳過 (FDHK---Flower-Delivery-Hong-Kong.html)
[2026-08-25 05:13:32] [48/98] Joseph Photo 香港專業攝影工作室 | https://josephphoto.hk/
[2026-08-25 05:13:32] [48/98] Joseph Photo 香港專業攝影工作室 | https://josephphoto.hk/
[2026-08-25 05:13:32]   ↳ 已存在，跳過 (Joseph-Photo-香港專業攝影工作室.html)
[2026-08-25 05:13:32]   ↳ 已存在，跳過 (Joseph-Photo-香港專業攝影工作室.html)
[2026-08-25 05:13:32] [49/98] Majesty Professional Photo殿堂館- | https://www.majestyprofessional.com/
[2026-08-25 05:13:32] [49/98] Majesty Professional Photo殿堂館- | https://www.majestyprofessional.com/
[2026-08-25 05:13:32]   ↳ 已存在，跳過 (Majesty-Professional-Photo殿堂館-專業照首選.html)
[2026-08-25 05:13:32]   ↳ 已存在，跳過 (Majesty-Professional-Photo殿堂館-專業照首選.html)
[2026-08-25 05:13:32] [50/98] Owl Photo Studio 貓頭鷹照相館 | https://www.owlphoto.hk/
[2026-08-25 05:13:32] [50/98] Owl Photo Studio 貓頭鷹照相館 | https://www.owlphoto.hk/
[2026-08-25 05:13:32]   ↳ 已存在，跳過 (Owl-Photo-Studio-貓頭鷹照相館.html)
[2026-08-25 05:13:32]   ↳ 已存在，跳過 (Owl-Photo-Studio-貓頭鷹照相館.html)
[2026-08-25 05:13:32] [51/98] Yat Tung Heen - Eaton HK | https://www.yattungheen.com/
[2026-08-25 05:13:32] [51/98] Yat Tung Heen - Eaton HK | https://www.yattungheen.com/
[2026-08-25 05:13:32]   ↳ 已存在，跳過 (Yat-Tung-Heen---Eaton-HK.html)
[2026-08-25 05:13:32]   ↳ 已存在，跳過 (Yat-Tung-Heen---Eaton-HK.html)
[2026-08-25 05:13:32] [52/98] Hair Quest Hair salon Central | https://www.hairquest-hk.com/
[2026-08-25 05:13:32] [52/98] Hair Quest Hair salon Central | https://www.hairquest-hk.com/
[2026-08-25 05:13:32]   ↳ 已存在，跳過 (Hair-Quest-Hair-salon-Central.html)
[2026-08-25 05:13:32]   ↳ 已存在，跳過 (Hair-Quest-Hair-salon-Central.html)
[2026-08-25 05:13:32] [53/98] 天下猫猫一様猫 | https://www.catiscat.com.hk/
[2026-08-25 05:13:32] [53/98] 天下猫猫一様猫 | https://www.catiscat.com.hk/
[2026-08-25 05:13:32]   ↳ 已存在，跳過 (天下猫猫一様猫.html)
[2026-08-25 05:13:32]   ↳ 已存在，跳過 (天下猫猫一様猫.html)
[2026-08-25 05:13:32] [54/98] Bora beauty | https://bora.hk/
[2026-08-25 05:13:32] [54/98] Bora beauty | https://bora.hk/
[2026-08-25 05:13:32]   ↳ 已存在，跳過 (Bora-beauty.html)
[2026-08-25 05:13:32]   ↳ 已存在，跳過 (Bora-beauty.html)
[2026-08-25 05:13:32] [55/98] Dream Scenes Studio | http://dreamscenesstudio.com/
[2026-08-25 05:13:32] [55/98] Dream Scenes Studio | http://dreamscenesstudio.com/
[2026-08-25 05:13:32]   ↳ 已存在，跳過 (Dream-Scenes-Studio.html)
[2026-08-25 05:13:32]   ↳ 已存在，跳過 (Dream-Scenes-Studio.html)
[2026-08-25 05:13:32] [56/98] Dazzling Smile Dental Clinic 瑩 | https://dazzlingsmiledentalclinic.com/
[2026-08-25 05:13:32] [56/98] Dazzling Smile Dental Clinic 瑩 | https://dazzlingsmiledentalclinic.com/
[2026-08-25 05:13:32]   ↳ 已存在，跳過 (Dazzling-Smile-Dental-Clinic-瑩恩牙科診所.html)
[2026-08-25 05:13:32]   ↳ 已存在，跳過 (Dazzling-Smile-Dental-Clinic-瑩恩牙科診所.html)
[2026-08-25 05:13:32] [57/98] Family Smile Limited | http://www.familysmile.hk/
[2026-08-25 05:13:32] [57/98] Family Smile Limited | http://www.familysmile.hk/
[2026-08-25 05:13:32]   ↳ 已存在，跳過 (Family-Smile-Limited.html)
[2026-08-25 05:13:32]   ↳ 已存在，跳過 (Family-Smile-Limited.html)
[2026-08-25 05:13:32] [58/98] INDULGENCE hair & beauty salon | http://www.indulgence.hk/
[2026-08-25 05:13:32] [58/98] INDULGENCE hair & beauty salon | http://www.indulgence.hk/
[2026-08-25 05:13:32]   ↳ 已存在，跳過 (INDULGENCE-hair--beauty-salon.html)
[2026-08-25 05:13:32]   ↳ 已存在，跳過 (INDULGENCE-hair--beauty-salon.html)
[2026-08-25 05:13:32] [59/98] 花店 | 花束專家 | https://www.flowerbouquet.com.hk/
[2026-08-25 05:13:32] [59/98] 花店 | 花束專家 | https://www.flowerbouquet.com.hk/
[2026-08-25 05:13:32]   ↳ 已存在，跳過 (花店-花束專家.html)
[2026-08-25 05:13:32]   ↳ 已存在，跳過 (花店-花束專家.html)
[2026-08-25 05:13:32] [60/98] 網上訂花 ‧ 送花香港 | Fdhk 最高評分即日網上花店 | https://flowerdeliveryhongkong.com/zh
[2026-08-25 05:13:32] [60/98] 網上訂花 ‧ 送花香港 | Fdhk 最高評分即日網上花店 | https://flowerdeliveryhongkong.com/zh
[2026-08-25 05:13:32]   ↳ 已存在，跳過 (網上訂花--送花香港-Fdhk-最高評分即日網上花店.html)
[2026-08-25 05:13:32]   ↳ 已存在，跳過 (網上訂花--送花香港-Fdhk-最高評分即日網上花店.html)
[2026-08-25 05:13:32] [61/98] Rhine Flowers | https://rhineflowers.com/
[2026-08-25 05:13:32] [61/98] Rhine Flowers | https://rhineflowers.com/
[2026-08-25 05:13:32]   ↳ 已存在，跳過 (Rhine-Flowers.html)
[2026-08-25 05:13:32]   ↳ 已存在，跳過 (Rhine-Flowers.html)
[2026-08-25 05:13:32] [62/98] 香港花店｜網上訂花及送花｜Gift Flowers HK | https://giftflowers.com.hk/cn/
[2026-08-25 05:13:32] [62/98] 香港花店｜網上訂花及送花｜Gift Flowers HK | https://giftflowers.com.hk/cn/
[2026-08-25 05:13:32]   ↳ 已存在，跳過 (香港花店網上訂花及送花Gift-Flowers-HK.html)
[2026-08-25 05:13:32]   ↳ 已存在，跳過 (香港花店網上訂花及送花Gift-Flowers-HK.html)
[2026-08-25 05:13:32] [63/98] Flora Floriculture - 花店 | https://www.floraf.com.hk/
[2026-08-25 05:13:32] [63/98] Flora Floriculture - 花店 | https://www.floraf.com.hk/
[2026-08-25 05:13:32]   ↳ 已存在，跳過 (Flora-Floriculture---花店.html)
[2026-08-25 05:13:32]   ↳ 已存在，跳過 (Flora-Floriculture---花店.html)
[2026-08-25 05:13:32] [64/98] 香港花店 | https://www.mrsliuflorist.com/
[2026-08-25 05:13:32] [64/98] 香港花店 | https://www.mrsliuflorist.com/
[2026-08-25 05:13:32]   ↳ 已存在，跳過 (香港花店.html)
[2026-08-25 05:13:32]   ↳ 已存在，跳過 (香港花店.html)
[2026-08-25 05:13:32] [65/98] 網上花店| 網上訂花 | 即日送花 | HKfashop | https://hkfashop.com/
[2026-08-25 05:13:32] [65/98] 網上花店| 網上訂花 | 即日送花 | HKfashop | https://hkfashop.com/
[2026-08-25 05:13:32]   ↳ 已存在，跳過 (網上花店-網上訂花-即日送花-HKfashop.html)
[2026-08-25 05:13:32]   ↳ 已存在，跳過 (網上花店-網上訂花-即日送花-HKfashop.html)
[2026-08-25 05:13:32] [66/98] 【 送花】 ｜訂花｜Flowerbee Florist訂花束 | https://flowerbee-hk.com/zh
[2026-08-25 05:13:32] [66/98] 【 送花】 ｜訂花｜Flowerbee Florist訂花束 | https://flowerbee-hk.com/zh
[2026-08-25 05:13:32]   ↳ 已存在，跳過 (送花-訂花Flowerbee-Florist訂花束---Flowerbee-HK-Florist.html)
[2026-08-25 05:13:32]   ↳ 已存在，跳過 (送花-訂花Flowerbee-Florist訂花束---Flowerbee-HK-Florist.html)
[2026-08-25 05:13:32] [67/98] 花點時間｜香港旺角花墟實體花店：24小時訂花、鮮花花束、開張 | https://www.reflower.com.hk/
[2026-08-25 05:13:32] [67/98] 花點時間｜香港旺角花墟實體花店：24小時訂花、鮮花花束、開張 | https://www.reflower.com.hk/
[2026-08-25 05:13:32]   ↳ 已存在，跳過 (花點時間香港旺角花墟實體花店24小時訂花鮮花花束開張花籃鮮花批發---花點時間-Reflower.html)
[2026-08-25 05:13:32]   ↳ 已存在，跳過 (花點時間香港旺角花墟實體花店24小時訂花鮮花花束開張花籃鮮花批發---花點時間-Reflower.html)
[2026-08-25 05:13:32] [68/98] 香港花店- 首頁花店推薦 - 我們代表和倡導位於香港島、九龍 | https://zh-hk.hk-florist.org/
[2026-08-25 05:13:32] [68/98] 香港花店- 首頁花店推薦 - 我們代表和倡導位於香港島、九龍 | https://zh-hk.hk-florist.org/
[2026-08-25 05:13:32]   ↳ 已存在，跳過 (香港花店--首頁花店推薦---我們代表和倡導位於香港島九龍和新界的花店以及在線花店和鮮花配送公司.html)
[2026-08-25 05:13:32]   ↳ 已存在，跳過 (香港花店--首頁花店推薦---我們代表和倡導位於香港島九龍和新界的花店以及在線花店和鮮花配送公司.html)
[2026-08-25 05:13:32] [69/98] 有花漾 ZH Flowers | https://www.zh-flowers.com/
[2026-08-25 05:13:32] [69/98] 有花漾 ZH Flowers | https://www.zh-flowers.com/
[2026-08-25 05:13:32]   ↳ 已存在，跳過 (有花漾-ZH-Flowers.html)
[2026-08-25 05:13:32]   ↳ 已存在，跳過 (有花漾-ZH-Flowers.html)
[2026-08-25 05:13:32] [70/98] 花店花生花華 | FaSunflower Florist | https://www.fasunflower.com/
[2026-08-25 05:13:32] [70/98] 花店花生花華 | FaSunflower Florist | https://www.fasunflower.com/
[2026-08-25 05:13:32]   ↳ 已存在，跳過 (花店花生花華-FaSunflower-Florist.html)
[2026-08-25 05:13:32]   ↳ 已存在，跳過 (花店花生花華-FaSunflower-Florist.html)
[2026-08-25 05:13:32] [71/98] 格蘭花店 Grand Floral & Gift Shop | https://grand.com.hk/
[2026-08-25 05:13:32] [71/98] 格蘭花店 Grand Floral & Gift Shop | https://grand.com.hk/
[2026-08-25 05:13:32]   ↳ 已存在，跳過 (格蘭花店-Grand-Floral--Gift-Shop.html)
[2026-08-25 05:13:32]   ↳ 已存在，跳過 (格蘭花店-Grand-Floral--Gift-Shop.html)
[2026-08-25 05:13:32] [72/98] WHY Studio - 上環證件相｜學生相｜專業形象照 | https://www.whystudiohk.com/
[2026-08-25 05:13:32] [72/98] WHY Studio - 上環證件相｜學生相｜專業形象照 | https://www.whystudiohk.com/
[2026-08-25 05:13:32]   ↳ 已存在，跳過 (WHY-Studio---上環證件相學生相專業形象照.html)
[2026-08-25 05:13:32]   ↳ 已存在，跳過 (WHY-Studio---上環證件相學生相專業形象照.html)
[2026-08-25 05:13:32] [73/98] Cat Watt 晴珊猫舎 | http://www.catwatt.com/
[2026-08-25 05:13:32] [73/98] Cat Watt 晴珊猫舎 | http://www.catwatt.com/
[2026-08-25 05:13:32]   ↳ 已存在，跳過 (Cat-Watt-晴珊猫舎.html)
[2026-08-25 05:13:32]   ↳ 已存在，跳過 (Cat-Watt-晴珊猫舎.html)
[2026-08-25 05:13:32] [74/98] 牙齒矯正及兒童齒科中心 (旺角朗豪坊) | Orthodon | https://www.ortho-center.com/
[2026-08-25 05:13:32] [74/98] 牙齒矯正及兒童齒科中心 (旺角朗豪坊) | Orthodon | https://www.ortho-center.com/
[2026-08-25 05:13:32]   ↳ 已存在，跳過 (牙齒矯正及兒童齒科中心-旺角朗豪坊-Orthodontic--Childrens-Dental-Center-Langh.html)
[2026-08-25 05:13:32]   ↳ 已存在，跳過 (牙齒矯正及兒童齒科中心-旺角朗豪坊-Orthodontic--Childrens-Dental-Center-Langh.html)
[2026-08-25 05:13:32] [75/98] HALO Flowers | https://haloflowers.com.hk/zh-hant/
[2026-08-25 05:13:32] [75/98] HALO Flowers | https://haloflowers.com.hk/zh-hant/
[2026-08-25 05:13:32]   ↳ 已存在，跳過 (HALO-Flowers.html)
[2026-08-25 05:13:32]   ↳ 已存在，跳過 (HALO-Flowers.html)
[2026-08-25 05:13:32] [76/98] Pettington 柏靈頓獸醫寵物用品 | https://www.pettington.com/
[2026-08-25 05:13:32] [76/98] Pettington 柏靈頓獸醫寵物用品 | https://www.pettington.com/
[2026-08-25 05:13:32]   ↳ 已存在，跳過 (Pettington-柏靈頓獸醫寵物用品.html)
[2026-08-25 05:13:32]   ↳ 已存在，跳過 (Pettington-柏靈頓獸醫寵物用品.html)
[2026-08-25 05:13:32] [77/98] 皓保牙科診所 Craft Smile Dental Cent | https://zh.drchrischeung.com/
[2026-08-25 05:13:32] [77/98] 皓保牙科診所 Craft Smile Dental Cent | https://zh.drchrischeung.com/
[2026-08-25 05:13:32]   ↳ 已存在，跳過 (皓保牙科診所-Craft-Smile-Dental-Center.html)
[2026-08-25 05:13:32]   ↳ 已存在，跳過 (皓保牙科診所-Craft-Smile-Dental-Center.html)
[2026-08-25 05:13:32] [78/98] Toyota Kowloon Bay Service Cen | https://www.toyota.com.hk/?utm_campaign=gmb&utm_medium=organic&utm_source=local
[2026-08-25 05:13:32] [78/98] Toyota Kowloon Bay Service Cen | https://www.toyota.com.hk/?utm_campaign=gmb&utm_medium=organic&utm_source=local
[2026-08-25 05:13:32]   ↳ 已存在，跳過 (Toyota-Kowloon-Bay-Service-Centre-Mechanical.html)
[2026-08-25 05:13:32]   ↳ 已存在，跳過 (Toyota-Kowloon-Bay-Service-Centre-Mechanical.html)
[2026-08-25 05:13:32] [79/98] Anglo Chinese Florist | http://www.anglochinese.com/
[2026-08-25 05:13:32] [79/98] Anglo Chinese Florist | http://www.anglochinese.com/
[2026-08-25 05:13:32]   ↳ 已存在，跳過 (Anglo-Chinese-Florist.html)
[2026-08-25 05:13:32]   ↳ 已存在，跳過 (Anglo-Chinese-Florist.html)
[2026-08-25 05:13:32] [80/98] Photobi HK 韓式 証件相拍摂工作室 - 湾仔店 | https://photobi.hk/
[2026-08-25 05:13:32] [80/98] Photobi HK 韓式 証件相拍摂工作室 - 湾仔店 | https://photobi.hk/
[2026-08-25 05:13:32]   ↳ 已存在，跳過 (Photobi-HK-韓式-証件相拍摂工作室---湾仔店.html)
[2026-08-25 05:13:32]   ↳ 已存在，跳過 (Photobi-HK-韓式-証件相拍摂工作室---湾仔店.html)
[2026-08-25 05:13:32] [81/98] Advance Pet Food | http://advancepetfood.com/
[2026-08-25 05:13:32] [81/98] Advance Pet Food | http://advancepetfood.com/
[2026-08-25 05:13:32]   ↳ 已存在，跳過 (Advance-Pet-Food.html)
[2026-08-25 05:13:32]   ↳ 已存在，跳過 (Advance-Pet-Food.html)
[2026-08-25 05:13:32] [82/98] Anna Maria Studio | http://annamstudio.com/
[2026-08-25 05:13:32] [82/98] Anna Maria Studio | http://annamstudio.com/
[2026-08-25 05:13:32]   ↳ 已存在，跳過 (Anna-Maria-Studio.html)
[2026-08-25 05:13:32]   ↳ 已存在，跳過 (Anna-Maria-Studio.html)
[2026-08-25 05:13:32] [83/98] 1984 HAIR SALON | https://1984hairsalon.wixsite.com/1984-hairsalon
[2026-08-25 05:13:32] [83/98] 1984 HAIR SALON | https://1984hairsalon.wixsite.com/1984-hairsalon
[2026-08-25 05:13:32]   ↳ 已存在，跳過 (1984-HAIR-SALON.html)
[2026-08-25 05:13:32]   ↳ 已存在，跳過 (1984-HAIR-SALON.html)
[2026-08-25 05:13:32] [84/98] Bulls PPF 専門店 | https://www.ppf.com.hk/
[2026-08-25 05:13:32] [84/98] Bulls PPF 専門店 | https://www.ppf.com.hk/
[2026-08-25 05:13:32]   ↳ 已存在，跳過 (Bulls-PPF-専門店.html)
[2026-08-25 05:13:32]   ↳ 已存在，跳過 (Bulls-PPF-専門店.html)
[2026-08-25 05:13:32] [85/98] LEEKAJA X AMONG Hair Salon Cen | https://www.leekaja.hk/
[2026-08-25 05:13:32] [85/98] LEEKAJA X AMONG Hair Salon Cen | https://www.leekaja.hk/
[2026-08-25 05:13:32]   ↳ 已存在，跳過 (LEEKAJA-X-AMONG-Hair-Salon-Century-Square-in-Hongkong-한국-미용실.html)
[2026-08-25 05:13:32]   ↳ 已存在，跳過 (LEEKAJA-X-AMONG-Hair-Salon-Century-Square-in-Hongkong-한국-미용실.html)
[2026-08-25 05:13:32] [86/98] MEGAPET (Kowloon City Shop) | http://www.megapet.com.hk/
[2026-08-25 05:13:32] [86/98] MEGAPET (Kowloon City Shop) | http://www.megapet.com.hk/
[2026-08-25 05:13:32]   ↳ 已存在，跳過 (MEGAPET-Kowloon-City-Shop.html)
[2026-08-25 05:13:32]   ↳ 已存在，跳過 (MEGAPET-Kowloon-City-Shop.html)
[2026-08-25 05:13:32] [87/98] 仁健牙科 Nixon Dental (太子牙醫/旺角牙醫/洗 | http://www.nixondental.com/
[2026-08-25 05:13:32] [87/98] 仁健牙科 Nixon Dental (太子牙醫/旺角牙醫/洗 | http://www.nixondental.com/
[2026-08-25 05:13:32]   ↳ 已存在，跳過 (仁健牙科-Nixon-Dental-太子牙醫-旺角牙醫-洗牙-補牙-種牙-植牙-杜牙根-智慧齒-箍牙-Invisalig.html)
[2026-08-25 05:13:32]   ↳ 已存在，跳過 (仁健牙科-Nixon-Dental-太子牙醫-旺角牙醫-洗牙-補牙-種牙-植牙-杜牙根-智慧齒-箍牙-Invisalig.html)
[2026-08-25 05:13:32] [88/98] 香港車房及汽車維修 | CarService.hk | https://www.carservice.hk/zh-hk
[2026-08-25 05:13:32] [88/98] 香港車房及汽車維修 | CarService.hk | https://www.carservice.hk/zh-hk
[2026-08-25 05:13:32]   ↳ 已存在，跳過 (香港車房及汽車維修-CarService.hk.html)
[2026-08-25 05:13:32]   ↳ 已存在，跳過 (香港車房及汽車維修-CarService.hk.html)
[2026-08-25 05:13:32] [89/98] 24小時 上門汽車維修保養服務 | https://garage-hk.com/onsite.php
[2026-08-25 05:13:32] [89/98] 24小時 上門汽車維修保養服務 | https://garage-hk.com/onsite.php
[2026-08-25 05:13:32]   ↳ 已存在，跳過 (24小時-上門汽車維修保養服務.html)
[2026-08-25 05:13:32]   ↳ 已存在，跳過 (24小時-上門汽車維修保養服務.html)
[2026-08-25 05:13:32] [90/98] 保養及維修服務 - Dchmsc | https://www.dchmsc.com/zh/maintenance-repair
[2026-08-25 05:13:32] [90/98] 保養及維修服務 - Dchmsc | https://www.dchmsc.com/zh/maintenance-repair
[2026-08-25 05:13:32]   ↳ 已存在，跳過 (保養及維修服務---Dchmsc.html)
[2026-08-25 05:13:32]   ↳ 已存在，跳過 (保養及維修服務---Dchmsc.html)
[2026-08-25 05:13:32] [91/98] Carro Care | https://carro.co/hk/zh-hant-hk/carro-care
[2026-08-25 05:13:32] [91/98] Carro Care | https://carro.co/hk/zh-hant-hk/carro-care
[2026-08-25 05:13:32]   ↳ 已存在，跳過 (Carro-Care.html)
[2026-08-25 05:13:32]   ↳ 已存在，跳過 (Carro-Care.html)
[2026-08-25 05:13:32] [92/98] 車師傅 - 全港認證車師傅總匯 | https://www.mastercar.hk/
[2026-08-25 05:13:32] [92/98] 車師傅 - 全港認證車師傅總匯 | https://www.mastercar.hk/
[2026-08-25 05:13:32]   ↳ 已存在，跳過 (車師傅---全港認證車師傅總匯.html)
[2026-08-25 05:13:32]   ↳ 已存在，跳過 (車師傅---全港認證車師傅總匯.html)
[2026-08-25 05:13:32] [93/98] 堅記車房平台 | https://www.kinkeecar.com/
[2026-08-25 05:13:32] [93/98] 堅記車房平台 | https://www.kinkeecar.com/
[2026-08-25 05:13:32]   ↳ 已存在，跳過 (堅記車房平台.html)
[2026-08-25 05:13:32]   ↳ 已存在，跳過 (堅記車房平台.html)
[2026-08-25 05:13:32] [94/98] 汽車保養及汽車維修 | CarService.hk | https://www.carservice.hk/zh-hk/services/car-servicing
[2026-08-25 05:13:32] [94/98] 汽車保養及汽車維修 | CarService.hk | https://www.carservice.hk/zh-hk/services/car-servicing
[2026-08-25 05:13:32]   ↳ 已存在，跳過 (汽車保養及汽車維修-CarService.hk.html)
[2026-08-25 05:13:32]   ↳ 已存在，跳過 (汽車保養及汽車維修-CarService.hk.html)
[2026-08-25 05:13:32] [95/98] 汽車維修 - Anyone | https://www.anyonehk.com/%E6%B1%BD%E8%BB%8A%E7%B6%AD%E4%BF%AE/
[2026-08-25 05:13:32] [95/98] 汽車維修 - Anyone | https://www.anyonehk.com/%E6%B1%BD%E8%BB%8A%E7%B6%AD%E4%BF%AE/
[2026-08-25 05:13:32]   ↳ 已存在，跳過 (汽車維修---Anyone.html)
[2026-08-25 05:13:32]   ↳ 已存在，跳過 (汽車維修---Anyone.html)
[2026-08-25 05:13:32] [96/98] 香港汽車維修公司名錄 - 新成立/注册及已更改名称的公司名单 | https://hkg.databasesets.com/zh-hant/gongsimingdan/type/Motor_Service
[2026-08-25 05:13:32] [96/98] 香港汽車維修公司名錄 - 新成立/注册及已更改名称的公司名单 | https://hkg.databasesets.com/zh-hant/gongsimingdan/type/Motor_Service
[2026-08-25 05:13:32]   ↳ 已存在，跳過 (香港汽車維修公司名錄---新成立-注册及已更改名称的公司名单.html)
[2026-08-25 05:13:32]   ↳ 已存在，跳過 (香港汽車維修公司名錄---新成立-注册及已更改名称的公司名单.html)
[2026-08-25 05:13:32] [97/98] 汽車服務公司 - Driver.com.hk | https://www.driver.com.hk/service
[2026-08-25 05:13:32] [97/98] 汽車服務公司 - Driver.com.hk | https://www.driver.com.hk/service
[2026-08-25 05:13:32]   ↳ 已存在，跳過 (汽車服務公司---Driver.com.hk.html)
[2026-08-25 05:13:32]   ↳ 已存在，跳過 (汽車服務公司---Driver.com.hk.html)
[2026-08-25 05:13:32] [98/98] 最佳香港花店推介 送花訂花好去處/網上買花 | https://www.timeout.com.hk/hong-kong/hk/%E8%B3%BC%E7%89%A9/%E6%9C%80%E4%BD%B3%E9%A6%99%E6%B8%AF%E8%8A%B1%E5%BA%97%E6%8E%A8%E4%BB%8B-%E9%80%81%E8%8A%B1%E8%A8%82%E8%8A%B1%E5%A5%BD%E5%8E%BB%E8%99%95-%E7%B6%B2%E4%B8%8A%E8%B2%B7%E8%8A%B1
[2026-08-25 05:13:32] [98/98] 最佳香港花店推介 送花訂花好去處/網上買花 | https://www.timeout.com.hk/hong-kong/hk/%E8%B3%BC%E7%89%A9/%E6%9C%80%E4%BD%B3%E9%A6%99%E6%B8%AF%E8%8A%B1%E5%BA%97%E6%8E%A8%E4%BB%8B-%E9%80%81%E8%8A%B1%E8%A8%82%E8%8A%B1%E5%A5%BD%E5%8E%BB%E8%99%95-%E7%B6%B2%E4%B8%8A%E8%B2%B7%E8%8A%B1
[2026-08-25 05:13:32]   ↳ 已存在，跳過 (最佳香港花店推介-送花訂花好去處-網上買花.html)
[2026-08-25 05:13:32]   ↳ 已存在，跳過 (最佳香港花店推介-送花訂花好去處-網上買花.html)
[2026-08-25 05:13:32] == 完成 ==
[2026-08-25 05:13:32] == 完成 ==
[2026-08-25 05:13:32] 成功 98 個，失敗 0 個
[2026-08-25 05:13:32] 成功 98 個，失敗 0 個

── 失敗清單 ──
[2026-08-25 05:13:32] == 開始為 0 間「沒網站但有聯絡」的商家建立一頁式網頁 → /home/ubuntu/.mok/html/project/MokCs ==
[2026-08-25 05:13:32] == 開始為 0 間「沒網站但有聯絡」的商家建立一頁式網頁 → /home/ubuntu/.mok/html/project/MokCs ==
[2026-08-25 05:13:32] == 一頁式網頁完成：0/0 ==
[2026-08-25 05:13:32] == 一頁式網頁完成：0/0 ==
[2026-08-25 05:47:13]   過濾：100 間 → 保留 100 間有 WhatsApp/Email 的商家
[2026-08-25 05:47:13]   過濾：100 間 → 保留 100 間有 WhatsApp/Email 的商家
[2026-08-25 05:47:13] == 開始克隆 100 個商家首頁 → /home/ubuntu/.mok/html/project/MokCs ==
[2026-08-25 05:47:13] == 開始克隆 100 個商家首頁 → /home/ubuntu/.mok/html/project/MokCs ==
[2026-08-25 05:47:13] [1/100] Hutong | https://hutong.com.hk/
[2026-08-25 05:47:13] [1/100] Hutong | https://hutong.com.hk/
[2026-08-25 05:47:13]   ↳ 已存在，跳過 (Hutong.html)
[2026-08-25 05:47:13]   ↳ 已存在，跳過 (Hutong.html)
[2026-08-25 05:47:13] [2/100] The Chairman Restaurant | https://www.thechairmangroup.com/
[2026-08-25 05:47:13] [2/100] The Chairman Restaurant | https://www.thechairmangroup.com/
[2026-08-25 05:47:13]   ↳ 已存在，跳過 (The-Chairman-Restaurant.html)
[2026-08-25 05:47:13]   ↳ 已存在，跳過 (The-Chairman-Restaurant.html)
[2026-08-25 05:47:13] [3/100] 南蛮亭香港店 | http://nanbantei.com.hk/
[2026-08-25 05:47:13] [3/100] 南蛮亭香港店 | http://nanbantei.com.hk/
[2026-08-25 05:47:13]   ↳ 已存在，跳過 (南蛮亭香港店.html)
[2026-08-25 05:47:13]   ↳ 已存在，跳過 (南蛮亭香港店.html)
[2026-08-25 05:47:13] [4/100] 添好運點心專賣店 | https://www.timhowan.com.hk/
[2026-08-25 05:47:13] [4/100] 添好運點心專賣店 | https://www.timhowan.com.hk/
[2026-08-25 05:47:13]   ↳ 已存在，跳過 (添好運點心專賣店.html)
[2026-08-25 05:47:13]   ↳ 已存在，跳過 (添好運點心專賣店.html)
[2026-08-25 05:47:13] [5/100] La Petite Maison (LPM) Hong Ko | https://lpmrestaurants.com/hongkong/
[2026-08-25 05:47:13] [5/100] La Petite Maison (LPM) Hong Ko | https://lpmrestaurants.com/hongkong/
[2026-08-25 05:47:13]   ↳ 已存在，跳過 (La-Petite-Maison-LPM-Hong-Kong.html)
[2026-08-25 05:47:13]   ↳ 已存在，跳過 (La-Petite-Maison-LPM-Hong-Kong.html)
[2026-08-25 05:47:13] [6/100] Glow Hong Kong | https://www.glowspa.hk/
[2026-08-25 05:47:13] [6/100] Glow Hong Kong | https://www.glowspa.hk/
[2026-08-25 05:47:13]   ↳ 已存在，跳過 (Glow-Hong-Kong.html)
[2026-08-25 05:47:13]   ↳ 已存在，跳過 (Glow-Hong-Kong.html)
[2026-08-25 05:47:13] [7/100] Mó The Slow Bloom | https://www.mo-hk.com/
[2026-08-25 05:47:13] [7/100] Mó The Slow Bloom | https://www.mo-hk.com/
[2026-08-25 05:47:13]   ↳ 已存在，跳過 (Mó-The-Slow-Bloom.html)
[2026-08-25 05:47:13]   ↳ 已存在，跳過 (Mó-The-Slow-Bloom.html)
[2026-08-25 05:47:13] [8/100] Lux Medical 医繊美 | https://www.luxbeauty.hk/
[2026-08-25 05:47:13] [8/100] Lux Medical 医繊美 | https://www.luxbeauty.hk/
[2026-08-25 05:47:13]   ↳ 已存在，跳過 (Lux-Medical-医繊美.html)
[2026-08-25 05:47:13]   ↳ 已存在，跳過 (Lux-Medical-医繊美.html)
[2026-08-25 05:47:13] [9/100] 114HAIR | http://www.114hair.com/
[2026-08-25 05:47:13] [9/100] 114HAIR | http://www.114hair.com/
[2026-08-25 05:47:13]   ↳ 已存在，跳過 (114HAIR.html)
[2026-08-25 05:47:13]   ↳ 已存在，跳過 (114HAIR.html)
[2026-08-25 05:47:13] [10/100] Love Hair | http://www.lovehairhk.com/
[2026-08-25 05:47:13] [10/100] Love Hair | http://www.lovehairhk.com/
[2026-08-25 05:47:13]   ↳ 已存在，跳過 (Love-Hair.html)
[2026-08-25 05:47:13]   ↳ 已存在，跳過 (Love-Hair.html)
[2026-08-25 05:47:13] [11/100] TONI&GUY HK | http://www.toniandguyhk.com/
[2026-08-25 05:47:13] [11/100] TONI&GUY HK | http://www.toniandguyhk.com/
[2026-08-25 05:47:13]   ↳ 已存在，跳過 (TONIGUY-HK.html)
[2026-08-25 05:47:13]   ↳ 已存在，跳過 (TONIGUY-HK.html)
[2026-08-25 05:47:13] [12/100] iMPROVE HAiR-尖沙咀salon 尖沙咀剪髮 尖沙 | http://www.ihair.com.hk/
[2026-08-25 05:47:13] [12/100] iMPROVE HAiR-尖沙咀salon 尖沙咀剪髮 尖沙 | http://www.ihair.com.hk/
[2026-08-25 05:47:13]   ↳ 已存在，跳過 (iMPROVE-HAiR-尖沙咀salon-尖沙咀剪髮-尖沙咀髮廊-尖沙咀中藥染髮-尖沙咀假髮-尖沙咀頭皮護理.html)
[2026-08-25 05:47:13]   ↳ 已存在，跳過 (iMPROVE-HAiR-尖沙咀salon-尖沙咀剪髮-尖沙咀髮廊-尖沙咀中藥染髮-尖沙咀假髮-尖沙咀頭皮護理.html)
[2026-08-25 05:47:13] [13/100] 金澱装修工程有限公司 | https://www.palaceengineeringltd.com/
[2026-08-25 05:47:13] [13/100] 金澱装修工程有限公司 | https://www.palaceengineeringltd.com/
[2026-08-25 05:47:13]   ↳ 已存在，跳過 (金澱装修工程有限公司.html)
[2026-08-25 05:47:13]   ↳ 已存在，跳過 (金澱装修工程有限公司.html)
[2026-08-25 05:47:13] [14/100] 鋒主義 - 室內設計公司 | 室內裝修工程 | 工期 報價  | https://www.fungstyle.com.hk/
[2026-08-25 05:47:13] [14/100] 鋒主義 - 室內設計公司 | 室內裝修工程 | 工期 報價  | https://www.fungstyle.com.hk/
[2026-08-25 05:47:13]   ↳ 已存在，跳過 (鋒主義---室內設計公司-室內裝修工程-工期-報價-服務-三大保證.html)
[2026-08-25 05:47:13]   ↳ 已存在，跳過 (鋒主義---室內設計公司-室內裝修工程-工期-報價-服務-三大保證.html)
[2026-08-25 05:47:13] [15/100] 装修兄弟 | http://www.renobro.com.hk/
[2026-08-25 05:47:13] [15/100] 装修兄弟 | http://www.renobro.com.hk/
[2026-08-25 05:47:13]   ↳ 已存在，跳過 (装修兄弟.html)
[2026-08-25 05:47:13]   ↳ 已存在，跳過 (装修兄弟.html)
[2026-08-25 05:47:13] [16/100] 居屋皇 House king | 香港室内設計及装修公司 | http://housekinghk.com/
[2026-08-25 05:47:13] [16/100] 居屋皇 House king | 香港室内設計及装修公司 | http://housekinghk.com/
[2026-08-25 05:47:13]   ↳ 已存在，跳過 (居屋皇-House-king-香港室内設計及装修公司.html)
[2026-08-25 05:47:13]   ↳ 已存在，跳過 (居屋皇-House-king-香港室内設計及装修公司.html)
[2026-08-25 05:47:13] [17/100] Toby 裝修設計平台｜免費裝修報價｜香港裝修公司及室內設計 | https://www.hellotoby.com/zh-hk/id
[2026-08-25 05:47:13] [17/100] Toby 裝修設計平台｜免費裝修報價｜香港裝修公司及室內設計 | https://www.hellotoby.com/zh-hk/id
[2026-08-25 05:47:13]   ↳ 已存在，跳過 (Toby-裝修設計平台免費裝修報價香港裝修公司及室內設計公司.html)
[2026-08-25 05:47:13]   ↳ 已存在，跳過 (Toby-裝修設計平台免費裝修報價香港裝修公司及室內設計公司.html)
[2026-08-25 05:47:13] [18/100] PET HK - Mid Levels Edition | http://pethk.com/
[2026-08-25 05:47:13] [18/100] PET HK - Mid Levels Edition | http://pethk.com/
[2026-08-25 05:47:13]   ↳ 已存在，跳過 (PET-HK---Mid-Levels-Edition.html)
[2026-08-25 05:47:13]   ↳ 已存在，跳過 (PET-HK---Mid-Levels-Edition.html)
[2026-08-25 05:47:13] [19/100] Ruff & Fetch 拉夫寵物生活 (佐敦 Jordan | http://www.ruffandfetch.com/
[2026-08-25 05:47:13] [19/100] Ruff & Fetch 拉夫寵物生活 (佐敦 Jordan | http://www.ruffandfetch.com/
[2026-08-25 05:47:13]   ↳ 已存在，跳過 (Ruff--Fetch-拉夫寵物生活-佐敦-Jordan.html)
[2026-08-25 05:47:13]   ↳ 已存在，跳過 (Ruff--Fetch-拉夫寵物生活-佐敦-Jordan.html)
[2026-08-25 05:47:13] [20/100] HKTA香港導師会 | https://www.hkta.edu.hk/
[2026-08-25 05:47:13] [20/100] HKTA香港導師会 | https://www.hkta.edu.hk/
[2026-08-25 05:47:13]   ↳ 已存在，跳過 (HKTA香港導師会.html)
[2026-08-25 05:47:13]   ↳ 已存在，跳過 (HKTA香港導師会.html)
[2026-08-25 05:47:13] [21/100] 騎士数学 Knight Mathematics - Band | https://knightmaths.edu.hk/
[2026-08-25 05:47:13] [21/100] 騎士数学 Knight Mathematics - Band | https://knightmaths.edu.hk/
[2026-08-25 05:47:13]   ↳ 已存在，跳過 (騎士数学-Knight-Mathematics---Band-1-DSE-数学補習社.html)
[2026-08-25 05:47:13]   ↳ 已存在，跳過 (騎士数学-Knight-Mathematics---Band-1-DSE-数学補習社.html)
[2026-08-25 05:47:13] [22/100] 香港文化教育中心 | https://docs.google.com/forms/d/e/1FAIpQLSdjgsQlR4w8ZgKgE9RgAUPsPwrZzAZpo5SCULDDOgygEdeDnQ/viewform
[2026-08-25 05:47:13] [22/100] 香港文化教育中心 | https://docs.google.com/forms/d/e/1FAIpQLSdjgsQlR4w8ZgKgE9RgAUPsPwrZzAZpo5SCULDDOgygEdeDnQ/viewform
[2026-08-25 05:47:13]   ↳ 已存在，跳過 (香港文化教育中心.html)
[2026-08-25 05:47:13]   ↳ 已存在，跳過 (香港文化教育中心.html)
[2026-08-25 05:47:13] [23/100] GETUTOR 香港導師総会｜上門補習中介平台｜私補導師推介 | https://www.getutor.com.hk/
[2026-08-25 05:47:13] [23/100] GETUTOR 香港導師総会｜上門補習中介平台｜私補導師推介 | https://www.getutor.com.hk/
[2026-08-25 05:47:13]   ↳ 已存在，跳過 (GETUTOR-香港導師総会上門補習中介平台私補導師推介Private-Tutors-AgencyIB-IGCSE-A.html)
[2026-08-25 05:47:13]   ↳ 已存在，跳過 (GETUTOR-香港導師総会上門補習中介平台私補導師推介Private-Tutors-AgencyIB-IGCSE-A.html)
[2026-08-25 05:47:13] [24/100] 英博教学中心 - 数学中文英文補習 - 中小学補習社 | https://eplc.edu.hk/
[2026-08-25 05:47:13] [24/100] 英博教学中心 - 数学中文英文補習 - 中小学補習社 | https://eplc.edu.hk/
[2026-08-25 05:47:13]   ↳ 已存在，跳過 (英博教学中心---数学中文英文補習---中小学補習社.html)
[2026-08-25 05:47:13]   ↳ 已存在，跳過 (英博教学中心---数学中文英文補習---中小学補習社.html)
[2026-08-25 05:47:13] [25/100] 進研教育 - 英文中文数学補習社 | https://joinin-education.com/
[2026-08-25 05:47:13] [25/100] 進研教育 - 英文中文数学補習社 | https://joinin-education.com/
[2026-08-25 05:47:13]   ↳ 已存在，跳過 (進研教育---英文中文数学補習社.html)
[2026-08-25 05:47:13]   ↳ 已存在，跳過 (進研教育---英文中文数学補習社.html)
[2026-08-25 05:47:13] [26/100] 學斯教育(灣仔) | http://hoksi-edu.com/
[2026-08-25 05:47:13] [26/100] 學斯教育(灣仔) | http://hoksi-edu.com/
[2026-08-25 05:47:13]   ↳ 已存在，跳過 (學斯教育灣仔.html)
[2026-08-25 05:47:13]   ↳ 已存在，跳過 (學斯教育灣仔.html)
[2026-08-25 05:47:13] [27/100] 補習社｜学博教育 Learn Smart Education | https://learnsmart.edu.hk/
[2026-08-25 05:47:13] [27/100] 補習社｜学博教育 Learn Smart Education | https://learnsmart.edu.hk/
[2026-08-25 05:47:13]   ↳ 已存在，跳過 (補習社学博教育-Learn-Smart-Education.html)
[2026-08-25 05:47:13]   ↳ 已存在，跳過 (補習社学博教育-Learn-Smart-Education.html)
[2026-08-25 05:47:13] [28/100] 24/7 Fitness Central | http://247.fitness/
[2026-08-25 05:47:13] [28/100] 24/7 Fitness Central | http://247.fitness/
[2026-08-25 05:47:13]   ↳ 已存在，跳過 (24-7-Fitness-Central.html)
[2026-08-25 05:47:13]   ↳ 已存在，跳過 (24-7-Fitness-Central.html)
[2026-08-25 05:47:13] [29/100] 啓弘牙科（旺角店）丨九龍/旺角牙医/智慧歯/箍牙/隠式美/全 | https://omnesdental.com/
[2026-08-25 05:47:13] [29/100] 啓弘牙科（旺角店）丨九龍/旺角牙医/智慧歯/箍牙/隠式美/全 | https://omnesdental.com/
[2026-08-25 05:47:13]   ↳ 已存在，跳過 (啓弘牙科旺角店丨九龍-旺角牙医-智慧歯-箍牙-隠式美-全方位牙科服務-専業治療牙痛-種植牙-補牙-剥牙-洗牙.html)
[2026-08-25 05:47:13]   ↳ 已存在，跳過 (啓弘牙科旺角店丨九龍-旺角牙医-智慧歯-箍牙-隠式美-全方位牙科服務-専業治療牙痛-種植牙-補牙-剥牙-洗牙.html)
[2026-08-25 05:47:13] [30/100] Smith & Jain Dentists 史密夫和鄭牙醫診 | https://smithandjaindentists.com/
[2026-08-25 05:47:13] [30/100] Smith & Jain Dentists 史密夫和鄭牙醫診 | https://smithandjaindentists.com/
[2026-08-25 05:47:13]   ↳ 已存在，跳過 (Smith--Jain-Dentists-史密夫和鄭牙醫診所.html)
[2026-08-25 05:47:13]   ↳ 已存在，跳過 (Smith--Jain-Dentists-史密夫和鄭牙醫診所.html)
[2026-08-25 05:47:13] [31/100] Home Dental (Tsim Sha Tsui Bra | https://homedentalhk.com/cn/contact-us/tst
[2026-08-25 05:47:13] [31/100] Home Dental (Tsim Sha Tsui Bra | https://homedentalhk.com/cn/contact-us/tst
[2026-08-25 05:47:13]   ↳ 已存在，跳過 (Home-Dental-Tsim-Sha-Tsui-Branch.html)
[2026-08-25 05:47:13]   ↳ 已存在，跳過 (Home-Dental-Tsim-Sha-Tsui-Branch.html)
[2026-08-25 05:47:13] [32/100] 伍裕彤牙医 | https://trucaredental.hk/
[2026-08-25 05:47:13] [32/100] 伍裕彤牙医 | https://trucaredental.hk/
[2026-08-25 05:47:13]   ↳ 已存在，跳過 (伍裕彤牙医.html)
[2026-08-25 05:47:13]   ↳ 已存在，跳過 (伍裕彤牙医.html)
[2026-08-25 05:47:13] [33/100] Home Dental | https://homedentalhk.com/cn/contact-us/cwb
[2026-08-25 05:47:13] [33/100] Home Dental | https://homedentalhk.com/cn/contact-us/cwb
[2026-08-25 05:47:13]   ↳ 已存在，跳過 (Home-Dental.html)
[2026-08-25 05:47:13]   ↳ 已存在，跳過 (Home-Dental.html)
[2026-08-25 05:47:13] [34/100] T.O.P Dental by Family Smile L | http://www.topdental.hk/
[2026-08-25 05:47:13] [34/100] T.O.P Dental by Family Smile L | http://www.topdental.hk/
[2026-08-25 05:47:13]   ↳ 已存在，跳過 (T.O.P-Dental-by-Family-Smile-Ltd-香港牙科醫療集團-旺角太子牙醫中心.html)
[2026-08-25 05:47:13]   ↳ 已存在，跳過 (T.O.P-Dental-by-Family-Smile-Ltd-香港牙科醫療集團-旺角太子牙醫中心.html)
[2026-08-25 05:47:13] [35/100] Metro Dental 城健総合牙科医療中心 | https://www.metrodental.com.hk/
[2026-08-25 05:47:13] [35/100] Metro Dental 城健総合牙科医療中心 | https://www.metrodental.com.hk/
[2026-08-25 05:47:13]   ↳ 已存在，跳過 (Metro-Dental-城健総合牙科医療中心.html)
[2026-08-25 05:47:13]   ↳ 已存在，跳過 (Metro-Dental-城健総合牙科医療中心.html)
[2026-08-25 05:47:13] [36/100] 大国手 汽車車身維修 Grand Tycoon Automo | http://grandtycoon.com/
[2026-08-25 05:47:13] [36/100] 大国手 汽車車身維修 Grand Tycoon Automo | http://grandtycoon.com/
[2026-08-25 05:47:13]   ↳ 已存在，跳過 (大国手-汽車車身維修-Grand-Tycoon-Automotive-Repair-Shop.html)
[2026-08-25 05:47:13]   ↳ 已存在，跳過 (大国手-汽車車身維修-Grand-Tycoon-Automotive-Repair-Shop.html)
[2026-08-25 05:47:13] [37/100] AutoMate | Sham Shui Po Shop | https://www.automate-app.com/auto-shop
[2026-08-25 05:47:13] [37/100] AutoMate | Sham Shui Po Shop | https://www.automate-app.com/auto-shop
[2026-08-25 05:47:13]   ↳ 已存在，跳過 (AutoMate-Sham-Shui-Po-Shop.html)
[2026-08-25 05:47:13]   ↳ 已存在，跳過 (AutoMate-Sham-Shui-Po-Shop.html)
[2026-08-25 05:47:13] [38/100] Carol Garage Limited | http://www.carolgarage.com.hk/
[2026-08-25 05:47:13] [38/100] Carol Garage Limited | http://www.carolgarage.com.hk/
[2026-08-25 05:47:13]   ↳ 已存在，跳過 (Carol-Garage-Limited.html)
[2026-08-25 05:47:13]   ↳ 已存在，跳過 (Carol-Garage-Limited.html)
[2026-08-25 05:47:13] [39/100] 八方汽車 | Power Moto Limited | http://www.power-moto.hk/
[2026-08-25 05:47:13] [39/100] 八方汽車 | Power Moto Limited | http://www.power-moto.hk/
[2026-08-25 05:47:13]   ↳ 已存在，跳過 (八方汽車-Power-Moto-Limited.html)
[2026-08-25 05:47:13]   ↳ 已存在，跳過 (八方汽車-Power-Moto-Limited.html)
[2026-08-25 05:47:13] [40/100] Flow & Roll Laundry 自助洗衣 (中環 C | https://flowandroll.com/
[2026-08-25 05:47:13] [40/100] Flow & Roll Laundry 自助洗衣 (中環 C | https://flowandroll.com/
[2026-08-25 05:47:13]   ↳ 已存在，跳過 (Flow--Roll-Laundry-自助洗衣-中環-Central.html)
[2026-08-25 05:47:13]   ↳ 已存在，跳過 (Flow--Roll-Laundry-自助洗衣-中環-Central.html)
[2026-08-25 05:47:13] [41/100] 初洗 First Laundry 觀塘24小時自助洗衣店 | https://wa.me/85268716550
[2026-08-25 05:47:13] [41/100] 初洗 First Laundry 觀塘24小時自助洗衣店 | https://wa.me/85268716550
[2026-08-25 05:47:13]   ↳ 已存在，跳過 (初洗-First-Laundry-觀塘24小時自助洗衣店.html)
[2026-08-25 05:47:13]   ↳ 已存在，跳過 (初洗-First-Laundry-觀塘24小時自助洗衣店.html)
[2026-08-25 05:47:13] [42/100] 水漾衣坊 water laundry | https://whalewashmk.hk/
[2026-08-25 05:47:13] [42/100] 水漾衣坊 water laundry | https://whalewashmk.hk/
[2026-08-25 05:47:13]   ↳ 已存在，跳過 (水漾衣坊-water-laundry.html)
[2026-08-25 05:47:13]   ↳ 已存在，跳過 (水漾衣坊-water-laundry.html)
[2026-08-25 05:47:13] [43/100] FLORISTRY by ART OF LIVING | http://www.floristrybyartofliving.com/
[2026-08-25 05:47:13] [43/100] FLORISTRY by ART OF LIVING | http://www.floristrybyartofliving.com/
[2026-08-25 05:47:13]   ↳ 已存在，跳過 (FLORISTRY-by-ART-OF-LIVING.html)
[2026-08-25 05:47:13]   ↳ 已存在，跳過 (FLORISTRY-by-ART-OF-LIVING.html)
[2026-08-25 05:47:13] [44/100] 花籃 450 - Flower 450 | https://flower450.com/
[2026-08-25 05:47:13] [44/100] 花籃 450 - Flower 450 | https://flower450.com/
[2026-08-25 05:47:13]   ↳ 已存在，跳過 (花籃-450---Flower-450.html)
[2026-08-25 05:47:13]   ↳ 已存在，跳過 (花籃-450---Flower-450.html)
[2026-08-25 05:47:13] [45/100] 優之花鋪-U Flower Shop | https://www.uflowershop.com/
[2026-08-25 05:47:13] [45/100] 優之花鋪-U Flower Shop | https://www.uflowershop.com/
[2026-08-25 05:47:13]   ↳ 已存在，跳過 (優之花鋪-U-Flower-Shop.html)
[2026-08-25 05:47:13]   ↳ 已存在，跳過 (優之花鋪-U-Flower-Shop.html)
[2026-08-25 05:47:13] [46/100] Eternal Flora hk | https://www.eternalflorahk.com/
[2026-08-25 05:47:13] [46/100] Eternal Flora hk | https://www.eternalflorahk.com/
[2026-08-25 05:47:13]   ↳ 已存在，跳過 (Eternal-Flora-hk.html)
[2026-08-25 05:47:13]   ↳ 已存在，跳過 (Eternal-Flora-hk.html)
[2026-08-25 05:47:13] [47/100] FDHK - Flower Delivery Hong Ko | https://flowerdeliveryhongkong.com/
[2026-08-25 05:47:13] [47/100] FDHK - Flower Delivery Hong Ko | https://flowerdeliveryhongkong.com/
[2026-08-25 05:47:13]   ↳ 已存在，跳過 (FDHK---Flower-Delivery-Hong-Kong.html)
[2026-08-25 05:47:13]   ↳ 已存在，跳過 (FDHK---Flower-Delivery-Hong-Kong.html)
[2026-08-25 05:47:13] [48/100] Joseph Photo 香港專業攝影工作室 | https://josephphoto.hk/
[2026-08-25 05:47:13] [48/100] Joseph Photo 香港專業攝影工作室 | https://josephphoto.hk/
[2026-08-25 05:47:13]   ↳ 已存在，跳過 (Joseph-Photo-香港專業攝影工作室.html)
[2026-08-25 05:47:13]   ↳ 已存在，跳過 (Joseph-Photo-香港專業攝影工作室.html)
[2026-08-25 05:47:13] [49/100] Majesty Professional Photo殿堂館- | https://www.majestyprofessional.com/
[2026-08-25 05:47:13] [49/100] Majesty Professional Photo殿堂館- | https://www.majestyprofessional.com/
[2026-08-25 05:47:13]   ↳ 已存在，跳過 (Majesty-Professional-Photo殿堂館-專業照首選.html)
[2026-08-25 05:47:13]   ↳ 已存在，跳過 (Majesty-Professional-Photo殿堂館-專業照首選.html)
[2026-08-25 05:47:13] [50/100] Owl Photo Studio 貓頭鷹照相館 | https://www.owlphoto.hk/
[2026-08-25 05:47:13] [50/100] Owl Photo Studio 貓頭鷹照相館 | https://www.owlphoto.hk/
[2026-08-25 05:47:13]   ↳ 已存在，跳過 (Owl-Photo-Studio-貓頭鷹照相館.html)
[2026-08-25 05:47:13]   ↳ 已存在，跳過 (Owl-Photo-Studio-貓頭鷹照相館.html)
[2026-08-25 05:47:13] [51/100] Yat Tung Heen - Eaton HK | https://www.yattungheen.com/
[2026-08-25 05:47:13] [51/100] Yat Tung Heen - Eaton HK | https://www.yattungheen.com/
[2026-08-25 05:47:13]   ↳ 已存在，跳過 (Yat-Tung-Heen---Eaton-HK.html)
[2026-08-25 05:47:13]   ↳ 已存在，跳過 (Yat-Tung-Heen---Eaton-HK.html)
[2026-08-25 05:47:13] [52/100] Hair Quest Hair salon Central | https://www.hairquest-hk.com/
[2026-08-25 05:47:13] [52/100] Hair Quest Hair salon Central | https://www.hairquest-hk.com/
[2026-08-25 05:47:13]   ↳ 已存在，跳過 (Hair-Quest-Hair-salon-Central.html)
[2026-08-25 05:47:13]   ↳ 已存在，跳過 (Hair-Quest-Hair-salon-Central.html)
[2026-08-25 05:47:13] [53/100] 天下猫猫一様猫 | https://www.catiscat.com.hk/
[2026-08-25 05:47:13] [53/100] 天下猫猫一様猫 | https://www.catiscat.com.hk/
[2026-08-25 05:47:13]   ↳ 已存在，跳過 (天下猫猫一様猫.html)
[2026-08-25 05:47:13]   ↳ 已存在，跳過 (天下猫猫一様猫.html)
[2026-08-25 05:47:13] [54/100] Bora beauty | https://bora.hk/
[2026-08-25 05:47:13] [54/100] Bora beauty | https://bora.hk/
[2026-08-25 05:47:13]   ↳ 已存在，跳過 (Bora-beauty.html)
[2026-08-25 05:47:13]   ↳ 已存在，跳過 (Bora-beauty.html)
[2026-08-25 05:47:13] [55/100] Dream Scenes Studio | http://dreamscenesstudio.com/
[2026-08-25 05:47:13] [55/100] Dream Scenes Studio | http://dreamscenesstudio.com/
[2026-08-25 05:47:13]   ↳ 已存在，跳過 (Dream-Scenes-Studio.html)
[2026-08-25 05:47:13]   ↳ 已存在，跳過 (Dream-Scenes-Studio.html)
[2026-08-25 05:47:13] [56/100] Dazzling Smile Dental Clinic 瑩 | https://dazzlingsmiledentalclinic.com/
[2026-08-25 05:47:13] [56/100] Dazzling Smile Dental Clinic 瑩 | https://dazzlingsmiledentalclinic.com/
[2026-08-25 05:47:13]   ↳ 已存在，跳過 (Dazzling-Smile-Dental-Clinic-瑩恩牙科診所.html)
[2026-08-25 05:47:13]   ↳ 已存在，跳過 (Dazzling-Smile-Dental-Clinic-瑩恩牙科診所.html)
[2026-08-25 05:47:13] [57/100] Family Smile Limited | http://www.familysmile.hk/
[2026-08-25 05:47:13] [57/100] Family Smile Limited | http://www.familysmile.hk/
[2026-08-25 05:47:13]   ↳ 已存在，跳過 (Family-Smile-Limited.html)
[2026-08-25 05:47:13]   ↳ 已存在，跳過 (Family-Smile-Limited.html)
[2026-08-25 05:47:13] [58/100] INDULGENCE hair & beauty salon | http://www.indulgence.hk/
[2026-08-25 05:47:13] [58/100] INDULGENCE hair & beauty salon | http://www.indulgence.hk/
[2026-08-25 05:47:13]   ↳ 已存在，跳過 (INDULGENCE-hair--beauty-salon.html)
[2026-08-25 05:47:13]   ↳ 已存在，跳過 (INDULGENCE-hair--beauty-salon.html)
[2026-08-25 05:47:13] [59/100] 花店 | 花束專家 | https://www.flowerbouquet.com.hk/
[2026-08-25 05:47:13] [59/100] 花店 | 花束專家 | https://www.flowerbouquet.com.hk/
[2026-08-25 05:47:13]   ↳ 已存在，跳過 (花店-花束專家.html)
[2026-08-25 05:47:13]   ↳ 已存在，跳過 (花店-花束專家.html)
[2026-08-25 05:47:13] [60/100] 網上訂花 ‧ 送花香港 | Fdhk 最高評分即日網上花店 | https://flowerdeliveryhongkong.com/zh
[2026-08-25 05:47:13] [60/100] 網上訂花 ‧ 送花香港 | Fdhk 最高評分即日網上花店 | https://flowerdeliveryhongkong.com/zh
[2026-08-25 05:47:13]   ↳ 已存在，跳過 (網上訂花--送花香港-Fdhk-最高評分即日網上花店.html)
[2026-08-25 05:47:13]   ↳ 已存在，跳過 (網上訂花--送花香港-Fdhk-最高評分即日網上花店.html)
[2026-08-25 05:47:13] [61/100] Rhine Flowers | https://rhineflowers.com/
[2026-08-25 05:47:13] [61/100] Rhine Flowers | https://rhineflowers.com/
[2026-08-25 05:47:13]   ↳ 已存在，跳過 (Rhine-Flowers.html)
[2026-08-25 05:47:13]   ↳ 已存在，跳過 (Rhine-Flowers.html)
[2026-08-25 05:47:13] [62/100] 香港花店｜網上訂花及送花｜Gift Flowers HK | https://giftflowers.com.hk/cn/
[2026-08-25 05:47:13] [62/100] 香港花店｜網上訂花及送花｜Gift Flowers HK | https://giftflowers.com.hk/cn/
[2026-08-25 05:47:13]   ↳ 已存在，跳過 (香港花店網上訂花及送花Gift-Flowers-HK.html)
[2026-08-25 05:47:13]   ↳ 已存在，跳過 (香港花店網上訂花及送花Gift-Flowers-HK.html)
[2026-08-25 05:47:13] [63/100] Flora Floriculture - 花店 | https://www.floraf.com.hk/
[2026-08-25 05:47:13] [63/100] Flora Floriculture - 花店 | https://www.floraf.com.hk/
[2026-08-25 05:47:13]   ↳ 已存在，跳過 (Flora-Floriculture---花店.html)
[2026-08-25 05:47:13]   ↳ 已存在，跳過 (Flora-Floriculture---花店.html)
[2026-08-25 05:47:13] [64/100] 香港花店 | https://www.mrsliuflorist.com/
[2026-08-25 05:47:13] [64/100] 香港花店 | https://www.mrsliuflorist.com/
[2026-08-25 05:47:13]   ↳ 已存在，跳過 (香港花店.html)
[2026-08-25 05:47:13]   ↳ 已存在，跳過 (香港花店.html)
[2026-08-25 05:47:13] [65/100] 網上花店| 網上訂花 | 即日送花 | HKfashop | https://hkfashop.com/
[2026-08-25 05:47:13] [65/100] 網上花店| 網上訂花 | 即日送花 | HKfashop | https://hkfashop.com/
[2026-08-25 05:47:13]   ↳ 已存在，跳過 (網上花店-網上訂花-即日送花-HKfashop.html)
[2026-08-25 05:47:13]   ↳ 已存在，跳過 (網上花店-網上訂花-即日送花-HKfashop.html)
[2026-08-25 05:47:13] [66/100] 【 送花】 ｜訂花｜Flowerbee Florist訂花束 | https://flowerbee-hk.com/zh
[2026-08-25 05:47:13] [66/100] 【 送花】 ｜訂花｜Flowerbee Florist訂花束 | https://flowerbee-hk.com/zh
[2026-08-25 05:47:13]   ↳ 已存在，跳過 (送花-訂花Flowerbee-Florist訂花束---Flowerbee-HK-Florist.html)
[2026-08-25 05:47:13]   ↳ 已存在，跳過 (送花-訂花Flowerbee-Florist訂花束---Flowerbee-HK-Florist.html)
[2026-08-25 05:47:13] [67/100] 花點時間｜香港旺角花墟實體花店：24小時訂花、鮮花花束、開張 | https://www.reflower.com.hk/
[2026-08-25 05:47:13] [67/100] 花點時間｜香港旺角花墟實體花店：24小時訂花、鮮花花束、開張 | https://www.reflower.com.hk/
[2026-08-25 05:47:13]   ↳ 已存在，跳過 (花點時間香港旺角花墟實體花店24小時訂花鮮花花束開張花籃鮮花批發---花點時間-Reflower.html)
[2026-08-25 05:47:13]   ↳ 已存在，跳過 (花點時間香港旺角花墟實體花店24小時訂花鮮花花束開張花籃鮮花批發---花點時間-Reflower.html)
[2026-08-25 05:47:13] [68/100] 香港花店- 首頁花店推薦 - 我們代表和倡導位於香港島、九龍 | https://zh-hk.hk-florist.org/
[2026-08-25 05:47:13] [68/100] 香港花店- 首頁花店推薦 - 我們代表和倡導位於香港島、九龍 | https://zh-hk.hk-florist.org/
[2026-08-25 05:47:13]   ↳ 已存在，跳過 (香港花店--首頁花店推薦---我們代表和倡導位於香港島九龍和新界的花店以及在線花店和鮮花配送公司.html)
[2026-08-25 05:47:13]   ↳ 已存在，跳過 (香港花店--首頁花店推薦---我們代表和倡導位於香港島九龍和新界的花店以及在線花店和鮮花配送公司.html)
[2026-08-25 05:47:13] [69/100] 有花漾 ZH Flowers | https://www.zh-flowers.com/
[2026-08-25 05:47:13] [69/100] 有花漾 ZH Flowers | https://www.zh-flowers.com/
[2026-08-25 05:47:13]   ↳ 已存在，跳過 (有花漾-ZH-Flowers.html)
[2026-08-25 05:47:13]   ↳ 已存在，跳過 (有花漾-ZH-Flowers.html)
[2026-08-25 05:47:13] [70/100] 花店花生花華 | FaSunflower Florist | https://www.fasunflower.com/
[2026-08-25 05:47:13] [70/100] 花店花生花華 | FaSunflower Florist | https://www.fasunflower.com/
[2026-08-25 05:47:13]   ↳ 已存在，跳過 (花店花生花華-FaSunflower-Florist.html)
[2026-08-25 05:47:13]   ↳ 已存在，跳過 (花店花生花華-FaSunflower-Florist.html)
[2026-08-25 05:47:13] [71/100] 格蘭花店 Grand Floral & Gift Shop | https://grand.com.hk/
[2026-08-25 05:47:13] [71/100] 格蘭花店 Grand Floral & Gift Shop | https://grand.com.hk/
[2026-08-25 05:47:13]   ↳ 已存在，跳過 (格蘭花店-Grand-Floral--Gift-Shop.html)
[2026-08-25 05:47:13]   ↳ 已存在，跳過 (格蘭花店-Grand-Floral--Gift-Shop.html)
[2026-08-25 05:47:13] [72/100] WHY Studio - 上環證件相｜學生相｜專業形象照 | https://www.whystudiohk.com/
[2026-08-25 05:47:13] [72/100] WHY Studio - 上環證件相｜學生相｜專業形象照 | https://www.whystudiohk.com/
[2026-08-25 05:47:13]   ↳ 已存在，跳過 (WHY-Studio---上環證件相學生相專業形象照.html)
[2026-08-25 05:47:13]   ↳ 已存在，跳過 (WHY-Studio---上環證件相學生相專業形象照.html)
[2026-08-25 05:47:13] [73/100] Cat Watt 晴珊猫舎 | http://www.catwatt.com/
[2026-08-25 05:47:13] [73/100] Cat Watt 晴珊猫舎 | http://www.catwatt.com/
[2026-08-25 05:47:13]   ↳ 已存在，跳過 (Cat-Watt-晴珊猫舎.html)
[2026-08-25 05:47:13]   ↳ 已存在，跳過 (Cat-Watt-晴珊猫舎.html)
[2026-08-25 05:47:13] [74/100] 牙齒矯正及兒童齒科中心 (旺角朗豪坊) | Orthodon | https://www.ortho-center.com/
[2026-08-25 05:47:13] [74/100] 牙齒矯正及兒童齒科中心 (旺角朗豪坊) | Orthodon | https://www.ortho-center.com/
[2026-08-25 05:47:13]   ↳ 已存在，跳過 (牙齒矯正及兒童齒科中心-旺角朗豪坊-Orthodontic--Childrens-Dental-Center-Langh.html)
[2026-08-25 05:47:13]   ↳ 已存在，跳過 (牙齒矯正及兒童齒科中心-旺角朗豪坊-Orthodontic--Childrens-Dental-Center-Langh.html)
[2026-08-25 05:47:13] [75/100] HALO Flowers | https://haloflowers.com.hk/zh-hant/
[2026-08-25 05:47:13] [75/100] HALO Flowers | https://haloflowers.com.hk/zh-hant/
[2026-08-25 05:47:13]   ↳ 已存在，跳過 (HALO-Flowers.html)
[2026-08-25 05:47:13]   ↳ 已存在，跳過 (HALO-Flowers.html)
[2026-08-25 05:47:13] [76/100] Pettington 柏靈頓獸醫寵物用品 | https://www.pettington.com/
[2026-08-25 05:47:13] [76/100] Pettington 柏靈頓獸醫寵物用品 | https://www.pettington.com/
[2026-08-25 05:47:13]   ↳ 已存在，跳過 (Pettington-柏靈頓獸醫寵物用品.html)
[2026-08-25 05:47:13]   ↳ 已存在，跳過 (Pettington-柏靈頓獸醫寵物用品.html)
[2026-08-25 05:47:13] [77/100] 皓保牙科診所 Craft Smile Dental Cent | https://zh.drchrischeung.com/
[2026-08-25 05:47:13] [77/100] 皓保牙科診所 Craft Smile Dental Cent | https://zh.drchrischeung.com/
[2026-08-25 05:47:13]   ↳ 已存在，跳過 (皓保牙科診所-Craft-Smile-Dental-Center.html)
[2026-08-25 05:47:13]   ↳ 已存在，跳過 (皓保牙科診所-Craft-Smile-Dental-Center.html)
[2026-08-25 05:47:13] [78/100] Toyota Kowloon Bay Service Cen | https://www.toyota.com.hk/?utm_campaign=gmb&utm_medium=organic&utm_source=local
[2026-08-25 05:47:13] [78/100] Toyota Kowloon Bay Service Cen | https://www.toyota.com.hk/?utm_campaign=gmb&utm_medium=organic&utm_source=local
[2026-08-25 05:47:13]   ↳ 已存在，跳過 (Toyota-Kowloon-Bay-Service-Centre-Mechanical.html)
[2026-08-25 05:47:13]   ↳ 已存在，跳過 (Toyota-Kowloon-Bay-Service-Centre-Mechanical.html)
[2026-08-25 05:47:13] [79/100] Anglo Chinese Florist | http://www.anglochinese.com/
[2026-08-25 05:47:13] [79/100] Anglo Chinese Florist | http://www.anglochinese.com/
[2026-08-25 05:47:13]   ↳ 已存在，跳過 (Anglo-Chinese-Florist.html)
[2026-08-25 05:47:13]   ↳ 已存在，跳過 (Anglo-Chinese-Florist.html)
[2026-08-25 05:47:13] [80/100] Photobi HK 韓式 証件相拍摂工作室 - 湾仔店 | https://photobi.hk/
[2026-08-25 05:47:13] [80/100] Photobi HK 韓式 証件相拍摂工作室 - 湾仔店 | https://photobi.hk/
[2026-08-25 05:47:13]   ↳ 已存在，跳過 (Photobi-HK-韓式-証件相拍摂工作室---湾仔店.html)
[2026-08-25 05:47:13]   ↳ 已存在，跳過 (Photobi-HK-韓式-証件相拍摂工作室---湾仔店.html)
[2026-08-25 05:47:13] [81/100] Advance Pet Food | http://advancepetfood.com/
[2026-08-25 05:47:13] [81/100] Advance Pet Food | http://advancepetfood.com/
[2026-08-25 05:47:13]   ↳ 已存在，跳過 (Advance-Pet-Food.html)
[2026-08-25 05:47:13]   ↳ 已存在，跳過 (Advance-Pet-Food.html)
[2026-08-25 05:47:13] [82/100] Anna Maria Studio | http://annamstudio.com/
[2026-08-25 05:47:13] [82/100] Anna Maria Studio | http://annamstudio.com/
[2026-08-25 05:47:13]   ↳ 已存在，跳過 (Anna-Maria-Studio.html)
[2026-08-25 05:47:13]   ↳ 已存在，跳過 (Anna-Maria-Studio.html)
[2026-08-25 05:47:13] [83/100] 1984 HAIR SALON | https://1984hairsalon.wixsite.com/1984-hairsalon
[2026-08-25 05:47:13] [83/100] 1984 HAIR SALON | https://1984hairsalon.wixsite.com/1984-hairsalon
[2026-08-25 05:47:13]   ↳ 已存在，跳過 (1984-HAIR-SALON.html)
[2026-08-25 05:47:13]   ↳ 已存在，跳過 (1984-HAIR-SALON.html)
[2026-08-25 05:47:13] [84/100] Bulls PPF 専門店 | https://www.ppf.com.hk/
[2026-08-25 05:47:13] [84/100] Bulls PPF 専門店 | https://www.ppf.com.hk/
[2026-08-25 05:47:13]   ↳ 已存在，跳過 (Bulls-PPF-専門店.html)
[2026-08-25 05:47:13]   ↳ 已存在，跳過 (Bulls-PPF-専門店.html)
[2026-08-25 05:47:13] [85/100] LEEKAJA X AMONG Hair Salon Cen | https://www.leekaja.hk/
[2026-08-25 05:47:13] [85/100] LEEKAJA X AMONG Hair Salon Cen | https://www.leekaja.hk/
[2026-08-25 05:47:13]   ↳ 已存在，跳過 (LEEKAJA-X-AMONG-Hair-Salon-Century-Square-in-Hongkong-한국-미용실.html)
[2026-08-25 05:47:13]   ↳ 已存在，跳過 (LEEKAJA-X-AMONG-Hair-Salon-Century-Square-in-Hongkong-한국-미용실.html)
[2026-08-25 05:47:13] [86/100] MEGAPET (Kowloon City Shop) | http://www.megapet.com.hk/
[2026-08-25 05:47:13] [86/100] MEGAPET (Kowloon City Shop) | http://www.megapet.com.hk/
[2026-08-25 05:47:13]   ↳ 已存在，跳過 (MEGAPET-Kowloon-City-Shop.html)
[2026-08-25 05:47:13]   ↳ 已存在，跳過 (MEGAPET-Kowloon-City-Shop.html)
[2026-08-25 05:47:13] [87/100] 仁健牙科 Nixon Dental (太子牙醫/旺角牙醫/洗 | http://www.nixondental.com/
[2026-08-25 05:47:13] [87/100] 仁健牙科 Nixon Dental (太子牙醫/旺角牙醫/洗 | http://www.nixondental.com/
[2026-08-25 05:47:13]   ↳ 已存在，跳過 (仁健牙科-Nixon-Dental-太子牙醫-旺角牙醫-洗牙-補牙-種牙-植牙-杜牙根-智慧齒-箍牙-Invisalig.html)
[2026-08-25 05:47:13]   ↳ 已存在，跳過 (仁健牙科-Nixon-Dental-太子牙醫-旺角牙醫-洗牙-補牙-種牙-植牙-杜牙根-智慧齒-箍牙-Invisalig.html)
[2026-08-25 05:47:13] [88/100] 香港車房及汽車維修 | CarService.hk | https://www.carservice.hk/zh-hk
[2026-08-25 05:47:13] [88/100] 香港車房及汽車維修 | CarService.hk | https://www.carservice.hk/zh-hk
[2026-08-25 05:47:13]   ↳ 已存在，跳過 (香港車房及汽車維修-CarService.hk.html)
[2026-08-25 05:47:13]   ↳ 已存在，跳過 (香港車房及汽車維修-CarService.hk.html)
[2026-08-25 05:47:13] [89/100] 24小時 上門汽車維修保養服務 | https://garage-hk.com/onsite.php
[2026-08-25 05:47:13] [89/100] 24小時 上門汽車維修保養服務 | https://garage-hk.com/onsite.php
[2026-08-25 05:47:13]   ↳ 已存在，跳過 (24小時-上門汽車維修保養服務.html)
[2026-08-25 05:47:13]   ↳ 已存在，跳過 (24小時-上門汽車維修保養服務.html)
[2026-08-25 05:47:13] [90/100] 保養及維修服務 - Dchmsc | https://www.dchmsc.com/zh/maintenance-repair
[2026-08-25 05:47:13] [90/100] 保養及維修服務 - Dchmsc | https://www.dchmsc.com/zh/maintenance-repair
[2026-08-25 05:47:13]   ↳ 已存在，跳過 (保養及維修服務---Dchmsc.html)
[2026-08-25 05:47:13]   ↳ 已存在，跳過 (保養及維修服務---Dchmsc.html)
[2026-08-25 05:47:13] [91/100] Carro Care | https://carro.co/hk/zh-hant-hk/carro-care
[2026-08-25 05:47:13] [91/100] Carro Care | https://carro.co/hk/zh-hant-hk/carro-care
[2026-08-25 05:47:13]   ↳ 已存在，跳過 (Carro-Care.html)
[2026-08-25 05:47:13]   ↳ 已存在，跳過 (Carro-Care.html)
[2026-08-25 05:47:13] [92/100] 車師傅 - 全港認證車師傅總匯 | https://www.mastercar.hk/
[2026-08-25 05:47:13] [92/100] 車師傅 - 全港認證車師傅總匯 | https://www.mastercar.hk/
[2026-08-25 05:47:13]   ↳ 已存在，跳過 (車師傅---全港認證車師傅總匯.html)
[2026-08-25 05:47:13]   ↳ 已存在，跳過 (車師傅---全港認證車師傅總匯.html)
[2026-08-25 05:47:13] [93/100] 堅記車房平台 | https://www.kinkeecar.com/
[2026-08-25 05:47:13] [93/100] 堅記車房平台 | https://www.kinkeecar.com/
[2026-08-25 05:47:13]   ↳ 已存在，跳過 (堅記車房平台.html)
[2026-08-25 05:47:13]   ↳ 已存在，跳過 (堅記車房平台.html)
[2026-08-25 05:47:13] [94/100] 汽車保養及汽車維修 | CarService.hk | https://www.carservice.hk/zh-hk/services/car-servicing
[2026-08-25 05:47:13] [94/100] 汽車保養及汽車維修 | CarService.hk | https://www.carservice.hk/zh-hk/services/car-servicing
[2026-08-25 05:47:13]   ↳ 已存在，跳過 (汽車保養及汽車維修-CarService.hk.html)
[2026-08-25 05:47:13]   ↳ 已存在，跳過 (汽車保養及汽車維修-CarService.hk.html)
[2026-08-25 05:47:13] [95/100] 汽車維修 - Anyone | https://www.anyonehk.com/%E6%B1%BD%E8%BB%8A%E7%B6%AD%E4%BF%AE/
[2026-08-25 05:47:13] [95/100] 汽車維修 - Anyone | https://www.anyonehk.com/%E6%B1%BD%E8%BB%8A%E7%B6%AD%E4%BF%AE/
[2026-08-25 05:47:13]   ↳ 已存在，跳過 (汽車維修---Anyone.html)
[2026-08-25 05:47:13]   ↳ 已存在，跳過 (汽車維修---Anyone.html)
[2026-08-25 05:47:13] [96/100] 香港汽車維修公司名錄 - 新成立/注册及已更改名称的公司名单 | https://hkg.databasesets.com/zh-hant/gongsimingdan/type/Motor_Service
[2026-08-25 05:47:13] [96/100] 香港汽車維修公司名錄 - 新成立/注册及已更改名称的公司名单 | https://hkg.databasesets.com/zh-hant/gongsimingdan/type/Motor_Service
[2026-08-25 05:47:13]   ↳ 已存在，跳過 (香港汽車維修公司名錄---新成立-注册及已更改名称的公司名单.html)
[2026-08-25 05:47:13]   ↳ 已存在，跳過 (香港汽車維修公司名錄---新成立-注册及已更改名称的公司名单.html)
[2026-08-25 05:47:13] [97/100] 汽車服務公司 - Driver.com.hk | https://www.driver.com.hk/service
[2026-08-25 05:47:13] [97/100] 汽車服務公司 - Driver.com.hk | https://www.driver.com.hk/service
[2026-08-25 05:47:13]   ↳ 已存在，跳過 (汽車服務公司---Driver.com.hk.html)
[2026-08-25 05:47:13]   ↳ 已存在，跳過 (汽車服務公司---Driver.com.hk.html)
[2026-08-25 05:47:13] [98/100] 最佳香港花店推介 送花訂花好去處/網上買花 | https://www.timeout.com.hk/hong-kong/hk/%E8%B3%BC%E7%89%A9/%E6%9C%80%E4%BD%B3%E9%A6%99%E6%B8%AF%E8%8A%B1%E5%BA%97%E6%8E%A8%E4%BB%8B-%E9%80%81%E8%8A%B1%E8%A8%82%E8%8A%B1%E5%A5%BD%E5%8E%BB%E8%99%95-%E7%B6%B2%E4%B8%8A%E8%B2%B7%E8%8A%B1
[2026-08-25 05:47:13] [98/100] 最佳香港花店推介 送花訂花好去處/網上買花 | https://www.timeout.com.hk/hong-kong/hk/%E8%B3%BC%E7%89%A9/%E6%9C%80%E4%BD%B3%E9%A6%99%E6%B8%AF%E8%8A%B1%E5%BA%97%E6%8E%A8%E4%BB%8B-%E9%80%81%E8%8A%B1%E8%A8%82%E8%8A%B1%E5%A5%BD%E5%8E%BB%E8%99%95-%E7%B6%B2%E4%B8%8A%E8%B2%B7%E8%8A%B1
[2026-08-25 05:47:13]   ↳ 已存在，跳過 (最佳香港花店推介-送花訂花好去處-網上買花.html)
[2026-08-25 05:47:13]   ↳ 已存在，跳過 (最佳香港花店推介-送花訂花好去處-網上買花.html)
[2026-08-25 05:47:13] [99/100] HK Florist Directory | https://zh-hk.hk-florist.org/hk-florist-directory/
[2026-08-25 05:47:13] [99/100] HK Florist Directory | https://zh-hk.hk-florist.org/hk-florist-directory/
[2026-08-25 05:47:14]   ✓ 已儲存 HK-Florist-Directory.html (133KB, requests 134055B)
[2026-08-25 05:47:14]   ✓ 已儲存 HK-Florist-Directory.html (133KB, requests 134055B)
[2026-08-25 05:47:14] [100/100] 主頁 | https://shunkeeflowers.com.hk/
[2026-08-25 05:47:14] [100/100] 主頁 | https://shunkeeflowers.com.hk/
[2026-08-25 05:47:15]   ✓ 已儲存 主頁.html (256KB, requests 256253B)
[2026-08-25 05:47:15]   ✓ 已儲存 主頁.html (256KB, requests 256253B)
[2026-08-25 05:47:15] == 完成 ==
[2026-08-25 05:47:15] == 完成 ==
[2026-08-25 05:47:15] 成功 100 個，失敗 0 個
[2026-08-25 05:47:15] 成功 100 個，失敗 0 個

── 失敗清單 ──
[2026-08-25 05:47:15] == 開始為 0 間「沒網站但有聯絡」的商家建立一頁式網頁 → /home/ubuntu/.mok/html/project/MokCs ==
[2026-08-25 05:47:15] == 開始為 0 間「沒網站但有聯絡」的商家建立一頁式網頁 → /home/ubuntu/.mok/html/project/MokCs ==
[2026-08-25 05:47:15] == 一頁式網頁完成：0/0 ==
[2026-08-25 05:47:15] == 一頁式網頁完成：0/0 ==
[2026-08-25 06:13:21]   過濾：100 間 → 保留 100 間有 WhatsApp/Email 的商家
[2026-08-25 06:13:21]   過濾：100 間 → 保留 100 間有 WhatsApp/Email 的商家
[2026-08-25 06:13:21] == 開始克隆 100 個商家首頁 → /home/ubuntu/.mok/html/project/MokCs ==
[2026-08-25 06:13:21] == 開始克隆 100 個商家首頁 → /home/ubuntu/.mok/html/project/MokCs ==
[2026-08-25 06:13:21] [1/100] Hutong | https://hutong.com.hk/
[2026-08-25 06:13:21] [1/100] Hutong | https://hutong.com.hk/
[2026-08-25 06:13:21]   ↳ 已存在，跳過 (Hutong.html)
[2026-08-25 06:13:21]   ↳ 已存在，跳過 (Hutong.html)
[2026-08-25 06:13:21] [2/100] The Chairman Restaurant | https://www.thechairmangroup.com/
[2026-08-25 06:13:21] [2/100] The Chairman Restaurant | https://www.thechairmangroup.com/
[2026-08-25 06:13:21]   ↳ 已存在，跳過 (The-Chairman-Restaurant.html)
[2026-08-25 06:13:21]   ↳ 已存在，跳過 (The-Chairman-Restaurant.html)
[2026-08-25 06:13:21] [3/100] 南蛮亭香港店 | http://nanbantei.com.hk/
[2026-08-25 06:13:21] [3/100] 南蛮亭香港店 | http://nanbantei.com.hk/
[2026-08-25 06:13:21]   ↳ 已存在，跳過 (南蛮亭香港店.html)
[2026-08-25 06:13:21]   ↳ 已存在，跳過 (南蛮亭香港店.html)
[2026-08-25 06:13:21] [4/100] 添好運點心專賣店 | https://www.timhowan.com.hk/
[2026-08-25 06:13:21] [4/100] 添好運點心專賣店 | https://www.timhowan.com.hk/
[2026-08-25 06:13:21]   ↳ 已存在，跳過 (添好運點心專賣店.html)
[2026-08-25 06:13:21]   ↳ 已存在，跳過 (添好運點心專賣店.html)
[2026-08-25 06:13:21] [5/100] La Petite Maison (LPM) Hong Ko | https://lpmrestaurants.com/hongkong/
[2026-08-25 06:13:21] [5/100] La Petite Maison (LPM) Hong Ko | https://lpmrestaurants.com/hongkong/
[2026-08-25 06:13:21]   ↳ 已存在，跳過 (La-Petite-Maison-LPM-Hong-Kong.html)
[2026-08-25 06:13:21]   ↳ 已存在，跳過 (La-Petite-Maison-LPM-Hong-Kong.html)
[2026-08-25 06:13:21] [6/100] Glow Hong Kong | https://www.glowspa.hk/
[2026-08-25 06:13:21] [6/100] Glow Hong Kong | https://www.glowspa.hk/
[2026-08-25 06:13:21]   ↳ 已存在，跳過 (Glow-Hong-Kong.html)
[2026-08-25 06:13:21]   ↳ 已存在，跳過 (Glow-Hong-Kong.html)
[2026-08-25 06:13:21] [7/100] Mó The Slow Bloom | https://www.mo-hk.com/
[2026-08-25 06:13:21] [7/100] Mó The Slow Bloom | https://www.mo-hk.com/
[2026-08-25 06:13:21]   ↳ 已存在，跳過 (Mó-The-Slow-Bloom.html)
[2026-08-25 06:13:21]   ↳ 已存在，跳過 (Mó-The-Slow-Bloom.html)
[2026-08-25 06:13:21] [8/100] Lux Medical 医繊美 | https://www.luxbeauty.hk/
[2026-08-25 06:13:21] [8/100] Lux Medical 医繊美 | https://www.luxbeauty.hk/
[2026-08-25 06:13:21]   ↳ 已存在，跳過 (Lux-Medical-医繊美.html)
[2026-08-25 06:13:21]   ↳ 已存在，跳過 (Lux-Medical-医繊美.html)
[2026-08-25 06:13:21] [9/100] 114HAIR | http://www.114hair.com/
[2026-08-25 06:13:21] [9/100] 114HAIR | http://www.114hair.com/
[2026-08-25 06:13:21]   ↳ 已存在，跳過 (114HAIR.html)
[2026-08-25 06:13:21]   ↳ 已存在，跳過 (114HAIR.html)
[2026-08-25 06:13:21] [10/100] Love Hair | http://www.lovehairhk.com/
[2026-08-25 06:13:21] [10/100] Love Hair | http://www.lovehairhk.com/
[2026-08-25 06:13:21]   ↳ 已存在，跳過 (Love-Hair.html)
[2026-08-25 06:13:21]   ↳ 已存在，跳過 (Love-Hair.html)
[2026-08-25 06:13:21] [11/100] TONI&GUY HK | http://www.toniandguyhk.com/
[2026-08-25 06:13:21] [11/100] TONI&GUY HK | http://www.toniandguyhk.com/
[2026-08-25 06:13:21]   ↳ 已存在，跳過 (TONIGUY-HK.html)
[2026-08-25 06:13:21]   ↳ 已存在，跳過 (TONIGUY-HK.html)
[2026-08-25 06:13:21] [12/100] iMPROVE HAiR-尖沙咀salon 尖沙咀剪髮 尖沙 | http://www.ihair.com.hk/
[2026-08-25 06:13:21] [12/100] iMPROVE HAiR-尖沙咀salon 尖沙咀剪髮 尖沙 | http://www.ihair.com.hk/
[2026-08-25 06:13:21]   ↳ 已存在，跳過 (iMPROVE-HAiR-尖沙咀salon-尖沙咀剪髮-尖沙咀髮廊-尖沙咀中藥染髮-尖沙咀假髮-尖沙咀頭皮護理.html)
[2026-08-25 06:13:21]   ↳ 已存在，跳過 (iMPROVE-HAiR-尖沙咀salon-尖沙咀剪髮-尖沙咀髮廊-尖沙咀中藥染髮-尖沙咀假髮-尖沙咀頭皮護理.html)
[2026-08-25 06:13:21] [13/100] 金澱装修工程有限公司 | https://www.palaceengineeringltd.com/
[2026-08-25 06:13:21] [13/100] 金澱装修工程有限公司 | https://www.palaceengineeringltd.com/
[2026-08-25 06:13:21]   ↳ 已存在，跳過 (金澱装修工程有限公司.html)
[2026-08-25 06:13:21]   ↳ 已存在，跳過 (金澱装修工程有限公司.html)
[2026-08-25 06:13:21] [14/100] 鋒主義 - 室內設計公司 | 室內裝修工程 | 工期 報價  | https://www.fungstyle.com.hk/
[2026-08-25 06:13:21] [14/100] 鋒主義 - 室內設計公司 | 室內裝修工程 | 工期 報價  | https://www.fungstyle.com.hk/
[2026-08-25 06:13:21]   ↳ 已存在，跳過 (鋒主義---室內設計公司-室內裝修工程-工期-報價-服務-三大保證.html)
[2026-08-25 06:13:21]   ↳ 已存在，跳過 (鋒主義---室內設計公司-室內裝修工程-工期-報價-服務-三大保證.html)
[2026-08-25 06:13:21] [15/100] 装修兄弟 | http://www.renobro.com.hk/
[2026-08-25 06:13:21] [15/100] 装修兄弟 | http://www.renobro.com.hk/
[2026-08-25 06:13:21]   ↳ 已存在，跳過 (装修兄弟.html)
[2026-08-25 06:13:21]   ↳ 已存在，跳過 (装修兄弟.html)
[2026-08-25 06:13:21] [16/100] 居屋皇 House king | 香港室内設計及装修公司 | http://housekinghk.com/
[2026-08-25 06:13:21] [16/100] 居屋皇 House king | 香港室内設計及装修公司 | http://housekinghk.com/
[2026-08-25 06:13:21]   ↳ 已存在，跳過 (居屋皇-House-king-香港室内設計及装修公司.html)
[2026-08-25 06:13:21]   ↳ 已存在，跳過 (居屋皇-House-king-香港室内設計及装修公司.html)
[2026-08-25 06:13:21] [17/100] Toby 裝修設計平台｜免費裝修報價｜香港裝修公司及室內設計 | https://www.hellotoby.com/zh-hk/id
[2026-08-25 06:13:21] [17/100] Toby 裝修設計平台｜免費裝修報價｜香港裝修公司及室內設計 | https://www.hellotoby.com/zh-hk/id
[2026-08-25 06:13:21]   ↳ 已存在，跳過 (Toby-裝修設計平台免費裝修報價香港裝修公司及室內設計公司.html)
[2026-08-25 06:13:21]   ↳ 已存在，跳過 (Toby-裝修設計平台免費裝修報價香港裝修公司及室內設計公司.html)
[2026-08-25 06:13:21] [18/100] PET HK - Mid Levels Edition | http://pethk.com/
[2026-08-25 06:13:21] [18/100] PET HK - Mid Levels Edition | http://pethk.com/
[2026-08-25 06:13:21]   ↳ 已存在，跳過 (PET-HK---Mid-Levels-Edition.html)
[2026-08-25 06:13:21]   ↳ 已存在，跳過 (PET-HK---Mid-Levels-Edition.html)
[2026-08-25 06:13:21] [19/100] Ruff & Fetch 拉夫寵物生活 (佐敦 Jordan | http://www.ruffandfetch.com/
[2026-08-25 06:13:21] [19/100] Ruff & Fetch 拉夫寵物生活 (佐敦 Jordan | http://www.ruffandfetch.com/
[2026-08-25 06:13:21]   ↳ 已存在，跳過 (Ruff--Fetch-拉夫寵物生活-佐敦-Jordan.html)
[2026-08-25 06:13:21]   ↳ 已存在，跳過 (Ruff--Fetch-拉夫寵物生活-佐敦-Jordan.html)
[2026-08-25 06:13:21] [20/100] HKTA香港導師会 | https://www.hkta.edu.hk/
[2026-08-25 06:13:21] [20/100] HKTA香港導師会 | https://www.hkta.edu.hk/
[2026-08-25 06:13:21]   ↳ 已存在，跳過 (HKTA香港導師会.html)
[2026-08-25 06:13:21]   ↳ 已存在，跳過 (HKTA香港導師会.html)
[2026-08-25 06:13:21] [21/100] 騎士数学 Knight Mathematics - Band | https://knightmaths.edu.hk/
[2026-08-25 06:13:21] [21/100] 騎士数学 Knight Mathematics - Band | https://knightmaths.edu.hk/
[2026-08-25 06:13:21]   ↳ 已存在，跳過 (騎士数学-Knight-Mathematics---Band-1-DSE-数学補習社.html)
[2026-08-25 06:13:21]   ↳ 已存在，跳過 (騎士数学-Knight-Mathematics---Band-1-DSE-数学補習社.html)
[2026-08-25 06:13:21] [22/100] 香港文化教育中心 | https://docs.google.com/forms/d/e/1FAIpQLSdjgsQlR4w8ZgKgE9RgAUPsPwrZzAZpo5SCULDDOgygEdeDnQ/viewform
[2026-08-25 06:13:21] [22/100] 香港文化教育中心 | https://docs.google.com/forms/d/e/1FAIpQLSdjgsQlR4w8ZgKgE9RgAUPsPwrZzAZpo5SCULDDOgygEdeDnQ/viewform
[2026-08-25 06:13:21]   ↳ 已存在，跳過 (香港文化教育中心.html)
[2026-08-25 06:13:21]   ↳ 已存在，跳過 (香港文化教育中心.html)
[2026-08-25 06:13:21] [23/100] GETUTOR 香港導師総会｜上門補習中介平台｜私補導師推介 | https://www.getutor.com.hk/
[2026-08-25 06:13:21] [23/100] GETUTOR 香港導師総会｜上門補習中介平台｜私補導師推介 | https://www.getutor.com.hk/
[2026-08-25 06:13:21]   ↳ 已存在，跳過 (GETUTOR-香港導師総会上門補習中介平台私補導師推介Private-Tutors-AgencyIB-IGCSE-A.html)
[2026-08-25 06:13:21]   ↳ 已存在，跳過 (GETUTOR-香港導師総会上門補習中介平台私補導師推介Private-Tutors-AgencyIB-IGCSE-A.html)
[2026-08-25 06:13:21] [24/100] 英博教学中心 - 数学中文英文補習 - 中小学補習社 | https://eplc.edu.hk/
[2026-08-25 06:13:21] [24/100] 英博教学中心 - 数学中文英文補習 - 中小学補習社 | https://eplc.edu.hk/
[2026-08-25 06:13:21]   ↳ 已存在，跳過 (英博教学中心---数学中文英文補習---中小学補習社.html)
[2026-08-25 06:13:21]   ↳ 已存在，跳過 (英博教学中心---数学中文英文補習---中小学補習社.html)
[2026-08-25 06:13:21] [25/100] 進研教育 - 英文中文数学補習社 | https://joinin-education.com/
[2026-08-25 06:13:21] [25/100] 進研教育 - 英文中文数学補習社 | https://joinin-education.com/
[2026-08-25 06:13:21]   ↳ 已存在，跳過 (進研教育---英文中文数学補習社.html)
[2026-08-25 06:13:21]   ↳ 已存在，跳過 (進研教育---英文中文数学補習社.html)
[2026-08-25 06:13:21] [26/100] 學斯教育(灣仔) | http://hoksi-edu.com/
[2026-08-25 06:13:21] [26/100] 學斯教育(灣仔) | http://hoksi-edu.com/
[2026-08-25 06:13:21]   ↳ 已存在，跳過 (學斯教育灣仔.html)
[2026-08-25 06:13:21]   ↳ 已存在，跳過 (學斯教育灣仔.html)
[2026-08-25 06:13:21] [27/100] 補習社｜学博教育 Learn Smart Education | https://learnsmart.edu.hk/
[2026-08-25 06:13:21] [27/100] 補習社｜学博教育 Learn Smart Education | https://learnsmart.edu.hk/
[2026-08-25 06:13:21]   ↳ 已存在，跳過 (補習社学博教育-Learn-Smart-Education.html)
[2026-08-25 06:13:21]   ↳ 已存在，跳過 (補習社学博教育-Learn-Smart-Education.html)
[2026-08-25 06:13:21] [28/100] 24/7 Fitness Central | http://247.fitness/
[2026-08-25 06:13:21] [28/100] 24/7 Fitness Central | http://247.fitness/
[2026-08-25 06:13:21]   ↳ 已存在，跳過 (24-7-Fitness-Central.html)
[2026-08-25 06:13:21]   ↳ 已存在，跳過 (24-7-Fitness-Central.html)
[2026-08-25 06:13:21] [29/100] 啓弘牙科（旺角店）丨九龍/旺角牙医/智慧歯/箍牙/隠式美/全 | https://omnesdental.com/
[2026-08-25 06:13:21] [29/100] 啓弘牙科（旺角店）丨九龍/旺角牙医/智慧歯/箍牙/隠式美/全 | https://omnesdental.com/
[2026-08-25 06:13:21]   ↳ 已存在，跳過 (啓弘牙科旺角店丨九龍-旺角牙医-智慧歯-箍牙-隠式美-全方位牙科服務-専業治療牙痛-種植牙-補牙-剥牙-洗牙.html)
[2026-08-25 06:13:21]   ↳ 已存在，跳過 (啓弘牙科旺角店丨九龍-旺角牙医-智慧歯-箍牙-隠式美-全方位牙科服務-専業治療牙痛-種植牙-補牙-剥牙-洗牙.html)
[2026-08-25 06:13:21] [30/100] Smith & Jain Dentists 史密夫和鄭牙醫診 | https://smithandjaindentists.com/
[2026-08-25 06:13:21] [30/100] Smith & Jain Dentists 史密夫和鄭牙醫診 | https://smithandjaindentists.com/
[2026-08-25 06:13:21]   ↳ 已存在，跳過 (Smith--Jain-Dentists-史密夫和鄭牙醫診所.html)
[2026-08-25 06:13:21]   ↳ 已存在，跳過 (Smith--Jain-Dentists-史密夫和鄭牙醫診所.html)
[2026-08-25 06:13:21] [31/100] Home Dental (Tsim Sha Tsui Bra | https://homedentalhk.com/cn/contact-us/tst
[2026-08-25 06:13:21] [31/100] Home Dental (Tsim Sha Tsui Bra | https://homedentalhk.com/cn/contact-us/tst
[2026-08-25 06:13:21]   ↳ 已存在，跳過 (Home-Dental-Tsim-Sha-Tsui-Branch.html)
[2026-08-25 06:13:21]   ↳ 已存在，跳過 (Home-Dental-Tsim-Sha-Tsui-Branch.html)
[2026-08-25 06:13:21] [32/100] 伍裕彤牙医 | https://trucaredental.hk/
[2026-08-25 06:13:21] [32/100] 伍裕彤牙医 | https://trucaredental.hk/
[2026-08-25 06:13:21]   ↳ 已存在，跳過 (伍裕彤牙医.html)
[2026-08-25 06:13:21]   ↳ 已存在，跳過 (伍裕彤牙医.html)
[2026-08-25 06:13:21] [33/100] Home Dental | https://homedentalhk.com/cn/contact-us/cwb
[2026-08-25 06:13:21] [33/100] Home Dental | https://homedentalhk.com/cn/contact-us/cwb
[2026-08-25 06:13:21]   ↳ 已存在，跳過 (Home-Dental.html)
[2026-08-25 06:13:21]   ↳ 已存在，跳過 (Home-Dental.html)
[2026-08-25 06:13:21] [34/100] T.O.P Dental by Family Smile L | http://www.topdental.hk/
[2026-08-25 06:13:21] [34/100] T.O.P Dental by Family Smile L | http://www.topdental.hk/
[2026-08-25 06:13:21]   ↳ 已存在，跳過 (T.O.P-Dental-by-Family-Smile-Ltd-香港牙科醫療集團-旺角太子牙醫中心.html)
[2026-08-25 06:13:21]   ↳ 已存在，跳過 (T.O.P-Dental-by-Family-Smile-Ltd-香港牙科醫療集團-旺角太子牙醫中心.html)
[2026-08-25 06:13:21] [35/100] Metro Dental 城健総合牙科医療中心 | https://www.metrodental.com.hk/
[2026-08-25 06:13:21] [35/100] Metro Dental 城健総合牙科医療中心 | https://www.metrodental.com.hk/
[2026-08-25 06:13:21]   ↳ 已存在，跳過 (Metro-Dental-城健総合牙科医療中心.html)
[2026-08-25 06:13:21]   ↳ 已存在，跳過 (Metro-Dental-城健総合牙科医療中心.html)
[2026-08-25 06:13:21] [36/100] 大国手 汽車車身維修 Grand Tycoon Automo | http://grandtycoon.com/
[2026-08-25 06:13:21] [36/100] 大国手 汽車車身維修 Grand Tycoon Automo | http://grandtycoon.com/
[2026-08-25 06:13:21]   ↳ 已存在，跳過 (大国手-汽車車身維修-Grand-Tycoon-Automotive-Repair-Shop.html)
[2026-08-25 06:13:21]   ↳ 已存在，跳過 (大国手-汽車車身維修-Grand-Tycoon-Automotive-Repair-Shop.html)
[2026-08-25 06:13:21] [37/100] AutoMate | Sham Shui Po Shop | https://www.automate-app.com/auto-shop
[2026-08-25 06:13:21] [37/100] AutoMate | Sham Shui Po Shop | https://www.automate-app.com/auto-shop
[2026-08-25 06:13:21]   ↳ 已存在，跳過 (AutoMate-Sham-Shui-Po-Shop.html)
[2026-08-25 06:13:21]   ↳ 已存在，跳過 (AutoMate-Sham-Shui-Po-Shop.html)
[2026-08-25 06:13:21] [38/100] Carol Garage Limited | http://www.carolgarage.com.hk/
[2026-08-25 06:13:21] [38/100] Carol Garage Limited | http://www.carolgarage.com.hk/
[2026-08-25 06:13:21]   ↳ 已存在，跳過 (Carol-Garage-Limited.html)
[2026-08-25 06:13:21]   ↳ 已存在，跳過 (Carol-Garage-Limited.html)
[2026-08-25 06:13:21] [39/100] 八方汽車 | Power Moto Limited | http://www.power-moto.hk/
[2026-08-25 06:13:21] [39/100] 八方汽車 | Power Moto Limited | http://www.power-moto.hk/
[2026-08-25 06:13:21]   ↳ 已存在，跳過 (八方汽車-Power-Moto-Limited.html)
[2026-08-25 06:13:21]   ↳ 已存在，跳過 (八方汽車-Power-Moto-Limited.html)
[2026-08-25 06:13:21] [40/100] Flow & Roll Laundry 自助洗衣 (中環 C | https://flowandroll.com/
[2026-08-25 06:13:21] [40/100] Flow & Roll Laundry 自助洗衣 (中環 C | https://flowandroll.com/
[2026-08-25 06:13:21]   ↳ 已存在，跳過 (Flow--Roll-Laundry-自助洗衣-中環-Central.html)
[2026-08-25 06:13:21]   ↳ 已存在，跳過 (Flow--Roll-Laundry-自助洗衣-中環-Central.html)
[2026-08-25 06:13:21] [41/100] 初洗 First Laundry 觀塘24小時自助洗衣店 | https://wa.me/85268716550
[2026-08-25 06:13:21] [41/100] 初洗 First Laundry 觀塘24小時自助洗衣店 | https://wa.me/85268716550
[2026-08-25 06:13:21]   ↳ 已存在，跳過 (初洗-First-Laundry-觀塘24小時自助洗衣店.html)
[2026-08-25 06:13:21]   ↳ 已存在，跳過 (初洗-First-Laundry-觀塘24小時自助洗衣店.html)
[2026-08-25 06:13:21] [42/100] 水漾衣坊 water laundry | https://whalewashmk.hk/
[2026-08-25 06:13:21] [42/100] 水漾衣坊 water laundry | https://whalewashmk.hk/
[2026-08-25 06:13:21]   ↳ 已存在，跳過 (水漾衣坊-water-laundry.html)
[2026-08-25 06:13:21]   ↳ 已存在，跳過 (水漾衣坊-water-laundry.html)
[2026-08-25 06:13:21] [43/100] FLORISTRY by ART OF LIVING | http://www.floristrybyartofliving.com/
[2026-08-25 06:13:21] [43/100] FLORISTRY by ART OF LIVING | http://www.floristrybyartofliving.com/
[2026-08-25 06:13:21]   ↳ 已存在，跳過 (FLORISTRY-by-ART-OF-LIVING.html)
[2026-08-25 06:13:21]   ↳ 已存在，跳過 (FLORISTRY-by-ART-OF-LIVING.html)
[2026-08-25 06:13:21] [44/100] 花籃 450 - Flower 450 | https://flower450.com/
[2026-08-25 06:13:21] [44/100] 花籃 450 - Flower 450 | https://flower450.com/
[2026-08-25 06:13:21]   ↳ 已存在，跳過 (花籃-450---Flower-450.html)
[2026-08-25 06:13:21]   ↳ 已存在，跳過 (花籃-450---Flower-450.html)
[2026-08-25 06:13:21] [45/100] 優之花鋪-U Flower Shop | https://www.uflowershop.com/
[2026-08-25 06:13:21] [45/100] 優之花鋪-U Flower Shop | https://www.uflowershop.com/
[2026-08-25 06:13:21]   ↳ 已存在，跳過 (優之花鋪-U-Flower-Shop.html)
[2026-08-25 06:13:21]   ↳ 已存在，跳過 (優之花鋪-U-Flower-Shop.html)
[2026-08-25 06:13:21] [46/100] Eternal Flora hk | https://www.eternalflorahk.com/
[2026-08-25 06:13:21] [46/100] Eternal Flora hk | https://www.eternalflorahk.com/
[2026-08-25 06:13:21]   ↳ 已存在，跳過 (Eternal-Flora-hk.html)
[2026-08-25 06:13:21]   ↳ 已存在，跳過 (Eternal-Flora-hk.html)
[2026-08-25 06:13:21] [47/100] FDHK - Flower Delivery Hong Ko | https://flowerdeliveryhongkong.com/
[2026-08-25 06:13:21] [47/100] FDHK - Flower Delivery Hong Ko | https://flowerdeliveryhongkong.com/
[2026-08-25 06:13:21]   ↳ 已存在，跳過 (FDHK---Flower-Delivery-Hong-Kong.html)
[2026-08-25 06:13:21]   ↳ 已存在，跳過 (FDHK---Flower-Delivery-Hong-Kong.html)
[2026-08-25 06:13:21] [48/100] Joseph Photo 香港專業攝影工作室 | https://josephphoto.hk/
[2026-08-25 06:13:21] [48/100] Joseph Photo 香港專業攝影工作室 | https://josephphoto.hk/
[2026-08-25 06:13:21]   ↳ 已存在，跳過 (Joseph-Photo-香港專業攝影工作室.html)
[2026-08-25 06:13:21]   ↳ 已存在，跳過 (Joseph-Photo-香港專業攝影工作室.html)
[2026-08-25 06:13:21] [49/100] Majesty Professional Photo殿堂館- | https://www.majestyprofessional.com/
[2026-08-25 06:13:21] [49/100] Majesty Professional Photo殿堂館- | https://www.majestyprofessional.com/
[2026-08-25 06:13:21]   ↳ 已存在，跳過 (Majesty-Professional-Photo殿堂館-專業照首選.html)
[2026-08-25 06:13:21]   ↳ 已存在，跳過 (Majesty-Professional-Photo殿堂館-專業照首選.html)
[2026-08-25 06:13:21] [50/100] Owl Photo Studio 貓頭鷹照相館 | https://www.owlphoto.hk/
[2026-08-25 06:13:21] [50/100] Owl Photo Studio 貓頭鷹照相館 | https://www.owlphoto.hk/
[2026-08-25 06:13:21]   ↳ 已存在，跳過 (Owl-Photo-Studio-貓頭鷹照相館.html)
[2026-08-25 06:13:21]   ↳ 已存在，跳過 (Owl-Photo-Studio-貓頭鷹照相館.html)
[2026-08-25 06:13:21] [51/100] Yat Tung Heen - Eaton HK | https://www.yattungheen.com/
[2026-08-25 06:13:21] [51/100] Yat Tung Heen - Eaton HK | https://www.yattungheen.com/
[2026-08-25 06:13:21]   ↳ 已存在，跳過 (Yat-Tung-Heen---Eaton-HK.html)
[2026-08-25 06:13:21]   ↳ 已存在，跳過 (Yat-Tung-Heen---Eaton-HK.html)
[2026-08-25 06:13:21] [52/100] Hair Quest Hair salon Central | https://www.hairquest-hk.com/
[2026-08-25 06:13:21] [52/100] Hair Quest Hair salon Central | https://www.hairquest-hk.com/
[2026-08-25 06:13:21]   ↳ 已存在，跳過 (Hair-Quest-Hair-salon-Central.html)
[2026-08-25 06:13:21]   ↳ 已存在，跳過 (Hair-Quest-Hair-salon-Central.html)
[2026-08-25 06:13:21] [53/100] 天下猫猫一様猫 | https://www.catiscat.com.hk/
[2026-08-25 06:13:21] [53/100] 天下猫猫一様猫 | https://www.catiscat.com.hk/
[2026-08-25 06:13:21]   ↳ 已存在，跳過 (天下猫猫一様猫.html)
[2026-08-25 06:13:21]   ↳ 已存在，跳過 (天下猫猫一様猫.html)
[2026-08-25 06:13:21] [54/100] Bora beauty | https://bora.hk/
[2026-08-25 06:13:21] [54/100] Bora beauty | https://bora.hk/
[2026-08-25 06:13:21]   ↳ 已存在，跳過 (Bora-beauty.html)
[2026-08-25 06:13:21]   ↳ 已存在，跳過 (Bora-beauty.html)
[2026-08-25 06:13:21] [55/100] Dream Scenes Studio | http://dreamscenesstudio.com/
[2026-08-25 06:13:21] [55/100] Dream Scenes Studio | http://dreamscenesstudio.com/
[2026-08-25 06:13:21]   ↳ 已存在，跳過 (Dream-Scenes-Studio.html)
[2026-08-25 06:13:21]   ↳ 已存在，跳過 (Dream-Scenes-Studio.html)
[2026-08-25 06:13:21] [56/100] Dazzling Smile Dental Clinic 瑩 | https://dazzlingsmiledentalclinic.com/
[2026-08-25 06:13:21] [56/100] Dazzling Smile Dental Clinic 瑩 | https://dazzlingsmiledentalclinic.com/
[2026-08-25 06:13:21]   ↳ 已存在，跳過 (Dazzling-Smile-Dental-Clinic-瑩恩牙科診所.html)
[2026-08-25 06:13:21]   ↳ 已存在，跳過 (Dazzling-Smile-Dental-Clinic-瑩恩牙科診所.html)
[2026-08-25 06:13:21] [57/100] Family Smile Limited | http://www.familysmile.hk/
[2026-08-25 06:13:21] [57/100] Family Smile Limited | http://www.familysmile.hk/
[2026-08-25 06:13:21]   ↳ 已存在，跳過 (Family-Smile-Limited.html)
[2026-08-25 06:13:21]   ↳ 已存在，跳過 (Family-Smile-Limited.html)
[2026-08-25 06:13:21] [58/100] INDULGENCE hair & beauty salon | http://www.indulgence.hk/
[2026-08-25 06:13:21] [58/100] INDULGENCE hair & beauty salon | http://www.indulgence.hk/
[2026-08-25 06:13:21]   ↳ 已存在，跳過 (INDULGENCE-hair--beauty-salon.html)
[2026-08-25 06:13:21]   ↳ 已存在，跳過 (INDULGENCE-hair--beauty-salon.html)
[2026-08-25 06:13:21] [59/100] 花店 | 花束專家 | https://www.flowerbouquet.com.hk/
[2026-08-25 06:13:21] [59/100] 花店 | 花束專家 | https://www.flowerbouquet.com.hk/
[2026-08-25 06:13:21]   ↳ 已存在，跳過 (花店-花束專家.html)
[2026-08-25 06:13:21]   ↳ 已存在，跳過 (花店-花束專家.html)
[2026-08-25 06:13:21] [60/100] 網上訂花 ‧ 送花香港 | Fdhk 最高評分即日網上花店 | https://flowerdeliveryhongkong.com/zh
[2026-08-25 06:13:21] [60/100] 網上訂花 ‧ 送花香港 | Fdhk 最高評分即日網上花店 | https://flowerdeliveryhongkong.com/zh
[2026-08-25 06:13:21]   ↳ 已存在，跳過 (網上訂花--送花香港-Fdhk-最高評分即日網上花店.html)
[2026-08-25 06:13:21]   ↳ 已存在，跳過 (網上訂花--送花香港-Fdhk-最高評分即日網上花店.html)
[2026-08-25 06:13:21] [61/100] Rhine Flowers | https://rhineflowers.com/
[2026-08-25 06:13:21] [61/100] Rhine Flowers | https://rhineflowers.com/
[2026-08-25 06:13:21]   ↳ 已存在，跳過 (Rhine-Flowers.html)
[2026-08-25 06:13:21]   ↳ 已存在，跳過 (Rhine-Flowers.html)
[2026-08-25 06:13:21] [62/100] 香港花店｜網上訂花及送花｜Gift Flowers HK | https://giftflowers.com.hk/cn/
[2026-08-25 06:13:21] [62/100] 香港花店｜網上訂花及送花｜Gift Flowers HK | https://giftflowers.com.hk/cn/
[2026-08-25 06:13:21]   ↳ 已存在，跳過 (香港花店網上訂花及送花Gift-Flowers-HK.html)
[2026-08-25 06:13:21]   ↳ 已存在，跳過 (香港花店網上訂花及送花Gift-Flowers-HK.html)
[2026-08-25 06:13:21] [63/100] Flora Floriculture - 花店 | https://www.floraf.com.hk/
[2026-08-25 06:13:21] [63/100] Flora Floriculture - 花店 | https://www.floraf.com.hk/
[2026-08-25 06:13:21]   ↳ 已存在，跳過 (Flora-Floriculture---花店.html)
[2026-08-25 06:13:21]   ↳ 已存在，跳過 (Flora-Floriculture---花店.html)
[2026-08-25 06:13:21] [64/100] 香港花店 | https://www.mrsliuflorist.com/
[2026-08-25 06:13:21] [64/100] 香港花店 | https://www.mrsliuflorist.com/
[2026-08-25 06:13:21]   ↳ 已存在，跳過 (香港花店.html)
[2026-08-25 06:13:21]   ↳ 已存在，跳過 (香港花店.html)
[2026-08-25 06:13:21] [65/100] 網上花店| 網上訂花 | 即日送花 | HKfashop | https://hkfashop.com/
[2026-08-25 06:13:21] [65/100] 網上花店| 網上訂花 | 即日送花 | HKfashop | https://hkfashop.com/
[2026-08-25 06:13:21]   ↳ 已存在，跳過 (網上花店-網上訂花-即日送花-HKfashop.html)
[2026-08-25 06:13:21]   ↳ 已存在，跳過 (網上花店-網上訂花-即日送花-HKfashop.html)
[2026-08-25 06:13:21] [66/100] 【 送花】 ｜訂花｜Flowerbee Florist訂花束 | https://flowerbee-hk.com/zh
[2026-08-25 06:13:21] [66/100] 【 送花】 ｜訂花｜Flowerbee Florist訂花束 | https://flowerbee-hk.com/zh
[2026-08-25 06:13:21]   ↳ 已存在，跳過 (送花-訂花Flowerbee-Florist訂花束---Flowerbee-HK-Florist.html)
[2026-08-25 06:13:21]   ↳ 已存在，跳過 (送花-訂花Flowerbee-Florist訂花束---Flowerbee-HK-Florist.html)
[2026-08-25 06:13:21] [67/100] 花點時間｜香港旺角花墟實體花店：24小時訂花、鮮花花束、開張 | https://www.reflower.com.hk/
[2026-08-25 06:13:21] [67/100] 花點時間｜香港旺角花墟實體花店：24小時訂花、鮮花花束、開張 | https://www.reflower.com.hk/
[2026-08-25 06:13:21]   ↳ 已存在，跳過 (花點時間香港旺角花墟實體花店24小時訂花鮮花花束開張花籃鮮花批發---花點時間-Reflower.html)
[2026-08-25 06:13:21]   ↳ 已存在，跳過 (花點時間香港旺角花墟實體花店24小時訂花鮮花花束開張花籃鮮花批發---花點時間-Reflower.html)
[2026-08-25 06:13:21] [68/100] 香港花店- 首頁花店推薦 - 我們代表和倡導位於香港島、九龍 | https://zh-hk.hk-florist.org/
[2026-08-25 06:13:21] [68/100] 香港花店- 首頁花店推薦 - 我們代表和倡導位於香港島、九龍 | https://zh-hk.hk-florist.org/
[2026-08-25 06:13:21]   ↳ 已存在，跳過 (香港花店--首頁花店推薦---我們代表和倡導位於香港島九龍和新界的花店以及在線花店和鮮花配送公司.html)
[2026-08-25 06:13:21]   ↳ 已存在，跳過 (香港花店--首頁花店推薦---我們代表和倡導位於香港島九龍和新界的花店以及在線花店和鮮花配送公司.html)
[2026-08-25 06:13:21] [69/100] 有花漾 ZH Flowers | https://www.zh-flowers.com/
[2026-08-25 06:13:21] [69/100] 有花漾 ZH Flowers | https://www.zh-flowers.com/
[2026-08-25 06:13:21]   ↳ 已存在，跳過 (有花漾-ZH-Flowers.html)
[2026-08-25 06:13:21]   ↳ 已存在，跳過 (有花漾-ZH-Flowers.html)
[2026-08-25 06:13:21] [70/100] 花店花生花華 | FaSunflower Florist | https://www.fasunflower.com/
[2026-08-25 06:13:21] [70/100] 花店花生花華 | FaSunflower Florist | https://www.fasunflower.com/
[2026-08-25 06:13:21]   ↳ 已存在，跳過 (花店花生花華-FaSunflower-Florist.html)
[2026-08-25 06:13:21]   ↳ 已存在，跳過 (花店花生花華-FaSunflower-Florist.html)
[2026-08-25 06:13:21] [71/100] 格蘭花店 Grand Floral & Gift Shop | https://grand.com.hk/
[2026-08-25 06:13:21] [71/100] 格蘭花店 Grand Floral & Gift Shop | https://grand.com.hk/
[2026-08-25 06:13:21]   ↳ 已存在，跳過 (格蘭花店-Grand-Floral--Gift-Shop.html)
[2026-08-25 06:13:21]   ↳ 已存在，跳過 (格蘭花店-Grand-Floral--Gift-Shop.html)
[2026-08-25 06:13:21] [72/100] WHY Studio - 上環證件相｜學生相｜專業形象照 | https://www.whystudiohk.com/
[2026-08-25 06:13:21] [72/100] WHY Studio - 上環證件相｜學生相｜專業形象照 | https://www.whystudiohk.com/
[2026-08-25 06:13:21]   ↳ 已存在，跳過 (WHY-Studio---上環證件相學生相專業形象照.html)
[2026-08-25 06:13:21]   ↳ 已存在，跳過 (WHY-Studio---上環證件相學生相專業形象照.html)
[2026-08-25 06:13:21] [73/100] Cat Watt 晴珊猫舎 | http://www.catwatt.com/
[2026-08-25 06:13:21] [73/100] Cat Watt 晴珊猫舎 | http://www.catwatt.com/
[2026-08-25 06:13:21]   ↳ 已存在，跳過 (Cat-Watt-晴珊猫舎.html)
[2026-08-25 06:13:21]   ↳ 已存在，跳過 (Cat-Watt-晴珊猫舎.html)
[2026-08-25 06:13:21] [74/100] 牙齒矯正及兒童齒科中心 (旺角朗豪坊) | Orthodon | https://www.ortho-center.com/
[2026-08-25 06:13:21] [74/100] 牙齒矯正及兒童齒科中心 (旺角朗豪坊) | Orthodon | https://www.ortho-center.com/
[2026-08-25 06:13:21]   ↳ 已存在，跳過 (牙齒矯正及兒童齒科中心-旺角朗豪坊-Orthodontic--Childrens-Dental-Center-Langh.html)
[2026-08-25 06:13:21]   ↳ 已存在，跳過 (牙齒矯正及兒童齒科中心-旺角朗豪坊-Orthodontic--Childrens-Dental-Center-Langh.html)
[2026-08-25 06:13:21] [75/100] HALO Flowers | https://haloflowers.com.hk/zh-hant/
[2026-08-25 06:13:21] [75/100] HALO Flowers | https://haloflowers.com.hk/zh-hant/
[2026-08-25 06:13:21]   ↳ 已存在，跳過 (HALO-Flowers.html)
[2026-08-25 06:13:21]   ↳ 已存在，跳過 (HALO-Flowers.html)
[2026-08-25 06:13:21] [76/100] Pettington 柏靈頓獸醫寵物用品 | https://www.pettington.com/
[2026-08-25 06:13:21] [76/100] Pettington 柏靈頓獸醫寵物用品 | https://www.pettington.com/
[2026-08-25 06:13:21]   ↳ 已存在，跳過 (Pettington-柏靈頓獸醫寵物用品.html)
[2026-08-25 06:13:21]   ↳ 已存在，跳過 (Pettington-柏靈頓獸醫寵物用品.html)
[2026-08-25 06:13:21] [77/100] 皓保牙科診所 Craft Smile Dental Cent | https://zh.drchrischeung.com/
[2026-08-25 06:13:21] [77/100] 皓保牙科診所 Craft Smile Dental Cent | https://zh.drchrischeung.com/
[2026-08-25 06:13:21]   ↳ 已存在，跳過 (皓保牙科診所-Craft-Smile-Dental-Center.html)
[2026-08-25 06:13:21]   ↳ 已存在，跳過 (皓保牙科診所-Craft-Smile-Dental-Center.html)
[2026-08-25 06:13:21] [78/100] Toyota Kowloon Bay Service Cen | https://www.toyota.com.hk/?utm_campaign=gmb&utm_medium=organic&utm_source=local
[2026-08-25 06:13:21] [78/100] Toyota Kowloon Bay Service Cen | https://www.toyota.com.hk/?utm_campaign=gmb&utm_medium=organic&utm_source=local
[2026-08-25 06:13:21]   ↳ 已存在，跳過 (Toyota-Kowloon-Bay-Service-Centre-Mechanical.html)
[2026-08-25 06:13:21]   ↳ 已存在，跳過 (Toyota-Kowloon-Bay-Service-Centre-Mechanical.html)
[2026-08-25 06:13:21] [79/100] Anglo Chinese Florist | http://www.anglochinese.com/
[2026-08-25 06:13:21] [79/100] Anglo Chinese Florist | http://www.anglochinese.com/
[2026-08-25 06:13:21]   ↳ 已存在，跳過 (Anglo-Chinese-Florist.html)
[2026-08-25 06:13:21]   ↳ 已存在，跳過 (Anglo-Chinese-Florist.html)
[2026-08-25 06:13:21] [80/100] Photobi HK 韓式 証件相拍摂工作室 - 湾仔店 | https://photobi.hk/
[2026-08-25 06:13:21] [80/100] Photobi HK 韓式 証件相拍摂工作室 - 湾仔店 | https://photobi.hk/
[2026-08-25 06:13:21]   ↳ 已存在，跳過 (Photobi-HK-韓式-証件相拍摂工作室---湾仔店.html)
[2026-08-25 06:13:21]   ↳ 已存在，跳過 (Photobi-HK-韓式-証件相拍摂工作室---湾仔店.html)
[2026-08-25 06:13:21] [81/100] Advance Pet Food | http://advancepetfood.com/
[2026-08-25 06:13:21] [81/100] Advance Pet Food | http://advancepetfood.com/
[2026-08-25 06:13:21]   ↳ 已存在，跳過 (Advance-Pet-Food.html)
[2026-08-25 06:13:21]   ↳ 已存在，跳過 (Advance-Pet-Food.html)
[2026-08-25 06:13:21] [82/100] Anna Maria Studio | http://annamstudio.com/
[2026-08-25 06:13:21] [82/100] Anna Maria Studio | http://annamstudio.com/
[2026-08-25 06:13:21]   ↳ 已存在，跳過 (Anna-Maria-Studio.html)
[2026-08-25 06:13:21]   ↳ 已存在，跳過 (Anna-Maria-Studio.html)
[2026-08-25 06:13:21] [83/100] 1984 HAIR SALON | https://1984hairsalon.wixsite.com/1984-hairsalon
[2026-08-25 06:13:21] [83/100] 1984 HAIR SALON | https://1984hairsalon.wixsite.com/1984-hairsalon
[2026-08-25 06:13:21]   ↳ 已存在，跳過 (1984-HAIR-SALON.html)
[2026-08-25 06:13:21]   ↳ 已存在，跳過 (1984-HAIR-SALON.html)
[2026-08-25 06:13:21] [84/100] Bulls PPF 専門店 | https://www.ppf.com.hk/
[2026-08-25 06:13:21] [84/100] Bulls PPF 専門店 | https://www.ppf.com.hk/
[2026-08-25 06:13:21]   ↳ 已存在，跳過 (Bulls-PPF-専門店.html)
[2026-08-25 06:13:21]   ↳ 已存在，跳過 (Bulls-PPF-専門店.html)
[2026-08-25 06:13:21] [85/100] LEEKAJA X AMONG Hair Salon Cen | https://www.leekaja.hk/
[2026-08-25 06:13:21] [85/100] LEEKAJA X AMONG Hair Salon Cen | https://www.leekaja.hk/
[2026-08-25 06:13:21]   ↳ 已存在，跳過 (LEEKAJA-X-AMONG-Hair-Salon-Century-Square-in-Hongkong-한국-미용실.html)
[2026-08-25 06:13:21]   ↳ 已存在，跳過 (LEEKAJA-X-AMONG-Hair-Salon-Century-Square-in-Hongkong-한국-미용실.html)
[2026-08-25 06:13:21] [86/100] MEGAPET (Kowloon City Shop) | http://www.megapet.com.hk/
[2026-08-25 06:13:21] [86/100] MEGAPET (Kowloon City Shop) | http://www.megapet.com.hk/
[2026-08-25 06:13:21]   ↳ 已存在，跳過 (MEGAPET-Kowloon-City-Shop.html)
[2026-08-25 06:13:21]   ↳ 已存在，跳過 (MEGAPET-Kowloon-City-Shop.html)
[2026-08-25 06:13:21] [87/100] 仁健牙科 Nixon Dental (太子牙醫/旺角牙醫/洗 | http://www.nixondental.com/
[2026-08-25 06:13:21] [87/100] 仁健牙科 Nixon Dental (太子牙醫/旺角牙醫/洗 | http://www.nixondental.com/
[2026-08-25 06:13:21]   ↳ 已存在，跳過 (仁健牙科-Nixon-Dental-太子牙醫-旺角牙醫-洗牙-補牙-種牙-植牙-杜牙根-智慧齒-箍牙-Invisalig.html)
[2026-08-25 06:13:21]   ↳ 已存在，跳過 (仁健牙科-Nixon-Dental-太子牙醫-旺角牙醫-洗牙-補牙-種牙-植牙-杜牙根-智慧齒-箍牙-Invisalig.html)
[2026-08-25 06:13:21] [88/100] 香港車房及汽車維修 | CarService.hk | https://www.carservice.hk/zh-hk
[2026-08-25 06:13:21] [88/100] 香港車房及汽車維修 | CarService.hk | https://www.carservice.hk/zh-hk
[2026-08-25 06:13:21]   ↳ 已存在，跳過 (香港車房及汽車維修-CarService.hk.html)
[2026-08-25 06:13:21]   ↳ 已存在，跳過 (香港車房及汽車維修-CarService.hk.html)
[2026-08-25 06:13:21] [89/100] 24小時 上門汽車維修保養服務 | https://garage-hk.com/onsite.php
[2026-08-25 06:13:21] [89/100] 24小時 上門汽車維修保養服務 | https://garage-hk.com/onsite.php
[2026-08-25 06:13:21]   ↳ 已存在，跳過 (24小時-上門汽車維修保養服務.html)
[2026-08-25 06:13:21]   ↳ 已存在，跳過 (24小時-上門汽車維修保養服務.html)
[2026-08-25 06:13:21] [90/100] 保養及維修服務 - Dchmsc | https://www.dchmsc.com/zh/maintenance-repair
[2026-08-25 06:13:21] [90/100] 保養及維修服務 - Dchmsc | https://www.dchmsc.com/zh/maintenance-repair
[2026-08-25 06:13:21]   ↳ 已存在，跳過 (保養及維修服務---Dchmsc.html)
[2026-08-25 06:13:21]   ↳ 已存在，跳過 (保養及維修服務---Dchmsc.html)
[2026-08-25 06:13:21] [91/100] Carro Care | https://carro.co/hk/zh-hant-hk/carro-care
[2026-08-25 06:13:21] [91/100] Carro Care | https://carro.co/hk/zh-hant-hk/carro-care
[2026-08-25 06:13:21]   ↳ 已存在，跳過 (Carro-Care.html)
[2026-08-25 06:13:21]   ↳ 已存在，跳過 (Carro-Care.html)
[2026-08-25 06:13:21] [92/100] 車師傅 - 全港認證車師傅總匯 | https://www.mastercar.hk/
[2026-08-25 06:13:21] [92/100] 車師傅 - 全港認證車師傅總匯 | https://www.mastercar.hk/
[2026-08-25 06:13:21]   ↳ 已存在，跳過 (車師傅---全港認證車師傅總匯.html)
[2026-08-25 06:13:21]   ↳ 已存在，跳過 (車師傅---全港認證車師傅總匯.html)
[2026-08-25 06:13:21] [93/100] 堅記車房平台 | https://www.kinkeecar.com/
[2026-08-25 06:13:21] [93/100] 堅記車房平台 | https://www.kinkeecar.com/
[2026-08-25 06:13:21]   ↳ 已存在，跳過 (堅記車房平台.html)
[2026-08-25 06:13:21]   ↳ 已存在，跳過 (堅記車房平台.html)
[2026-08-25 06:13:21] [94/100] 汽車保養及汽車維修 | CarService.hk | https://www.carservice.hk/zh-hk/services/car-servicing
[2026-08-25 06:13:21] [94/100] 汽車保養及汽車維修 | CarService.hk | https://www.carservice.hk/zh-hk/services/car-servicing
[2026-08-25 06:13:21]   ↳ 已存在，跳過 (汽車保養及汽車維修-CarService.hk.html)
[2026-08-25 06:13:21]   ↳ 已存在，跳過 (汽車保養及汽車維修-CarService.hk.html)
[2026-08-25 06:13:21] [95/100] 汽車維修 - Anyone | https://www.anyonehk.com/%E6%B1%BD%E8%BB%8A%E7%B6%AD%E4%BF%AE/
[2026-08-25 06:13:21] [95/100] 汽車維修 - Anyone | https://www.anyonehk.com/%E6%B1%BD%E8%BB%8A%E7%B6%AD%E4%BF%AE/
[2026-08-25 06:13:21]   ↳ 已存在，跳過 (汽車維修---Anyone.html)
[2026-08-25 06:13:21]   ↳ 已存在，跳過 (汽車維修---Anyone.html)
[2026-08-25 06:13:21] [96/100] 香港汽車維修公司名錄 - 新成立/注册及已更改名称的公司名单 | https://hkg.databasesets.com/zh-hant/gongsimingdan/type/Motor_Service
[2026-08-25 06:13:21] [96/100] 香港汽車維修公司名錄 - 新成立/注册及已更改名称的公司名单 | https://hkg.databasesets.com/zh-hant/gongsimingdan/type/Motor_Service
[2026-08-25 06:13:21]   ↳ 已存在，跳過 (香港汽車維修公司名錄---新成立-注册及已更改名称的公司名单.html)
[2026-08-25 06:13:21]   ↳ 已存在，跳過 (香港汽車維修公司名錄---新成立-注册及已更改名称的公司名单.html)
[2026-08-25 06:13:21] [97/100] 汽車服務公司 - Driver.com.hk | https://www.driver.com.hk/service
[2026-08-25 06:13:21] [97/100] 汽車服務公司 - Driver.com.hk | https://www.driver.com.hk/service
[2026-08-25 06:13:21]   ↳ 已存在，跳過 (汽車服務公司---Driver.com.hk.html)
[2026-08-25 06:13:21]   ↳ 已存在，跳過 (汽車服務公司---Driver.com.hk.html)
[2026-08-25 06:13:21] [98/100] 最佳香港花店推介 送花訂花好去處/網上買花 | https://www.timeout.com.hk/hong-kong/hk/%E8%B3%BC%E7%89%A9/%E6%9C%80%E4%BD%B3%E9%A6%99%E6%B8%AF%E8%8A%B1%E5%BA%97%E6%8E%A8%E4%BB%8B-%E9%80%81%E8%8A%B1%E8%A8%82%E8%8A%B1%E5%A5%BD%E5%8E%BB%E8%99%95-%E7%B6%B2%E4%B8%8A%E8%B2%B7%E8%8A%B1
[2026-08-25 06:13:21] [98/100] 最佳香港花店推介 送花訂花好去處/網上買花 | https://www.timeout.com.hk/hong-kong/hk/%E8%B3%BC%E7%89%A9/%E6%9C%80%E4%BD%B3%E9%A6%99%E6%B8%AF%E8%8A%B1%E5%BA%97%E6%8E%A8%E4%BB%8B-%E9%80%81%E8%8A%B1%E8%A8%82%E8%8A%B1%E5%A5%BD%E5%8E%BB%E8%99%95-%E7%B6%B2%E4%B8%8A%E8%B2%B7%E8%8A%B1
[2026-08-25 06:13:21]   ↳ 已存在，跳過 (最佳香港花店推介-送花訂花好去處-網上買花.html)
[2026-08-25 06:13:21]   ↳ 已存在，跳過 (最佳香港花店推介-送花訂花好去處-網上買花.html)
[2026-08-25 06:13:21] [99/100] HK Florist Directory | https://zh-hk.hk-florist.org/hk-florist-directory/
[2026-08-25 06:13:21] [99/100] HK Florist Directory | https://zh-hk.hk-florist.org/hk-florist-directory/
[2026-08-25 06:13:21]   ↳ 已存在，跳過 (HK-Florist-Directory.html)
[2026-08-25 06:13:21]   ↳ 已存在，跳過 (HK-Florist-Directory.html)
[2026-08-25 06:13:21] [100/100] 主頁 | https://shunkeeflowers.com.hk/
[2026-08-25 06:13:21] [100/100] 主頁 | https://shunkeeflowers.com.hk/
[2026-08-25 06:13:21]   ↳ 已存在，跳過 (主頁.html)
[2026-08-25 06:13:21]   ↳ 已存在，跳過 (主頁.html)
[2026-08-25 06:13:21] == 完成 ==
[2026-08-25 06:13:21] == 完成 ==
[2026-08-25 06:13:21] 成功 100 個，失敗 0 個
[2026-08-25 06:13:21] 成功 100 個，失敗 0 個

── 失敗清單 ──
[2026-08-25 06:13:21] == 開始為 0 間「沒網站但有聯絡」的商家建立一頁式網頁 → /home/ubuntu/.mok/html/project/MokCs ==
[2026-08-25 06:13:21] == 開始為 0 間「沒網站但有聯絡」的商家建立一頁式網頁 → /home/ubuntu/.mok/html/project/MokCs ==
[2026-08-25 06:13:21] == 一頁式網頁完成：0/0 ==
[2026-08-25 06:13:21] == 一頁式網頁完成：0/0 ==
[2026-08-25 06:43:26]   過濾：102 間 → 保留 102 間有 WhatsApp/Email 的商家
[2026-08-25 06:43:26]   過濾：102 間 → 保留 102 間有 WhatsApp/Email 的商家
[2026-08-25 06:43:26] == 開始克隆 102 個商家首頁 → /home/ubuntu/.mok/html/project/MokCs ==
[2026-08-25 06:43:26] == 開始克隆 102 個商家首頁 → /home/ubuntu/.mok/html/project/MokCs ==
[2026-08-25 06:43:26] [1/102] Hutong | https://hutong.com.hk/
[2026-08-25 06:43:26] [1/102] Hutong | https://hutong.com.hk/
[2026-08-25 06:43:26]   ↳ 已存在，跳過 (Hutong.html)
[2026-08-25 06:43:26]   ↳ 已存在，跳過 (Hutong.html)
[2026-08-25 06:43:26] [2/102] The Chairman Restaurant | https://www.thechairmangroup.com/
[2026-08-25 06:43:26] [2/102] The Chairman Restaurant | https://www.thechairmangroup.com/
[2026-08-25 06:43:26]   ↳ 已存在，跳過 (The-Chairman-Restaurant.html)
[2026-08-25 06:43:26]   ↳ 已存在，跳過 (The-Chairman-Restaurant.html)
[2026-08-25 06:43:26] [3/102] 南蛮亭香港店 | http://nanbantei.com.hk/
[2026-08-25 06:43:26] [3/102] 南蛮亭香港店 | http://nanbantei.com.hk/
[2026-08-25 06:43:26]   ↳ 已存在，跳過 (南蛮亭香港店.html)
[2026-08-25 06:43:26]   ↳ 已存在，跳過 (南蛮亭香港店.html)
[2026-08-25 06:43:26] [4/102] 添好運點心專賣店 | https://www.timhowan.com.hk/
[2026-08-25 06:43:26] [4/102] 添好運點心專賣店 | https://www.timhowan.com.hk/
[2026-08-25 06:43:26]   ↳ 已存在，跳過 (添好運點心專賣店.html)
[2026-08-25 06:43:26]   ↳ 已存在，跳過 (添好運點心專賣店.html)
[2026-08-25 06:43:26] [5/102] La Petite Maison (LPM) Hong Ko | https://lpmrestaurants.com/hongkong/
[2026-08-25 06:43:26] [5/102] La Petite Maison (LPM) Hong Ko | https://lpmrestaurants.com/hongkong/
[2026-08-25 06:43:26]   ↳ 已存在，跳過 (La-Petite-Maison-LPM-Hong-Kong.html)
[2026-08-25 06:43:26]   ↳ 已存在，跳過 (La-Petite-Maison-LPM-Hong-Kong.html)
[2026-08-25 06:43:26] [6/102] Glow Hong Kong | https://www.glowspa.hk/
[2026-08-25 06:43:26] [6/102] Glow Hong Kong | https://www.glowspa.hk/
[2026-08-25 06:43:26]   ↳ 已存在，跳過 (Glow-Hong-Kong.html)
[2026-08-25 06:43:26]   ↳ 已存在，跳過 (Glow-Hong-Kong.html)
[2026-08-25 06:43:26] [7/102] Mó The Slow Bloom | https://www.mo-hk.com/
[2026-08-25 06:43:26] [7/102] Mó The Slow Bloom | https://www.mo-hk.com/
[2026-08-25 06:43:26]   ↳ 已存在，跳過 (Mó-The-Slow-Bloom.html)
[2026-08-25 06:43:26]   ↳ 已存在，跳過 (Mó-The-Slow-Bloom.html)
[2026-08-25 06:43:26] [8/102] Lux Medical 医繊美 | https://www.luxbeauty.hk/
[2026-08-25 06:43:26] [8/102] Lux Medical 医繊美 | https://www.luxbeauty.hk/
[2026-08-25 06:43:26]   ↳ 已存在，跳過 (Lux-Medical-医繊美.html)
[2026-08-25 06:43:26]   ↳ 已存在，跳過 (Lux-Medical-医繊美.html)
[2026-08-25 06:43:26] [9/102] 114HAIR | http://www.114hair.com/
[2026-08-25 06:43:26] [9/102] 114HAIR | http://www.114hair.com/
[2026-08-25 06:43:26]   ↳ 已存在，跳過 (114HAIR.html)
[2026-08-25 06:43:26]   ↳ 已存在，跳過 (114HAIR.html)
[2026-08-25 06:43:26] [10/102] Love Hair | http://www.lovehairhk.com/
[2026-08-25 06:43:26] [10/102] Love Hair | http://www.lovehairhk.com/
[2026-08-25 06:43:26]   ↳ 已存在，跳過 (Love-Hair.html)
[2026-08-25 06:43:26]   ↳ 已存在，跳過 (Love-Hair.html)
[2026-08-25 06:43:26] [11/102] TONI&GUY HK | http://www.toniandguyhk.com/
[2026-08-25 06:43:26] [11/102] TONI&GUY HK | http://www.toniandguyhk.com/
[2026-08-25 06:43:26]   ↳ 已存在，跳過 (TONIGUY-HK.html)
[2026-08-25 06:43:26]   ↳ 已存在，跳過 (TONIGUY-HK.html)
[2026-08-25 06:43:26] [12/102] iMPROVE HAiR-尖沙咀salon 尖沙咀剪髮 尖沙 | http://www.ihair.com.hk/
[2026-08-25 06:43:26] [12/102] iMPROVE HAiR-尖沙咀salon 尖沙咀剪髮 尖沙 | http://www.ihair.com.hk/
[2026-08-25 06:43:26]   ↳ 已存在，跳過 (iMPROVE-HAiR-尖沙咀salon-尖沙咀剪髮-尖沙咀髮廊-尖沙咀中藥染髮-尖沙咀假髮-尖沙咀頭皮護理.html)
[2026-08-25 06:43:26]   ↳ 已存在，跳過 (iMPROVE-HAiR-尖沙咀salon-尖沙咀剪髮-尖沙咀髮廊-尖沙咀中藥染髮-尖沙咀假髮-尖沙咀頭皮護理.html)
[2026-08-25 06:43:26] [13/102] 金澱装修工程有限公司 | https://www.palaceengineeringltd.com/
[2026-08-25 06:43:26] [13/102] 金澱装修工程有限公司 | https://www.palaceengineeringltd.com/
[2026-08-25 06:43:26]   ↳ 已存在，跳過 (金澱装修工程有限公司.html)
[2026-08-25 06:43:26]   ↳ 已存在，跳過 (金澱装修工程有限公司.html)
[2026-08-25 06:43:26] [14/102] 鋒主義 - 室內設計公司 | 室內裝修工程 | 工期 報價  | https://www.fungstyle.com.hk/
[2026-08-25 06:43:26] [14/102] 鋒主義 - 室內設計公司 | 室內裝修工程 | 工期 報價  | https://www.fungstyle.com.hk/
[2026-08-25 06:43:26]   ↳ 已存在，跳過 (鋒主義---室內設計公司-室內裝修工程-工期-報價-服務-三大保證.html)
[2026-08-25 06:43:26]   ↳ 已存在，跳過 (鋒主義---室內設計公司-室內裝修工程-工期-報價-服務-三大保證.html)
[2026-08-25 06:43:26] [15/102] 装修兄弟 | http://www.renobro.com.hk/
[2026-08-25 06:43:26] [15/102] 装修兄弟 | http://www.renobro.com.hk/
[2026-08-25 06:43:26]   ↳ 已存在，跳過 (装修兄弟.html)
[2026-08-25 06:43:26]   ↳ 已存在，跳過 (装修兄弟.html)
[2026-08-25 06:43:26] [16/102] 居屋皇 House king | 香港室内設計及装修公司 | http://housekinghk.com/
[2026-08-25 06:43:26] [16/102] 居屋皇 House king | 香港室内設計及装修公司 | http://housekinghk.com/
[2026-08-25 06:43:26]   ↳ 已存在，跳過 (居屋皇-House-king-香港室内設計及装修公司.html)
[2026-08-25 06:43:26]   ↳ 已存在，跳過 (居屋皇-House-king-香港室内設計及装修公司.html)
[2026-08-25 06:43:26] [17/102] Toby 裝修設計平台｜免費裝修報價｜香港裝修公司及室內設計 | https://www.hellotoby.com/zh-hk/id
[2026-08-25 06:43:26] [17/102] Toby 裝修設計平台｜免費裝修報價｜香港裝修公司及室內設計 | https://www.hellotoby.com/zh-hk/id
[2026-08-25 06:43:26]   ↳ 已存在，跳過 (Toby-裝修設計平台免費裝修報價香港裝修公司及室內設計公司.html)
[2026-08-25 06:43:26]   ↳ 已存在，跳過 (Toby-裝修設計平台免費裝修報價香港裝修公司及室內設計公司.html)
[2026-08-25 06:43:26] [18/102] PET HK - Mid Levels Edition | http://pethk.com/
[2026-08-25 06:43:26] [18/102] PET HK - Mid Levels Edition | http://pethk.com/
[2026-08-25 06:43:26]   ↳ 已存在，跳過 (PET-HK---Mid-Levels-Edition.html)
[2026-08-25 06:43:26]   ↳ 已存在，跳過 (PET-HK---Mid-Levels-Edition.html)
[2026-08-25 06:43:26] [19/102] Ruff & Fetch 拉夫寵物生活 (佐敦 Jordan | http://www.ruffandfetch.com/
[2026-08-25 06:43:26] [19/102] Ruff & Fetch 拉夫寵物生活 (佐敦 Jordan | http://www.ruffandfetch.com/
[2026-08-25 06:43:26]   ↳ 已存在，跳過 (Ruff--Fetch-拉夫寵物生活-佐敦-Jordan.html)
[2026-08-25 06:43:26]   ↳ 已存在，跳過 (Ruff--Fetch-拉夫寵物生活-佐敦-Jordan.html)
[2026-08-25 06:43:26] [20/102] HKTA香港導師会 | https://www.hkta.edu.hk/
[2026-08-25 06:43:26] [20/102] HKTA香港導師会 | https://www.hkta.edu.hk/
[2026-08-25 06:43:26]   ↳ 已存在，跳過 (HKTA香港導師会.html)
[2026-08-25 06:43:26]   ↳ 已存在，跳過 (HKTA香港導師会.html)
[2026-08-25 06:43:26] [21/102] 騎士数学 Knight Mathematics - Band | https://knightmaths.edu.hk/
[2026-08-25 06:43:26] [21/102] 騎士数学 Knight Mathematics - Band | https://knightmaths.edu.hk/
[2026-08-25 06:43:26]   ↳ 已存在，跳過 (騎士数学-Knight-Mathematics---Band-1-DSE-数学補習社.html)
[2026-08-25 06:43:26]   ↳ 已存在，跳過 (騎士数学-Knight-Mathematics---Band-1-DSE-数学補習社.html)
[2026-08-25 06:43:26] [22/102] 香港文化教育中心 | https://docs.google.com/forms/d/e/1FAIpQLSdjgsQlR4w8ZgKgE9RgAUPsPwrZzAZpo5SCULDDOgygEdeDnQ/viewform
[2026-08-25 06:43:26] [22/102] 香港文化教育中心 | https://docs.google.com/forms/d/e/1FAIpQLSdjgsQlR4w8ZgKgE9RgAUPsPwrZzAZpo5SCULDDOgygEdeDnQ/viewform
[2026-08-25 06:43:26]   ↳ 已存在，跳過 (香港文化教育中心.html)
[2026-08-25 06:43:26]   ↳ 已存在，跳過 (香港文化教育中心.html)
[2026-08-25 06:43:26] [23/102] GETUTOR 香港導師総会｜上門補習中介平台｜私補導師推介 | https://www.getutor.com.hk/
[2026-08-25 06:43:26] [23/102] GETUTOR 香港導師総会｜上門補習中介平台｜私補導師推介 | https://www.getutor.com.hk/
[2026-08-25 06:43:26]   ↳ 已存在，跳過 (GETUTOR-香港導師総会上門補習中介平台私補導師推介Private-Tutors-AgencyIB-IGCSE-A.html)
[2026-08-25 06:43:26]   ↳ 已存在，跳過 (GETUTOR-香港導師総会上門補習中介平台私補導師推介Private-Tutors-AgencyIB-IGCSE-A.html)
[2026-08-25 06:43:26] [24/102] 英博教学中心 - 数学中文英文補習 - 中小学補習社 | https://eplc.edu.hk/
[2026-08-25 06:43:26] [24/102] 英博教学中心 - 数学中文英文補習 - 中小学補習社 | https://eplc.edu.hk/
[2026-08-25 06:43:26]   ↳ 已存在，跳過 (英博教学中心---数学中文英文補習---中小学補習社.html)
[2026-08-25 06:43:26]   ↳ 已存在，跳過 (英博教学中心---数学中文英文補習---中小学補習社.html)
[2026-08-25 06:43:26] [25/102] 進研教育 - 英文中文数学補習社 | https://joinin-education.com/
[2026-08-25 06:43:26] [25/102] 進研教育 - 英文中文数学補習社 | https://joinin-education.com/
[2026-08-25 06:43:26]   ↳ 已存在，跳過 (進研教育---英文中文数学補習社.html)
[2026-08-25 06:43:26]   ↳ 已存在，跳過 (進研教育---英文中文数学補習社.html)
[2026-08-25 06:43:26] [26/102] 學斯教育(灣仔) | http://hoksi-edu.com/
[2026-08-25 06:43:26] [26/102] 學斯教育(灣仔) | http://hoksi-edu.com/
[2026-08-25 06:43:26]   ↳ 已存在，跳過 (學斯教育灣仔.html)
[2026-08-25 06:43:26]   ↳ 已存在，跳過 (學斯教育灣仔.html)
[2026-08-25 06:43:26] [27/102] 補習社｜学博教育 Learn Smart Education | https://learnsmart.edu.hk/
[2026-08-25 06:43:26] [27/102] 補習社｜学博教育 Learn Smart Education | https://learnsmart.edu.hk/
[2026-08-25 06:43:26]   ↳ 已存在，跳過 (補習社学博教育-Learn-Smart-Education.html)
[2026-08-25 06:43:26]   ↳ 已存在，跳過 (補習社学博教育-Learn-Smart-Education.html)
[2026-08-25 06:43:26] [28/102] 24/7 Fitness Central | http://247.fitness/
[2026-08-25 06:43:26] [28/102] 24/7 Fitness Central | http://247.fitness/
[2026-08-25 06:43:26]   ↳ 已存在，跳過 (24-7-Fitness-Central.html)
[2026-08-25 06:43:26]   ↳ 已存在，跳過 (24-7-Fitness-Central.html)
[2026-08-25 06:43:26] [29/102] 啓弘牙科（旺角店）丨九龍/旺角牙医/智慧歯/箍牙/隠式美/全 | https://omnesdental.com/
[2026-08-25 06:43:26] [29/102] 啓弘牙科（旺角店）丨九龍/旺角牙医/智慧歯/箍牙/隠式美/全 | https://omnesdental.com/
[2026-08-25 06:43:26]   ↳ 已存在，跳過 (啓弘牙科旺角店丨九龍-旺角牙医-智慧歯-箍牙-隠式美-全方位牙科服務-専業治療牙痛-種植牙-補牙-剥牙-洗牙.html)
[2026-08-25 06:43:26]   ↳ 已存在，跳過 (啓弘牙科旺角店丨九龍-旺角牙医-智慧歯-箍牙-隠式美-全方位牙科服務-専業治療牙痛-種植牙-補牙-剥牙-洗牙.html)
[2026-08-25 06:43:26] [30/102] Smith & Jain Dentists 史密夫和鄭牙醫診 | https://smithandjaindentists.com/
[2026-08-25 06:43:26] [30/102] Smith & Jain Dentists 史密夫和鄭牙醫診 | https://smithandjaindentists.com/
[2026-08-25 06:43:26]   ↳ 已存在，跳過 (Smith--Jain-Dentists-史密夫和鄭牙醫診所.html)
[2026-08-25 06:43:26]   ↳ 已存在，跳過 (Smith--Jain-Dentists-史密夫和鄭牙醫診所.html)
[2026-08-25 06:43:26] [31/102] Home Dental (Tsim Sha Tsui Bra | https://homedentalhk.com/cn/contact-us/tst
[2026-08-25 06:43:26] [31/102] Home Dental (Tsim Sha Tsui Bra | https://homedentalhk.com/cn/contact-us/tst
[2026-08-25 06:43:26]   ↳ 已存在，跳過 (Home-Dental-Tsim-Sha-Tsui-Branch.html)
[2026-08-25 06:43:26]   ↳ 已存在，跳過 (Home-Dental-Tsim-Sha-Tsui-Branch.html)
[2026-08-25 06:43:26] [32/102] 伍裕彤牙医 | https://trucaredental.hk/
[2026-08-25 06:43:26] [32/102] 伍裕彤牙医 | https://trucaredental.hk/
[2026-08-25 06:43:26]   ↳ 已存在，跳過 (伍裕彤牙医.html)
[2026-08-25 06:43:26]   ↳ 已存在，跳過 (伍裕彤牙医.html)
[2026-08-25 06:43:26] [33/102] Home Dental | https://homedentalhk.com/cn/contact-us/cwb
[2026-08-25 06:43:26] [33/102] Home Dental | https://homedentalhk.com/cn/contact-us/cwb
[2026-08-25 06:43:26]   ↳ 已存在，跳過 (Home-Dental.html)
[2026-08-25 06:43:26]   ↳ 已存在，跳過 (Home-Dental.html)
[2026-08-25 06:43:26] [34/102] T.O.P Dental by Family Smile L | http://www.topdental.hk/
[2026-08-25 06:43:26] [34/102] T.O.P Dental by Family Smile L | http://www.topdental.hk/
[2026-08-25 06:43:26]   ↳ 已存在，跳過 (T.O.P-Dental-by-Family-Smile-Ltd-香港牙科醫療集團-旺角太子牙醫中心.html)
[2026-08-25 06:43:26]   ↳ 已存在，跳過 (T.O.P-Dental-by-Family-Smile-Ltd-香港牙科醫療集團-旺角太子牙醫中心.html)
[2026-08-25 06:43:26] [35/102] Metro Dental 城健総合牙科医療中心 | https://www.metrodental.com.hk/
[2026-08-25 06:43:26] [35/102] Metro Dental 城健総合牙科医療中心 | https://www.metrodental.com.hk/
[2026-08-25 06:43:26]   ↳ 已存在，跳過 (Metro-Dental-城健総合牙科医療中心.html)
[2026-08-25 06:43:26]   ↳ 已存在，跳過 (Metro-Dental-城健総合牙科医療中心.html)
[2026-08-25 06:43:26] [36/102] 大国手 汽車車身維修 Grand Tycoon Automo | http://grandtycoon.com/
[2026-08-25 06:43:26] [36/102] 大国手 汽車車身維修 Grand Tycoon Automo | http://grandtycoon.com/
[2026-08-25 06:43:26]   ↳ 已存在，跳過 (大国手-汽車車身維修-Grand-Tycoon-Automotive-Repair-Shop.html)
[2026-08-25 06:43:26]   ↳ 已存在，跳過 (大国手-汽車車身維修-Grand-Tycoon-Automotive-Repair-Shop.html)
[2026-08-25 06:43:26] [37/102] AutoMate | Sham Shui Po Shop | https://www.automate-app.com/auto-shop
[2026-08-25 06:43:26] [37/102] AutoMate | Sham Shui Po Shop | https://www.automate-app.com/auto-shop
[2026-08-25 06:43:26]   ↳ 已存在，跳過 (AutoMate-Sham-Shui-Po-Shop.html)
[2026-08-25 06:43:26]   ↳ 已存在，跳過 (AutoMate-Sham-Shui-Po-Shop.html)
[2026-08-25 06:43:26] [38/102] Carol Garage Limited | http://www.carolgarage.com.hk/
[2026-08-25 06:43:26] [38/102] Carol Garage Limited | http://www.carolgarage.com.hk/
[2026-08-25 06:43:26]   ↳ 已存在，跳過 (Carol-Garage-Limited.html)
[2026-08-25 06:43:26]   ↳ 已存在，跳過 (Carol-Garage-Limited.html)
[2026-08-25 06:43:26] [39/102] 八方汽車 | Power Moto Limited | http://www.power-moto.hk/
[2026-08-25 06:43:26] [39/102] 八方汽車 | Power Moto Limited | http://www.power-moto.hk/
[2026-08-25 06:43:26]   ↳ 已存在，跳過 (八方汽車-Power-Moto-Limited.html)
[2026-08-25 06:43:26]   ↳ 已存在，跳過 (八方汽車-Power-Moto-Limited.html)
[2026-08-25 06:43:26] [40/102] Flow & Roll Laundry 自助洗衣 (中環 C | https://flowandroll.com/
[2026-08-25 06:43:26] [40/102] Flow & Roll Laundry 自助洗衣 (中環 C | https://flowandroll.com/
[2026-08-25 06:43:26]   ↳ 已存在，跳過 (Flow--Roll-Laundry-自助洗衣-中環-Central.html)
[2026-08-25 06:43:26]   ↳ 已存在，跳過 (Flow--Roll-Laundry-自助洗衣-中環-Central.html)
[2026-08-25 06:43:26] [41/102] 初洗 First Laundry 觀塘24小時自助洗衣店 | https://wa.me/85268716550
[2026-08-25 06:43:26] [41/102] 初洗 First Laundry 觀塘24小時自助洗衣店 | https://wa.me/85268716550
[2026-08-25 06:43:26]   ↳ 已存在，跳過 (初洗-First-Laundry-觀塘24小時自助洗衣店.html)
[2026-08-25 06:43:26]   ↳ 已存在，跳過 (初洗-First-Laundry-觀塘24小時自助洗衣店.html)
[2026-08-25 06:43:26] [42/102] 水漾衣坊 water laundry | https://whalewashmk.hk/
[2026-08-25 06:43:26] [42/102] 水漾衣坊 water laundry | https://whalewashmk.hk/
[2026-08-25 06:43:26]   ↳ 已存在，跳過 (水漾衣坊-water-laundry.html)
[2026-08-25 06:43:26]   ↳ 已存在，跳過 (水漾衣坊-water-laundry.html)
[2026-08-25 06:43:26] [43/102] FLORISTRY by ART OF LIVING | http://www.floristrybyartofliving.com/
[2026-08-25 06:43:26] [43/102] FLORISTRY by ART OF LIVING | http://www.floristrybyartofliving.com/
[2026-08-25 06:43:26]   ↳ 已存在，跳過 (FLORISTRY-by-ART-OF-LIVING.html)
[2026-08-25 06:43:26]   ↳ 已存在，跳過 (FLORISTRY-by-ART-OF-LIVING.html)
[2026-08-25 06:43:26] [44/102] 花籃 450 - Flower 450 | https://flower450.com/
[2026-08-25 06:43:26] [44/102] 花籃 450 - Flower 450 | https://flower450.com/
[2026-08-25 06:43:26]   ↳ 已存在，跳過 (花籃-450---Flower-450.html)
[2026-08-25 06:43:26]   ↳ 已存在，跳過 (花籃-450---Flower-450.html)
[2026-08-25 06:43:26] [45/102] 優之花鋪-U Flower Shop | https://www.uflowershop.com/
[2026-08-25 06:43:26] [45/102] 優之花鋪-U Flower Shop | https://www.uflowershop.com/
[2026-08-25 06:43:26]   ↳ 已存在，跳過 (優之花鋪-U-Flower-Shop.html)
[2026-08-25 06:43:26]   ↳ 已存在，跳過 (優之花鋪-U-Flower-Shop.html)
[2026-08-25 06:43:26] [46/102] Eternal Flora hk | https://www.eternalflorahk.com/
[2026-08-25 06:43:26] [46/102] Eternal Flora hk | https://www.eternalflorahk.com/
[2026-08-25 06:43:26]   ↳ 已存在，跳過 (Eternal-Flora-hk.html)
[2026-08-25 06:43:26]   ↳ 已存在，跳過 (Eternal-Flora-hk.html)
[2026-08-25 06:43:26] [47/102] FDHK - Flower Delivery Hong Ko | https://flowerdeliveryhongkong.com/
[2026-08-25 06:43:26] [47/102] FDHK - Flower Delivery Hong Ko | https://flowerdeliveryhongkong.com/
[2026-08-25 06:43:26]   ↳ 已存在，跳過 (FDHK---Flower-Delivery-Hong-Kong.html)
[2026-08-25 06:43:26]   ↳ 已存在，跳過 (FDHK---Flower-Delivery-Hong-Kong.html)
[2026-08-25 06:43:26] [48/102] Joseph Photo 香港專業攝影工作室 | https://josephphoto.hk/
[2026-08-25 06:43:26] [48/102] Joseph Photo 香港專業攝影工作室 | https://josephphoto.hk/
[2026-08-25 06:43:26]   ↳ 已存在，跳過 (Joseph-Photo-香港專業攝影工作室.html)
[2026-08-25 06:43:26]   ↳ 已存在，跳過 (Joseph-Photo-香港專業攝影工作室.html)
[2026-08-25 06:43:26] [49/102] Majesty Professional Photo殿堂館- | https://www.majestyprofessional.com/
[2026-08-25 06:43:26] [49/102] Majesty Professional Photo殿堂館- | https://www.majestyprofessional.com/
[2026-08-25 06:43:26]   ↳ 已存在，跳過 (Majesty-Professional-Photo殿堂館-專業照首選.html)
[2026-08-25 06:43:26]   ↳ 已存在，跳過 (Majesty-Professional-Photo殿堂館-專業照首選.html)
[2026-08-25 06:43:26] [50/102] Owl Photo Studio 貓頭鷹照相館 | https://www.owlphoto.hk/
[2026-08-25 06:43:26] [50/102] Owl Photo Studio 貓頭鷹照相館 | https://www.owlphoto.hk/
[2026-08-25 06:43:26]   ↳ 已存在，跳過 (Owl-Photo-Studio-貓頭鷹照相館.html)
[2026-08-25 06:43:26]   ↳ 已存在，跳過 (Owl-Photo-Studio-貓頭鷹照相館.html)
[2026-08-25 06:43:26] [51/102] Yat Tung Heen - Eaton HK | https://www.yattungheen.com/
[2026-08-25 06:43:26] [51/102] Yat Tung Heen - Eaton HK | https://www.yattungheen.com/
[2026-08-25 06:43:26]   ↳ 已存在，跳過 (Yat-Tung-Heen---Eaton-HK.html)
[2026-08-25 06:43:26]   ↳ 已存在，跳過 (Yat-Tung-Heen---Eaton-HK.html)
[2026-08-25 06:43:26] [52/102] Hair Quest Hair salon Central | https://www.hairquest-hk.com/
[2026-08-25 06:43:26] [52/102] Hair Quest Hair salon Central | https://www.hairquest-hk.com/
[2026-08-25 06:43:26]   ↳ 已存在，跳過 (Hair-Quest-Hair-salon-Central.html)
[2026-08-25 06:43:26]   ↳ 已存在，跳過 (Hair-Quest-Hair-salon-Central.html)
[2026-08-25 06:43:26] [53/102] 天下猫猫一様猫 | https://www.catiscat.com.hk/
[2026-08-25 06:43:26] [53/102] 天下猫猫一様猫 | https://www.catiscat.com.hk/
[2026-08-25 06:43:26]   ↳ 已存在，跳過 (天下猫猫一様猫.html)
[2026-08-25 06:43:26]   ↳ 已存在，跳過 (天下猫猫一様猫.html)
[2026-08-25 06:43:26] [54/102] Bora beauty | https://bora.hk/
[2026-08-25 06:43:26] [54/102] Bora beauty | https://bora.hk/
[2026-08-25 06:43:26]   ↳ 已存在，跳過 (Bora-beauty.html)
[2026-08-25 06:43:26]   ↳ 已存在，跳過 (Bora-beauty.html)
[2026-08-25 06:43:26] [55/102] Dream Scenes Studio | http://dreamscenesstudio.com/
[2026-08-25 06:43:26] [55/102] Dream Scenes Studio | http://dreamscenesstudio.com/
[2026-08-25 06:43:26]   ↳ 已存在，跳過 (Dream-Scenes-Studio.html)
[2026-08-25 06:43:26]   ↳ 已存在，跳過 (Dream-Scenes-Studio.html)
[2026-08-25 06:43:26] [56/102] Dazzling Smile Dental Clinic 瑩 | https://dazzlingsmiledentalclinic.com/
[2026-08-25 06:43:26] [56/102] Dazzling Smile Dental Clinic 瑩 | https://dazzlingsmiledentalclinic.com/
[2026-08-25 06:43:26]   ↳ 已存在，跳過 (Dazzling-Smile-Dental-Clinic-瑩恩牙科診所.html)
[2026-08-25 06:43:26]   ↳ 已存在，跳過 (Dazzling-Smile-Dental-Clinic-瑩恩牙科診所.html)
[2026-08-25 06:43:26] [57/102] Family Smile Limited | http://www.familysmile.hk/
[2026-08-25 06:43:26] [57/102] Family Smile Limited | http://www.familysmile.hk/
[2026-08-25 06:43:26]   ↳ 已存在，跳過 (Family-Smile-Limited.html)
[2026-08-25 06:43:26]   ↳ 已存在，跳過 (Family-Smile-Limited.html)
[2026-08-25 06:43:26] [58/102] INDULGENCE hair & beauty salon | http://www.indulgence.hk/
[2026-08-25 06:43:26] [58/102] INDULGENCE hair & beauty salon | http://www.indulgence.hk/
[2026-08-25 06:43:26]   ↳ 已存在，跳過 (INDULGENCE-hair--beauty-salon.html)
[2026-08-25 06:43:26]   ↳ 已存在，跳過 (INDULGENCE-hair--beauty-salon.html)
[2026-08-25 06:43:26] [59/102] 花店 | 花束專家 | https://www.flowerbouquet.com.hk/
[2026-08-25 06:43:26] [59/102] 花店 | 花束專家 | https://www.flowerbouquet.com.hk/
[2026-08-25 06:43:26]   ↳ 已存在，跳過 (花店-花束專家.html)
[2026-08-25 06:43:26]   ↳ 已存在，跳過 (花店-花束專家.html)
[2026-08-25 06:43:26] [60/102] 網上訂花 ‧ 送花香港 | Fdhk 最高評分即日網上花店 | https://flowerdeliveryhongkong.com/zh
[2026-08-25 06:43:26] [60/102] 網上訂花 ‧ 送花香港 | Fdhk 最高評分即日網上花店 | https://flowerdeliveryhongkong.com/zh
[2026-08-25 06:43:26]   ↳ 已存在，跳過 (網上訂花--送花香港-Fdhk-最高評分即日網上花店.html)
[2026-08-25 06:43:26]   ↳ 已存在，跳過 (網上訂花--送花香港-Fdhk-最高評分即日網上花店.html)
[2026-08-25 06:43:26] [61/102] Rhine Flowers | https://rhineflowers.com/
[2026-08-25 06:43:26] [61/102] Rhine Flowers | https://rhineflowers.com/
[2026-08-25 06:43:26]   ↳ 已存在，跳過 (Rhine-Flowers.html)
[2026-08-25 06:43:26]   ↳ 已存在，跳過 (Rhine-Flowers.html)
[2026-08-25 06:43:26] [62/102] 香港花店｜網上訂花及送花｜Gift Flowers HK | https://giftflowers.com.hk/cn/
[2026-08-25 06:43:26] [62/102] 香港花店｜網上訂花及送花｜Gift Flowers HK | https://giftflowers.com.hk/cn/
[2026-08-25 06:43:26]   ↳ 已存在，跳過 (香港花店網上訂花及送花Gift-Flowers-HK.html)
[2026-08-25 06:43:26]   ↳ 已存在，跳過 (香港花店網上訂花及送花Gift-Flowers-HK.html)
[2026-08-25 06:43:26] [63/102] Flora Floriculture - 花店 | https://www.floraf.com.hk/
[2026-08-25 06:43:26] [63/102] Flora Floriculture - 花店 | https://www.floraf.com.hk/
[2026-08-25 06:43:26]   ↳ 已存在，跳過 (Flora-Floriculture---花店.html)
[2026-08-25 06:43:26]   ↳ 已存在，跳過 (Flora-Floriculture---花店.html)
[2026-08-25 06:43:26] [64/102] 香港花店 | https://www.mrsliuflorist.com/
[2026-08-25 06:43:26] [64/102] 香港花店 | https://www.mrsliuflorist.com/
[2026-08-25 06:43:26]   ↳ 已存在，跳過 (香港花店.html)
[2026-08-25 06:43:26]   ↳ 已存在，跳過 (香港花店.html)
[2026-08-25 06:43:26] [65/102] 網上花店| 網上訂花 | 即日送花 | HKfashop | https://hkfashop.com/
[2026-08-25 06:43:26] [65/102] 網上花店| 網上訂花 | 即日送花 | HKfashop | https://hkfashop.com/
[2026-08-25 06:43:26]   ↳ 已存在，跳過 (網上花店-網上訂花-即日送花-HKfashop.html)
[2026-08-25 06:43:26]   ↳ 已存在，跳過 (網上花店-網上訂花-即日送花-HKfashop.html)
[2026-08-25 06:43:26] [66/102] 【 送花】 ｜訂花｜Flowerbee Florist訂花束 | https://flowerbee-hk.com/zh
[2026-08-25 06:43:26] [66/102] 【 送花】 ｜訂花｜Flowerbee Florist訂花束 | https://flowerbee-hk.com/zh
[2026-08-25 06:43:26]   ↳ 已存在，跳過 (送花-訂花Flowerbee-Florist訂花束---Flowerbee-HK-Florist.html)
[2026-08-25 06:43:26]   ↳ 已存在，跳過 (送花-訂花Flowerbee-Florist訂花束---Flowerbee-HK-Florist.html)
[2026-08-25 06:43:26] [67/102] 花點時間｜香港旺角花墟實體花店：24小時訂花、鮮花花束、開張 | https://www.reflower.com.hk/
[2026-08-25 06:43:26] [67/102] 花點時間｜香港旺角花墟實體花店：24小時訂花、鮮花花束、開張 | https://www.reflower.com.hk/
[2026-08-25 06:43:26]   ↳ 已存在，跳過 (花點時間香港旺角花墟實體花店24小時訂花鮮花花束開張花籃鮮花批發---花點時間-Reflower.html)
[2026-08-25 06:43:26]   ↳ 已存在，跳過 (花點時間香港旺角花墟實體花店24小時訂花鮮花花束開張花籃鮮花批發---花點時間-Reflower.html)
[2026-08-25 06:43:26] [68/102] 香港花店- 首頁花店推薦 - 我們代表和倡導位於香港島、九龍 | https://zh-hk.hk-florist.org/
[2026-08-25 06:43:26] [68/102] 香港花店- 首頁花店推薦 - 我們代表和倡導位於香港島、九龍 | https://zh-hk.hk-florist.org/
[2026-08-25 06:43:26]   ↳ 已存在，跳過 (香港花店--首頁花店推薦---我們代表和倡導位於香港島九龍和新界的花店以及在線花店和鮮花配送公司.html)
[2026-08-25 06:43:26]   ↳ 已存在，跳過 (香港花店--首頁花店推薦---我們代表和倡導位於香港島九龍和新界的花店以及在線花店和鮮花配送公司.html)
[2026-08-25 06:43:26] [69/102] 有花漾 ZH Flowers | https://www.zh-flowers.com/
[2026-08-25 06:43:26] [69/102] 有花漾 ZH Flowers | https://www.zh-flowers.com/
[2026-08-25 06:43:26]   ↳ 已存在，跳過 (有花漾-ZH-Flowers.html)
[2026-08-25 06:43:26]   ↳ 已存在，跳過 (有花漾-ZH-Flowers.html)
[2026-08-25 06:43:26] [70/102] 花店花生花華 | FaSunflower Florist | https://www.fasunflower.com/
[2026-08-25 06:43:26] [70/102] 花店花生花華 | FaSunflower Florist | https://www.fasunflower.com/
[2026-08-25 06:43:26]   ↳ 已存在，跳過 (花店花生花華-FaSunflower-Florist.html)
[2026-08-25 06:43:26]   ↳ 已存在，跳過 (花店花生花華-FaSunflower-Florist.html)
[2026-08-25 06:43:26] [71/102] 格蘭花店 Grand Floral & Gift Shop | https://grand.com.hk/
[2026-08-25 06:43:26] [71/102] 格蘭花店 Grand Floral & Gift Shop | https://grand.com.hk/
[2026-08-25 06:43:26]   ↳ 已存在，跳過 (格蘭花店-Grand-Floral--Gift-Shop.html)
[2026-08-25 06:43:26]   ↳ 已存在，跳過 (格蘭花店-Grand-Floral--Gift-Shop.html)
[2026-08-25 06:43:26] [72/102] WHY Studio - 上環證件相｜學生相｜專業形象照 | https://www.whystudiohk.com/
[2026-08-25 06:43:26] [72/102] WHY Studio - 上環證件相｜學生相｜專業形象照 | https://www.whystudiohk.com/
[2026-08-25 06:43:26]   ↳ 已存在，跳過 (WHY-Studio---上環證件相學生相專業形象照.html)
[2026-08-25 06:43:26]   ↳ 已存在，跳過 (WHY-Studio---上環證件相學生相專業形象照.html)
[2026-08-25 06:43:26] [73/102] Cat Watt 晴珊猫舎 | http://www.catwatt.com/
[2026-08-25 06:43:26] [73/102] Cat Watt 晴珊猫舎 | http://www.catwatt.com/
[2026-08-25 06:43:26]   ↳ 已存在，跳過 (Cat-Watt-晴珊猫舎.html)
[2026-08-25 06:43:26]   ↳ 已存在，跳過 (Cat-Watt-晴珊猫舎.html)
[2026-08-25 06:43:26] [74/102] 牙齒矯正及兒童齒科中心 (旺角朗豪坊) | Orthodon | https://www.ortho-center.com/
[2026-08-25 06:43:26] [74/102] 牙齒矯正及兒童齒科中心 (旺角朗豪坊) | Orthodon | https://www.ortho-center.com/
[2026-08-25 06:43:26]   ↳ 已存在，跳過 (牙齒矯正及兒童齒科中心-旺角朗豪坊-Orthodontic--Childrens-Dental-Center-Langh.html)
[2026-08-25 06:43:26]   ↳ 已存在，跳過 (牙齒矯正及兒童齒科中心-旺角朗豪坊-Orthodontic--Childrens-Dental-Center-Langh.html)
[2026-08-25 06:43:26] [75/102] HALO Flowers | https://haloflowers.com.hk/zh-hant/
[2026-08-25 06:43:26] [75/102] HALO Flowers | https://haloflowers.com.hk/zh-hant/
[2026-08-25 06:43:26]   ↳ 已存在，跳過 (HALO-Flowers.html)
[2026-08-25 06:43:26]   ↳ 已存在，跳過 (HALO-Flowers.html)
[2026-08-25 06:43:26] [76/102] Pettington 柏靈頓獸醫寵物用品 | https://www.pettington.com/
[2026-08-25 06:43:26] [76/102] Pettington 柏靈頓獸醫寵物用品 | https://www.pettington.com/
[2026-08-25 06:43:26]   ↳ 已存在，跳過 (Pettington-柏靈頓獸醫寵物用品.html)
[2026-08-25 06:43:26]   ↳ 已存在，跳過 (Pettington-柏靈頓獸醫寵物用品.html)
[2026-08-25 06:43:26] [77/102] 皓保牙科診所 Craft Smile Dental Cent | https://zh.drchrischeung.com/
[2026-08-25 06:43:26] [77/102] 皓保牙科診所 Craft Smile Dental Cent | https://zh.drchrischeung.com/
[2026-08-25 06:43:26]   ↳ 已存在，跳過 (皓保牙科診所-Craft-Smile-Dental-Center.html)
[2026-08-25 06:43:26]   ↳ 已存在，跳過 (皓保牙科診所-Craft-Smile-Dental-Center.html)
[2026-08-25 06:43:26] [78/102] Toyota Kowloon Bay Service Cen | https://www.toyota.com.hk/?utm_campaign=gmb&utm_medium=organic&utm_source=local
[2026-08-25 06:43:26] [78/102] Toyota Kowloon Bay Service Cen | https://www.toyota.com.hk/?utm_campaign=gmb&utm_medium=organic&utm_source=local
[2026-08-25 06:43:26]   ↳ 已存在，跳過 (Toyota-Kowloon-Bay-Service-Centre-Mechanical.html)
[2026-08-25 06:43:26]   ↳ 已存在，跳過 (Toyota-Kowloon-Bay-Service-Centre-Mechanical.html)
[2026-08-25 06:43:26] [79/102] Anglo Chinese Florist | http://www.anglochinese.com/
[2026-08-25 06:43:26] [79/102] Anglo Chinese Florist | http://www.anglochinese.com/
[2026-08-25 06:43:26]   ↳ 已存在，跳過 (Anglo-Chinese-Florist.html)
[2026-08-25 06:43:26]   ↳ 已存在，跳過 (Anglo-Chinese-Florist.html)
[2026-08-25 06:43:26] [80/102] Photobi HK 韓式 証件相拍摂工作室 - 湾仔店 | https://photobi.hk/
[2026-08-25 06:43:26] [80/102] Photobi HK 韓式 証件相拍摂工作室 - 湾仔店 | https://photobi.hk/
[2026-08-25 06:43:26]   ↳ 已存在，跳過 (Photobi-HK-韓式-証件相拍摂工作室---湾仔店.html)
[2026-08-25 06:43:26]   ↳ 已存在，跳過 (Photobi-HK-韓式-証件相拍摂工作室---湾仔店.html)
[2026-08-25 06:43:26] [81/102] Advance Pet Food | http://advancepetfood.com/
[2026-08-25 06:43:26] [81/102] Advance Pet Food | http://advancepetfood.com/
[2026-08-25 06:43:26]   ↳ 已存在，跳過 (Advance-Pet-Food.html)
[2026-08-25 06:43:26]   ↳ 已存在，跳過 (Advance-Pet-Food.html)
[2026-08-25 06:43:26] [82/102] Anna Maria Studio | http://annamstudio.com/
[2026-08-25 06:43:26] [82/102] Anna Maria Studio | http://annamstudio.com/
[2026-08-25 06:43:26]   ↳ 已存在，跳過 (Anna-Maria-Studio.html)
[2026-08-25 06:43:26]   ↳ 已存在，跳過 (Anna-Maria-Studio.html)
[2026-08-25 06:43:26] [83/102] 1984 HAIR SALON | https://1984hairsalon.wixsite.com/1984-hairsalon
[2026-08-25 06:43:26] [83/102] 1984 HAIR SALON | https://1984hairsalon.wixsite.com/1984-hairsalon
[2026-08-25 06:43:26]   ↳ 已存在，跳過 (1984-HAIR-SALON.html)
[2026-08-25 06:43:26]   ↳ 已存在，跳過 (1984-HAIR-SALON.html)
[2026-08-25 06:43:26] [84/102] Bulls PPF 専門店 | https://www.ppf.com.hk/
[2026-08-25 06:43:26] [84/102] Bulls PPF 専門店 | https://www.ppf.com.hk/
[2026-08-25 06:43:26]   ↳ 已存在，跳過 (Bulls-PPF-専門店.html)
[2026-08-25 06:43:26]   ↳ 已存在，跳過 (Bulls-PPF-専門店.html)
[2026-08-25 06:43:26] [85/102] LEEKAJA X AMONG Hair Salon Cen | https://www.leekaja.hk/
[2026-08-25 06:43:26] [85/102] LEEKAJA X AMONG Hair Salon Cen | https://www.leekaja.hk/
[2026-08-25 06:43:26]   ↳ 已存在，跳過 (LEEKAJA-X-AMONG-Hair-Salon-Century-Square-in-Hongkong-한국-미용실.html)
[2026-08-25 06:43:26]   ↳ 已存在，跳過 (LEEKAJA-X-AMONG-Hair-Salon-Century-Square-in-Hongkong-한국-미용실.html)
[2026-08-25 06:43:26] [86/102] MEGAPET (Kowloon City Shop) | http://www.megapet.com.hk/
[2026-08-25 06:43:26] [86/102] MEGAPET (Kowloon City Shop) | http://www.megapet.com.hk/
[2026-08-25 06:43:26]   ↳ 已存在，跳過 (MEGAPET-Kowloon-City-Shop.html)
[2026-08-25 06:43:26]   ↳ 已存在，跳過 (MEGAPET-Kowloon-City-Shop.html)
[2026-08-25 06:43:26] [87/102] 仁健牙科 Nixon Dental (太子牙醫/旺角牙醫/洗 | http://www.nixondental.com/
[2026-08-25 06:43:26] [87/102] 仁健牙科 Nixon Dental (太子牙醫/旺角牙醫/洗 | http://www.nixondental.com/
[2026-08-25 06:43:26]   ↳ 已存在，跳過 (仁健牙科-Nixon-Dental-太子牙醫-旺角牙醫-洗牙-補牙-種牙-植牙-杜牙根-智慧齒-箍牙-Invisalig.html)
[2026-08-25 06:43:26]   ↳ 已存在，跳過 (仁健牙科-Nixon-Dental-太子牙醫-旺角牙醫-洗牙-補牙-種牙-植牙-杜牙根-智慧齒-箍牙-Invisalig.html)
[2026-08-25 06:43:26] [88/102] 香港車房及汽車維修 | CarService.hk | https://www.carservice.hk/zh-hk
[2026-08-25 06:43:26] [88/102] 香港車房及汽車維修 | CarService.hk | https://www.carservice.hk/zh-hk
[2026-08-25 06:43:26]   ↳ 已存在，跳過 (香港車房及汽車維修-CarService.hk.html)
[2026-08-25 06:43:26]   ↳ 已存在，跳過 (香港車房及汽車維修-CarService.hk.html)
[2026-08-25 06:43:26] [89/102] 24小時 上門汽車維修保養服務 | https://garage-hk.com/onsite.php
[2026-08-25 06:43:26] [89/102] 24小時 上門汽車維修保養服務 | https://garage-hk.com/onsite.php
[2026-08-25 06:43:26]   ↳ 已存在，跳過 (24小時-上門汽車維修保養服務.html)
[2026-08-25 06:43:26]   ↳ 已存在，跳過 (24小時-上門汽車維修保養服務.html)
[2026-08-25 06:43:26] [90/102] 保養及維修服務 - Dchmsc | https://www.dchmsc.com/zh/maintenance-repair
[2026-08-25 06:43:26] [90/102] 保養及維修服務 - Dchmsc | https://www.dchmsc.com/zh/maintenance-repair
[2026-08-25 06:43:26]   ↳ 已存在，跳過 (保養及維修服務---Dchmsc.html)
[2026-08-25 06:43:26]   ↳ 已存在，跳過 (保養及維修服務---Dchmsc.html)
[2026-08-25 06:43:26] [91/102] Carro Care | https://carro.co/hk/zh-hant-hk/carro-care
[2026-08-25 06:43:26] [91/102] Carro Care | https://carro.co/hk/zh-hant-hk/carro-care
[2026-08-25 06:43:26]   ↳ 已存在，跳過 (Carro-Care.html)
[2026-08-25 06:43:26]   ↳ 已存在，跳過 (Carro-Care.html)
[2026-08-25 06:43:26] [92/102] 車師傅 - 全港認證車師傅總匯 | https://www.mastercar.hk/
[2026-08-25 06:43:26] [92/102] 車師傅 - 全港認證車師傅總匯 | https://www.mastercar.hk/
[2026-08-25 06:43:26]   ↳ 已存在，跳過 (車師傅---全港認證車師傅總匯.html)
[2026-08-25 06:43:26]   ↳ 已存在，跳過 (車師傅---全港認證車師傅總匯.html)
[2026-08-25 06:43:26] [93/102] 堅記車房平台 | https://www.kinkeecar.com/
[2026-08-25 06:43:26] [93/102] 堅記車房平台 | https://www.kinkeecar.com/
[2026-08-25 06:43:26]   ↳ 已存在，跳過 (堅記車房平台.html)
[2026-08-25 06:43:26]   ↳ 已存在，跳過 (堅記車房平台.html)
[2026-08-25 06:43:26] [94/102] 汽車保養及汽車維修 | CarService.hk | https://www.carservice.hk/zh-hk/services/car-servicing
[2026-08-25 06:43:26] [94/102] 汽車保養及汽車維修 | CarService.hk | https://www.carservice.hk/zh-hk/services/car-servicing
[2026-08-25 06:43:26]   ↳ 已存在，跳過 (汽車保養及汽車維修-CarService.hk.html)
[2026-08-25 06:43:26]   ↳ 已存在，跳過 (汽車保養及汽車維修-CarService.hk.html)
[2026-08-25 06:43:26] [95/102] 汽車維修 - Anyone | https://www.anyonehk.com/%E6%B1%BD%E8%BB%8A%E7%B6%AD%E4%BF%AE/
[2026-08-25 06:43:26] [95/102] 汽車維修 - Anyone | https://www.anyonehk.com/%E6%B1%BD%E8%BB%8A%E7%B6%AD%E4%BF%AE/
[2026-08-25 06:43:26]   ↳ 已存在，跳過 (汽車維修---Anyone.html)
[2026-08-25 06:43:26]   ↳ 已存在，跳過 (汽車維修---Anyone.html)
[2026-08-25 06:43:26] [96/102] 香港汽車維修公司名錄 - 新成立/注册及已更改名称的公司名单 | https://hkg.databasesets.com/zh-hant/gongsimingdan/type/Motor_Service
[2026-08-25 06:43:26] [96/102] 香港汽車維修公司名錄 - 新成立/注册及已更改名称的公司名单 | https://hkg.databasesets.com/zh-hant/gongsimingdan/type/Motor_Service
[2026-08-25 06:43:26]   ↳ 已存在，跳過 (香港汽車維修公司名錄---新成立-注册及已更改名称的公司名单.html)
[2026-08-25 06:43:26]   ↳ 已存在，跳過 (香港汽車維修公司名錄---新成立-注册及已更改名称的公司名单.html)
[2026-08-25 06:43:26] [97/102] 汽車服務公司 - Driver.com.hk | https://www.driver.com.hk/service
[2026-08-25 06:43:26] [97/102] 汽車服務公司 - Driver.com.hk | https://www.driver.com.hk/service
[2026-08-25 06:43:26]   ↳ 已存在，跳過 (汽車服務公司---Driver.com.hk.html)
[2026-08-25 06:43:26]   ↳ 已存在，跳過 (汽車服務公司---Driver.com.hk.html)
[2026-08-25 06:43:26] [98/102] 最佳香港花店推介 送花訂花好去處/網上買花 | https://www.timeout.com.hk/hong-kong/hk/%E8%B3%BC%E7%89%A9/%E6%9C%80%E4%BD%B3%E9%A6%99%E6%B8%AF%E8%8A%B1%E5%BA%97%E6%8E%A8%E4%BB%8B-%E9%80%81%E8%8A%B1%E8%A8%82%E8%8A%B1%E5%A5%BD%E5%8E%BB%E8%99%95-%E7%B6%B2%E4%B8%8A%E8%B2%B7%E8%8A%B1
[2026-08-25 06:43:26] [98/102] 最佳香港花店推介 送花訂花好去處/網上買花 | https://www.timeout.com.hk/hong-kong/hk/%E8%B3%BC%E7%89%A9/%E6%9C%80%E4%BD%B3%E9%A6%99%E6%B8%AF%E8%8A%B1%E5%BA%97%E6%8E%A8%E4%BB%8B-%E9%80%81%E8%8A%B1%E8%A8%82%E8%8A%B1%E5%A5%BD%E5%8E%BB%E8%99%95-%E7%B6%B2%E4%B8%8A%E8%B2%B7%E8%8A%B1
[2026-08-25 06:43:26]   ↳ 已存在，跳過 (最佳香港花店推介-送花訂花好去處-網上買花.html)
[2026-08-25 06:43:26]   ↳ 已存在，跳過 (最佳香港花店推介-送花訂花好去處-網上買花.html)
[2026-08-25 06:43:26] [99/102] HK Florist Directory | https://zh-hk.hk-florist.org/hk-florist-directory/
[2026-08-25 06:43:26] [99/102] HK Florist Directory | https://zh-hk.hk-florist.org/hk-florist-directory/
[2026-08-25 06:43:26]   ↳ 已存在，跳過 (HK-Florist-Directory.html)
[2026-08-25 06:43:26]   ↳ 已存在，跳過 (HK-Florist-Directory.html)
[2026-08-25 06:43:26] [100/102] 主頁 | https://shunkeeflowers.com.hk/
[2026-08-25 06:43:26] [100/102] 主頁 | https://shunkeeflowers.com.hk/
[2026-08-25 06:43:26]   ↳ 已存在，跳過 (主頁.html)
[2026-08-25 06:43:26]   ↳ 已存在，跳過 (主頁.html)
[2026-08-25 06:43:26] [101/102] Kushiro | http://www.kushiro.com.hk/
[2026-08-25 06:43:26] [101/102] Kushiro | http://www.kushiro.com.hk/
[2026-08-25 06:43:28]   ✓ 已儲存 Kushiro.html (49KB, requests 49256B)
[2026-08-25 06:43:28]   ✓ 已儲存 Kushiro.html (49KB, requests 49256B)
[2026-08-25 06:43:28] [102/102] PETNAR LIVING 裝修工程 室內設計 傢俬訂製 | https://petnar-living.com/interior-design/
[2026-08-25 06:43:28] [102/102] PETNAR LIVING 裝修工程 室內設計 傢俬訂製 | https://petnar-living.com/interior-design/
[2026-08-25 06:43:28]   ✓ 已儲存 PETNAR-LIVING-裝修工程-室內設計-傢俬訂製.html (367KB, requests 364030B)
[2026-08-25 06:43:28]   ✓ 已儲存 PETNAR-LIVING-裝修工程-室內設計-傢俬訂製.html (367KB, requests 364030B)
[2026-08-25 06:43:29] == 完成 ==
[2026-08-25 06:43:29] == 完成 ==
[2026-08-25 06:43:29] 成功 102 個，失敗 0 個
[2026-08-25 06:43:29] 成功 102 個，失敗 0 個

── 失敗清單 ──
[2026-08-25 06:43:29] == 開始為 0 間「沒網站但有聯絡」的商家建立一頁式網頁 → /home/ubuntu/.mok/html/project/MokCs ==
[2026-08-25 06:43:29] == 開始為 0 間「沒網站但有聯絡」的商家建立一頁式網頁 → /home/ubuntu/.mok/html/project/MokCs ==
[2026-08-25 06:43:29] == 一頁式網頁完成：0/0 ==
[2026-08-25 06:43:29] == 一頁式網頁完成：0/0 ==
[2026-08-25 07:13:19]   過濾：103 間 → 保留 103 間有 WhatsApp/Email 的商家
[2026-08-25 07:13:19]   過濾：103 間 → 保留 103 間有 WhatsApp/Email 的商家
[2026-08-25 07:13:19] == 開始克隆 103 個商家首頁 → /home/ubuntu/.mok/html/project/MokCs ==
[2026-08-25 07:13:19] == 開始克隆 103 個商家首頁 → /home/ubuntu/.mok/html/project/MokCs ==
[2026-08-25 07:13:19] [1/103] Hutong | https://hutong.com.hk/
[2026-08-25 07:13:19] [1/103] Hutong | https://hutong.com.hk/
[2026-08-25 07:13:19]   ↳ 已存在，跳過 (Hutong.html)
[2026-08-25 07:13:19]   ↳ 已存在，跳過 (Hutong.html)
[2026-08-25 07:13:19] [2/103] The Chairman Restaurant | https://www.thechairmangroup.com/
[2026-08-25 07:13:19] [2/103] The Chairman Restaurant | https://www.thechairmangroup.com/
[2026-08-25 07:13:19]   ↳ 已存在，跳過 (The-Chairman-Restaurant.html)
[2026-08-25 07:13:19]   ↳ 已存在，跳過 (The-Chairman-Restaurant.html)
[2026-08-25 07:13:19] [3/103] 南蛮亭香港店 | http://nanbantei.com.hk/
[2026-08-25 07:13:19] [3/103] 南蛮亭香港店 | http://nanbantei.com.hk/
[2026-08-25 07:13:19]   ↳ 已存在，跳過 (南蛮亭香港店.html)
[2026-08-25 07:13:19]   ↳ 已存在，跳過 (南蛮亭香港店.html)
[2026-08-25 07:13:19] [4/103] 添好運點心專賣店 | https://www.timhowan.com.hk/
[2026-08-25 07:13:19] [4/103] 添好運點心專賣店 | https://www.timhowan.com.hk/
[2026-08-25 07:13:19]   ↳ 已存在，跳過 (添好運點心專賣店.html)
[2026-08-25 07:13:19]   ↳ 已存在，跳過 (添好運點心專賣店.html)
[2026-08-25 07:13:19] [5/103] La Petite Maison (LPM) Hong Ko | https://lpmrestaurants.com/hongkong/
[2026-08-25 07:13:19] [5/103] La Petite Maison (LPM) Hong Ko | https://lpmrestaurants.com/hongkong/
[2026-08-25 07:13:19]   ↳ 已存在，跳過 (La-Petite-Maison-LPM-Hong-Kong.html)
[2026-08-25 07:13:19]   ↳ 已存在，跳過 (La-Petite-Maison-LPM-Hong-Kong.html)
[2026-08-25 07:13:19] [6/103] Glow Hong Kong | https://www.glowspa.hk/
[2026-08-25 07:13:19] [6/103] Glow Hong Kong | https://www.glowspa.hk/
[2026-08-25 07:13:19]   ↳ 已存在，跳過 (Glow-Hong-Kong.html)
[2026-08-25 07:13:19]   ↳ 已存在，跳過 (Glow-Hong-Kong.html)
[2026-08-25 07:13:19] [7/103] Mó The Slow Bloom | https://www.mo-hk.com/
[2026-08-25 07:13:19] [7/103] Mó The Slow Bloom | https://www.mo-hk.com/
[2026-08-25 07:13:19]   ↳ 已存在，跳過 (Mó-The-Slow-Bloom.html)
[2026-08-25 07:13:19]   ↳ 已存在，跳過 (Mó-The-Slow-Bloom.html)
[2026-08-25 07:13:19] [8/103] Lux Medical 医繊美 | https://www.luxbeauty.hk/
[2026-08-25 07:13:19] [8/103] Lux Medical 医繊美 | https://www.luxbeauty.hk/
[2026-08-25 07:13:19]   ↳ 已存在，跳過 (Lux-Medical-医繊美.html)
[2026-08-25 07:13:19]   ↳ 已存在，跳過 (Lux-Medical-医繊美.html)
[2026-08-25 07:13:19] [9/103] 114HAIR | http://www.114hair.com/
[2026-08-25 07:13:19] [9/103] 114HAIR | http://www.114hair.com/
[2026-08-25 07:13:19]   ↳ 已存在，跳過 (114HAIR.html)
[2026-08-25 07:13:19]   ↳ 已存在，跳過 (114HAIR.html)
[2026-08-25 07:13:19] [10/103] Love Hair | http://www.lovehairhk.com/
[2026-08-25 07:13:19] [10/103] Love Hair | http://www.lovehairhk.com/
[2026-08-25 07:13:19]   ↳ 已存在，跳過 (Love-Hair.html)
[2026-08-25 07:13:19]   ↳ 已存在，跳過 (Love-Hair.html)
[2026-08-25 07:13:19] [11/103] TONI&GUY HK | http://www.toniandguyhk.com/
[2026-08-25 07:13:19] [11/103] TONI&GUY HK | http://www.toniandguyhk.com/
[2026-08-25 07:13:19]   ↳ 已存在，跳過 (TONIGUY-HK.html)
[2026-08-25 07:13:19]   ↳ 已存在，跳過 (TONIGUY-HK.html)
[2026-08-25 07:13:19] [12/103] iMPROVE HAiR-尖沙咀salon 尖沙咀剪髮 尖沙 | http://www.ihair.com.hk/
[2026-08-25 07:13:19] [12/103] iMPROVE HAiR-尖沙咀salon 尖沙咀剪髮 尖沙 | http://www.ihair.com.hk/
[2026-08-25 07:13:19]   ↳ 已存在，跳過 (iMPROVE-HAiR-尖沙咀salon-尖沙咀剪髮-尖沙咀髮廊-尖沙咀中藥染髮-尖沙咀假髮-尖沙咀頭皮護理.html)
[2026-08-25 07:13:19]   ↳ 已存在，跳過 (iMPROVE-HAiR-尖沙咀salon-尖沙咀剪髮-尖沙咀髮廊-尖沙咀中藥染髮-尖沙咀假髮-尖沙咀頭皮護理.html)
[2026-08-25 07:13:19] [13/103] 金澱装修工程有限公司 | https://www.palaceengineeringltd.com/
[2026-08-25 07:13:19] [13/103] 金澱装修工程有限公司 | https://www.palaceengineeringltd.com/
[2026-08-25 07:13:19]   ↳ 已存在，跳過 (金澱装修工程有限公司.html)
[2026-08-25 07:13:19]   ↳ 已存在，跳過 (金澱装修工程有限公司.html)
[2026-08-25 07:13:19] [14/103] 鋒主義 - 室內設計公司 | 室內裝修工程 | 工期 報價  | https://www.fungstyle.com.hk/
[2026-08-25 07:13:19] [14/103] 鋒主義 - 室內設計公司 | 室內裝修工程 | 工期 報價  | https://www.fungstyle.com.hk/
[2026-08-25 07:13:19]   ↳ 已存在，跳過 (鋒主義---室內設計公司-室內裝修工程-工期-報價-服務-三大保證.html)
[2026-08-25 07:13:19]   ↳ 已存在，跳過 (鋒主義---室內設計公司-室內裝修工程-工期-報價-服務-三大保證.html)
[2026-08-25 07:13:19] [15/103] 装修兄弟 | http://www.renobro.com.hk/
[2026-08-25 07:13:19] [15/103] 装修兄弟 | http://www.renobro.com.hk/
[2026-08-25 07:13:19]   ↳ 已存在，跳過 (装修兄弟.html)
[2026-08-25 07:13:19]   ↳ 已存在，跳過 (装修兄弟.html)
[2026-08-25 07:13:19] [16/103] 居屋皇 House king | 香港室内設計及装修公司 | http://housekinghk.com/
[2026-08-25 07:13:19] [16/103] 居屋皇 House king | 香港室内設計及装修公司 | http://housekinghk.com/
[2026-08-25 07:13:19]   ↳ 已存在，跳過 (居屋皇-House-king-香港室内設計及装修公司.html)
[2026-08-25 07:13:19]   ↳ 已存在，跳過 (居屋皇-House-king-香港室内設計及装修公司.html)
[2026-08-25 07:13:19] [17/103] Toby 裝修設計平台｜免費裝修報價｜香港裝修公司及室內設計 | https://www.hellotoby.com/zh-hk/id
[2026-08-25 07:13:19] [17/103] Toby 裝修設計平台｜免費裝修報價｜香港裝修公司及室內設計 | https://www.hellotoby.com/zh-hk/id
[2026-08-25 07:13:19]   ↳ 已存在，跳過 (Toby-裝修設計平台免費裝修報價香港裝修公司及室內設計公司.html)
[2026-08-25 07:13:19]   ↳ 已存在，跳過 (Toby-裝修設計平台免費裝修報價香港裝修公司及室內設計公司.html)
[2026-08-25 07:13:19] [18/103] PET HK - Mid Levels Edition | http://pethk.com/
[2026-08-25 07:13:19] [18/103] PET HK - Mid Levels Edition | http://pethk.com/
[2026-08-25 07:13:19]   ↳ 已存在，跳過 (PET-HK---Mid-Levels-Edition.html)
[2026-08-25 07:13:19]   ↳ 已存在，跳過 (PET-HK---Mid-Levels-Edition.html)
[2026-08-25 07:13:19] [19/103] Ruff & Fetch 拉夫寵物生活 (佐敦 Jordan | http://www.ruffandfetch.com/
[2026-08-25 07:13:19] [19/103] Ruff & Fetch 拉夫寵物生活 (佐敦 Jordan | http://www.ruffandfetch.com/
[2026-08-25 07:13:19]   ↳ 已存在，跳過 (Ruff--Fetch-拉夫寵物生活-佐敦-Jordan.html)
[2026-08-25 07:13:19]   ↳ 已存在，跳過 (Ruff--Fetch-拉夫寵物生活-佐敦-Jordan.html)
[2026-08-25 07:13:19] [20/103] HKTA香港導師会 | https://www.hkta.edu.hk/
[2026-08-25 07:13:19] [20/103] HKTA香港導師会 | https://www.hkta.edu.hk/
[2026-08-25 07:13:19]   ↳ 已存在，跳過 (HKTA香港導師会.html)
[2026-08-25 07:13:19]   ↳ 已存在，跳過 (HKTA香港導師会.html)
[2026-08-25 07:13:19] [21/103] 騎士数学 Knight Mathematics - Band | https://knightmaths.edu.hk/
[2026-08-25 07:13:19] [21/103] 騎士数学 Knight Mathematics - Band | https://knightmaths.edu.hk/
[2026-08-25 07:13:19]   ↳ 已存在，跳過 (騎士数学-Knight-Mathematics---Band-1-DSE-数学補習社.html)
[2026-08-25 07:13:19]   ↳ 已存在，跳過 (騎士数学-Knight-Mathematics---Band-1-DSE-数学補習社.html)
[2026-08-25 07:13:19] [22/103] 香港文化教育中心 | https://docs.google.com/forms/d/e/1FAIpQLSdjgsQlR4w8ZgKgE9RgAUPsPwrZzAZpo5SCULDDOgygEdeDnQ/viewform
[2026-08-25 07:13:19] [22/103] 香港文化教育中心 | https://docs.google.com/forms/d/e/1FAIpQLSdjgsQlR4w8ZgKgE9RgAUPsPwrZzAZpo5SCULDDOgygEdeDnQ/viewform
[2026-08-25 07:13:19]   ↳ 已存在，跳過 (香港文化教育中心.html)
[2026-08-25 07:13:19]   ↳ 已存在，跳過 (香港文化教育中心.html)
[2026-08-25 07:13:19] [23/103] GETUTOR 香港導師総会｜上門補習中介平台｜私補導師推介 | https://www.getutor.com.hk/
[2026-08-25 07:13:19] [23/103] GETUTOR 香港導師総会｜上門補習中介平台｜私補導師推介 | https://www.getutor.com.hk/
[2026-08-25 07:13:19]   ↳ 已存在，跳過 (GETUTOR-香港導師総会上門補習中介平台私補導師推介Private-Tutors-AgencyIB-IGCSE-A.html)
[2026-08-25 07:13:19]   ↳ 已存在，跳過 (GETUTOR-香港導師総会上門補習中介平台私補導師推介Private-Tutors-AgencyIB-IGCSE-A.html)
[2026-08-25 07:13:19] [24/103] 英博教学中心 - 数学中文英文補習 - 中小学補習社 | https://eplc.edu.hk/
[2026-08-25 07:13:19] [24/103] 英博教学中心 - 数学中文英文補習 - 中小学補習社 | https://eplc.edu.hk/
[2026-08-25 07:13:19]   ↳ 已存在，跳過 (英博教学中心---数学中文英文補習---中小学補習社.html)
[2026-08-25 07:13:19]   ↳ 已存在，跳過 (英博教学中心---数学中文英文補習---中小学補習社.html)
[2026-08-25 07:13:19] [25/103] 進研教育 - 英文中文数学補習社 | https://joinin-education.com/
[2026-08-25 07:13:19] [25/103] 進研教育 - 英文中文数学補習社 | https://joinin-education.com/
[2026-08-25 07:13:19]   ↳ 已存在，跳過 (進研教育---英文中文数学補習社.html)
[2026-08-25 07:13:19]   ↳ 已存在，跳過 (進研教育---英文中文数学補習社.html)
[2026-08-25 07:13:19] [26/103] 學斯教育(灣仔) | http://hoksi-edu.com/
[2026-08-25 07:13:19] [26/103] 學斯教育(灣仔) | http://hoksi-edu.com/
[2026-08-25 07:13:19]   ↳ 已存在，跳過 (學斯教育灣仔.html)
[2026-08-25 07:13:19]   ↳ 已存在，跳過 (學斯教育灣仔.html)
[2026-08-25 07:13:19] [27/103] 補習社｜学博教育 Learn Smart Education | https://learnsmart.edu.hk/
[2026-08-25 07:13:19] [27/103] 補習社｜学博教育 Learn Smart Education | https://learnsmart.edu.hk/
[2026-08-25 07:13:19]   ↳ 已存在，跳過 (補習社学博教育-Learn-Smart-Education.html)
[2026-08-25 07:13:19]   ↳ 已存在，跳過 (補習社学博教育-Learn-Smart-Education.html)
[2026-08-25 07:13:19] [28/103] 24/7 Fitness Central | http://247.fitness/
[2026-08-25 07:13:19] [28/103] 24/7 Fitness Central | http://247.fitness/
[2026-08-25 07:13:19]   ↳ 已存在，跳過 (24-7-Fitness-Central.html)
[2026-08-25 07:13:19]   ↳ 已存在，跳過 (24-7-Fitness-Central.html)
[2026-08-25 07:13:19] [29/103] 啓弘牙科（旺角店）丨九龍/旺角牙医/智慧歯/箍牙/隠式美/全 | https://omnesdental.com/
[2026-08-25 07:13:19] [29/103] 啓弘牙科（旺角店）丨九龍/旺角牙医/智慧歯/箍牙/隠式美/全 | https://omnesdental.com/
[2026-08-25 07:13:19]   ↳ 已存在，跳過 (啓弘牙科旺角店丨九龍-旺角牙医-智慧歯-箍牙-隠式美-全方位牙科服務-専業治療牙痛-種植牙-補牙-剥牙-洗牙.html)
[2026-08-25 07:13:19]   ↳ 已存在，跳過 (啓弘牙科旺角店丨九龍-旺角牙医-智慧歯-箍牙-隠式美-全方位牙科服務-専業治療牙痛-種植牙-補牙-剥牙-洗牙.html)
[2026-08-25 07:13:19] [30/103] Smith & Jain Dentists 史密夫和鄭牙醫診 | https://smithandjaindentists.com/
[2026-08-25 07:13:19] [30/103] Smith & Jain Dentists 史密夫和鄭牙醫診 | https://smithandjaindentists.com/
[2026-08-25 07:13:19]   ↳ 已存在，跳過 (Smith--Jain-Dentists-史密夫和鄭牙醫診所.html)
[2026-08-25 07:13:19]   ↳ 已存在，跳過 (Smith--Jain-Dentists-史密夫和鄭牙醫診所.html)
[2026-08-25 07:13:19] [31/103] Home Dental (Tsim Sha Tsui Bra | https://homedentalhk.com/cn/contact-us/tst
[2026-08-25 07:13:19] [31/103] Home Dental (Tsim Sha Tsui Bra | https://homedentalhk.com/cn/contact-us/tst
[2026-08-25 07:13:19]   ↳ 已存在，跳過 (Home-Dental-Tsim-Sha-Tsui-Branch.html)
[2026-08-25 07:13:19]   ↳ 已存在，跳過 (Home-Dental-Tsim-Sha-Tsui-Branch.html)
[2026-08-25 07:13:19] [32/103] 伍裕彤牙医 | https://trucaredental.hk/
[2026-08-25 07:13:19] [32/103] 伍裕彤牙医 | https://trucaredental.hk/
[2026-08-25 07:13:19]   ↳ 已存在，跳過 (伍裕彤牙医.html)
[2026-08-25 07:13:19]   ↳ 已存在，跳過 (伍裕彤牙医.html)
[2026-08-25 07:13:19] [33/103] Home Dental | https://homedentalhk.com/cn/contact-us/cwb
[2026-08-25 07:13:19] [33/103] Home Dental | https://homedentalhk.com/cn/contact-us/cwb
[2026-08-25 07:13:19]   ↳ 已存在，跳過 (Home-Dental.html)
[2026-08-25 07:13:19]   ↳ 已存在，跳過 (Home-Dental.html)
[2026-08-25 07:13:19] [34/103] T.O.P Dental by Family Smile L | http://www.topdental.hk/
[2026-08-25 07:13:19] [34/103] T.O.P Dental by Family Smile L | http://www.topdental.hk/
[2026-08-25 07:13:19]   ↳ 已存在，跳過 (T.O.P-Dental-by-Family-Smile-Ltd-香港牙科醫療集團-旺角太子牙醫中心.html)
[2026-08-25 07:13:19]   ↳ 已存在，跳過 (T.O.P-Dental-by-Family-Smile-Ltd-香港牙科醫療集團-旺角太子牙醫中心.html)
[2026-08-25 07:13:19] [35/103] Metro Dental 城健総合牙科医療中心 | https://www.metrodental.com.hk/
[2026-08-25 07:13:19] [35/103] Metro Dental 城健総合牙科医療中心 | https://www.metrodental.com.hk/
[2026-08-25 07:13:19]   ↳ 已存在，跳過 (Metro-Dental-城健総合牙科医療中心.html)
[2026-08-25 07:13:19]   ↳ 已存在，跳過 (Metro-Dental-城健総合牙科医療中心.html)
[2026-08-25 07:13:19] [36/103] 大国手 汽車車身維修 Grand Tycoon Automo | http://grandtycoon.com/
[2026-08-25 07:13:19] [36/103] 大国手 汽車車身維修 Grand Tycoon Automo | http://grandtycoon.com/
[2026-08-25 07:13:19]   ↳ 已存在，跳過 (大国手-汽車車身維修-Grand-Tycoon-Automotive-Repair-Shop.html)
[2026-08-25 07:13:19]   ↳ 已存在，跳過 (大国手-汽車車身維修-Grand-Tycoon-Automotive-Repair-Shop.html)
[2026-08-25 07:13:19] [37/103] AutoMate | Sham Shui Po Shop | https://www.automate-app.com/auto-shop
[2026-08-25 07:13:19] [37/103] AutoMate | Sham Shui Po Shop | https://www.automate-app.com/auto-shop
[2026-08-25 07:13:19]   ↳ 已存在，跳過 (AutoMate-Sham-Shui-Po-Shop.html)
[2026-08-25 07:13:19]   ↳ 已存在，跳過 (AutoMate-Sham-Shui-Po-Shop.html)
[2026-08-25 07:13:19] [38/103] Carol Garage Limited | http://www.carolgarage.com.hk/
[2026-08-25 07:13:19] [38/103] Carol Garage Limited | http://www.carolgarage.com.hk/
[2026-08-25 07:13:19]   ↳ 已存在，跳過 (Carol-Garage-Limited.html)
[2026-08-25 07:13:19]   ↳ 已存在，跳過 (Carol-Garage-Limited.html)
[2026-08-25 07:13:19] [39/103] 八方汽車 | Power Moto Limited | http://www.power-moto.hk/
[2026-08-25 07:13:19] [39/103] 八方汽車 | Power Moto Limited | http://www.power-moto.hk/
[2026-08-25 07:13:19]   ↳ 已存在，跳過 (八方汽車-Power-Moto-Limited.html)
[2026-08-25 07:13:19]   ↳ 已存在，跳過 (八方汽車-Power-Moto-Limited.html)
[2026-08-25 07:13:19] [40/103] Flow & Roll Laundry 自助洗衣 (中環 C | https://flowandroll.com/
[2026-08-25 07:13:19] [40/103] Flow & Roll Laundry 自助洗衣 (中環 C | https://flowandroll.com/
[2026-08-25 07:13:19]   ↳ 已存在，跳過 (Flow--Roll-Laundry-自助洗衣-中環-Central.html)
[2026-08-25 07:13:19]   ↳ 已存在，跳過 (Flow--Roll-Laundry-自助洗衣-中環-Central.html)
[2026-08-25 07:13:19] [41/103] 初洗 First Laundry 觀塘24小時自助洗衣店 | https://wa.me/85268716550
[2026-08-25 07:13:19] [41/103] 初洗 First Laundry 觀塘24小時自助洗衣店 | https://wa.me/85268716550
[2026-08-25 07:13:19]   ↳ 已存在，跳過 (初洗-First-Laundry-觀塘24小時自助洗衣店.html)
[2026-08-25 07:13:19]   ↳ 已存在，跳過 (初洗-First-Laundry-觀塘24小時自助洗衣店.html)
[2026-08-25 07:13:19] [42/103] 水漾衣坊 water laundry | https://whalewashmk.hk/
[2026-08-25 07:13:19] [42/103] 水漾衣坊 water laundry | https://whalewashmk.hk/
[2026-08-25 07:13:19]   ↳ 已存在，跳過 (水漾衣坊-water-laundry.html)
[2026-08-25 07:13:19]   ↳ 已存在，跳過 (水漾衣坊-water-laundry.html)
[2026-08-25 07:13:19] [43/103] FLORISTRY by ART OF LIVING | http://www.floristrybyartofliving.com/
[2026-08-25 07:13:19] [43/103] FLORISTRY by ART OF LIVING | http://www.floristrybyartofliving.com/
[2026-08-25 07:13:19]   ↳ 已存在，跳過 (FLORISTRY-by-ART-OF-LIVING.html)
[2026-08-25 07:13:19]   ↳ 已存在，跳過 (FLORISTRY-by-ART-OF-LIVING.html)
[2026-08-25 07:13:19] [44/103] 花籃 450 - Flower 450 | https://flower450.com/
[2026-08-25 07:13:19] [44/103] 花籃 450 - Flower 450 | https://flower450.com/
[2026-08-25 07:13:19]   ↳ 已存在，跳過 (花籃-450---Flower-450.html)
[2026-08-25 07:13:19]   ↳ 已存在，跳過 (花籃-450---Flower-450.html)
[2026-08-25 07:13:19] [45/103] 優之花鋪-U Flower Shop | https://www.uflowershop.com/
[2026-08-25 07:13:19] [45/103] 優之花鋪-U Flower Shop | https://www.uflowershop.com/
[2026-08-25 07:13:19]   ↳ 已存在，跳過 (優之花鋪-U-Flower-Shop.html)
[2026-08-25 07:13:19]   ↳ 已存在，跳過 (優之花鋪-U-Flower-Shop.html)
[2026-08-25 07:13:19] [46/103] Eternal Flora hk | https://www.eternalflorahk.com/
[2026-08-25 07:13:19] [46/103] Eternal Flora hk | https://www.eternalflorahk.com/
[2026-08-25 07:13:19]   ↳ 已存在，跳過 (Eternal-Flora-hk.html)
[2026-08-25 07:13:19]   ↳ 已存在，跳過 (Eternal-Flora-hk.html)
[2026-08-25 07:13:19] [47/103] FDHK - Flower Delivery Hong Ko | https://flowerdeliveryhongkong.com/
[2026-08-25 07:13:19] [47/103] FDHK - Flower Delivery Hong Ko | https://flowerdeliveryhongkong.com/
[2026-08-25 07:13:19]   ↳ 已存在，跳過 (FDHK---Flower-Delivery-Hong-Kong.html)
[2026-08-25 07:13:19]   ↳ 已存在，跳過 (FDHK---Flower-Delivery-Hong-Kong.html)
[2026-08-25 07:13:19] [48/103] Joseph Photo 香港專業攝影工作室 | https://josephphoto.hk/
[2026-08-25 07:13:19] [48/103] Joseph Photo 香港專業攝影工作室 | https://josephphoto.hk/
[2026-08-25 07:13:19]   ↳ 已存在，跳過 (Joseph-Photo-香港專業攝影工作室.html)
[2026-08-25 07:13:19]   ↳ 已存在，跳過 (Joseph-Photo-香港專業攝影工作室.html)
[2026-08-25 07:13:19] [49/103] Majesty Professional Photo殿堂館- | https://www.majestyprofessional.com/
[2026-08-25 07:13:19] [49/103] Majesty Professional Photo殿堂館- | https://www.majestyprofessional.com/
[2026-08-25 07:13:19]   ↳ 已存在，跳過 (Majesty-Professional-Photo殿堂館-專業照首選.html)
[2026-08-25 07:13:19]   ↳ 已存在，跳過 (Majesty-Professional-Photo殿堂館-專業照首選.html)
[2026-08-25 07:13:19] [50/103] Owl Photo Studio 貓頭鷹照相館 | https://www.owlphoto.hk/
[2026-08-25 07:13:19] [50/103] Owl Photo Studio 貓頭鷹照相館 | https://www.owlphoto.hk/
[2026-08-25 07:13:19]   ↳ 已存在，跳過 (Owl-Photo-Studio-貓頭鷹照相館.html)
[2026-08-25 07:13:19]   ↳ 已存在，跳過 (Owl-Photo-Studio-貓頭鷹照相館.html)
[2026-08-25 07:13:19] [51/103] Yat Tung Heen - Eaton HK | https://www.yattungheen.com/
[2026-08-25 07:13:19] [51/103] Yat Tung Heen - Eaton HK | https://www.yattungheen.com/
[2026-08-25 07:13:19]   ↳ 已存在，跳過 (Yat-Tung-Heen---Eaton-HK.html)
[2026-08-25 07:13:19]   ↳ 已存在，跳過 (Yat-Tung-Heen---Eaton-HK.html)
[2026-08-25 07:13:19] [52/103] Hair Quest Hair salon Central | https://www.hairquest-hk.com/
[2026-08-25 07:13:19] [52/103] Hair Quest Hair salon Central | https://www.hairquest-hk.com/
[2026-08-25 07:13:19]   ↳ 已存在，跳過 (Hair-Quest-Hair-salon-Central.html)
[2026-08-25 07:13:19]   ↳ 已存在，跳過 (Hair-Quest-Hair-salon-Central.html)
[2026-08-25 07:13:19] [53/103] 天下猫猫一様猫 | https://www.catiscat.com.hk/
[2026-08-25 07:13:19] [53/103] 天下猫猫一様猫 | https://www.catiscat.com.hk/
[2026-08-25 07:13:19]   ↳ 已存在，跳過 (天下猫猫一様猫.html)
[2026-08-25 07:13:19]   ↳ 已存在，跳過 (天下猫猫一様猫.html)
[2026-08-25 07:13:19] [54/103] Bora beauty | https://bora.hk/
[2026-08-25 07:13:19] [54/103] Bora beauty | https://bora.hk/
[2026-08-25 07:13:19]   ↳ 已存在，跳過 (Bora-beauty.html)
[2026-08-25 07:13:19]   ↳ 已存在，跳過 (Bora-beauty.html)
[2026-08-25 07:13:19] [55/103] Dream Scenes Studio | http://dreamscenesstudio.com/
[2026-08-25 07:13:19] [55/103] Dream Scenes Studio | http://dreamscenesstudio.com/
[2026-08-25 07:13:19]   ↳ 已存在，跳過 (Dream-Scenes-Studio.html)
[2026-08-25 07:13:19]   ↳ 已存在，跳過 (Dream-Scenes-Studio.html)
[2026-08-25 07:13:19] [56/103] Dazzling Smile Dental Clinic 瑩 | https://dazzlingsmiledentalclinic.com/
[2026-08-25 07:13:19] [56/103] Dazzling Smile Dental Clinic 瑩 | https://dazzlingsmiledentalclinic.com/
[2026-08-25 07:13:19]   ↳ 已存在，跳過 (Dazzling-Smile-Dental-Clinic-瑩恩牙科診所.html)
[2026-08-25 07:13:19]   ↳ 已存在，跳過 (Dazzling-Smile-Dental-Clinic-瑩恩牙科診所.html)
[2026-08-25 07:13:19] [57/103] Family Smile Limited | http://www.familysmile.hk/
[2026-08-25 07:13:19] [57/103] Family Smile Limited | http://www.familysmile.hk/
[2026-08-25 07:13:19]   ↳ 已存在，跳過 (Family-Smile-Limited.html)
[2026-08-25 07:13:19]   ↳ 已存在，跳過 (Family-Smile-Limited.html)
[2026-08-25 07:13:19] [58/103] INDULGENCE hair & beauty salon | http://www.indulgence.hk/
[2026-08-25 07:13:19] [58/103] INDULGENCE hair & beauty salon | http://www.indulgence.hk/
[2026-08-25 07:13:19]   ↳ 已存在，跳過 (INDULGENCE-hair--beauty-salon.html)
[2026-08-25 07:13:19]   ↳ 已存在，跳過 (INDULGENCE-hair--beauty-salon.html)
[2026-08-25 07:13:19] [59/103] 花店 | 花束專家 | https://www.flowerbouquet.com.hk/
[2026-08-25 07:13:19] [59/103] 花店 | 花束專家 | https://www.flowerbouquet.com.hk/
[2026-08-25 07:13:19]   ↳ 已存在，跳過 (花店-花束專家.html)
[2026-08-25 07:13:19]   ↳ 已存在，跳過 (花店-花束專家.html)
[2026-08-25 07:13:19] [60/103] 網上訂花 ‧ 送花香港 | Fdhk 最高評分即日網上花店 | https://flowerdeliveryhongkong.com/zh
[2026-08-25 07:13:19] [60/103] 網上訂花 ‧ 送花香港 | Fdhk 最高評分即日網上花店 | https://flowerdeliveryhongkong.com/zh
[2026-08-25 07:13:19]   ↳ 已存在，跳過 (網上訂花--送花香港-Fdhk-最高評分即日網上花店.html)
[2026-08-25 07:13:19]   ↳ 已存在，跳過 (網上訂花--送花香港-Fdhk-最高評分即日網上花店.html)
[2026-08-25 07:13:19] [61/103] Rhine Flowers | https://rhineflowers.com/
[2026-08-25 07:13:19] [61/103] Rhine Flowers | https://rhineflowers.com/
[2026-08-25 07:13:19]   ↳ 已存在，跳過 (Rhine-Flowers.html)
[2026-08-25 07:13:19]   ↳ 已存在，跳過 (Rhine-Flowers.html)
[2026-08-25 07:13:19] [62/103] 香港花店｜網上訂花及送花｜Gift Flowers HK | https://giftflowers.com.hk/cn/
[2026-08-25 07:13:19] [62/103] 香港花店｜網上訂花及送花｜Gift Flowers HK | https://giftflowers.com.hk/cn/
[2026-08-25 07:13:19]   ↳ 已存在，跳過 (香港花店網上訂花及送花Gift-Flowers-HK.html)
[2026-08-25 07:13:19]   ↳ 已存在，跳過 (香港花店網上訂花及送花Gift-Flowers-HK.html)
[2026-08-25 07:13:19] [63/103] Flora Floriculture - 花店 | https://www.floraf.com.hk/
[2026-08-25 07:13:19] [63/103] Flora Floriculture - 花店 | https://www.floraf.com.hk/
[2026-08-25 07:13:19]   ↳ 已存在，跳過 (Flora-Floriculture---花店.html)
[2026-08-25 07:13:19]   ↳ 已存在，跳過 (Flora-Floriculture---花店.html)
[2026-08-25 07:13:19] [64/103] 香港花店 | https://www.mrsliuflorist.com/
[2026-08-25 07:13:19] [64/103] 香港花店 | https://www.mrsliuflorist.com/
[2026-08-25 07:13:19]   ↳ 已存在，跳過 (香港花店.html)
[2026-08-25 07:13:19]   ↳ 已存在，跳過 (香港花店.html)
[2026-08-25 07:13:19] [65/103] 網上花店| 網上訂花 | 即日送花 | HKfashop | https://hkfashop.com/
[2026-08-25 07:13:19] [65/103] 網上花店| 網上訂花 | 即日送花 | HKfashop | https://hkfashop.com/
[2026-08-25 07:13:19]   ↳ 已存在，跳過 (網上花店-網上訂花-即日送花-HKfashop.html)
[2026-08-25 07:13:19]   ↳ 已存在，跳過 (網上花店-網上訂花-即日送花-HKfashop.html)
[2026-08-25 07:13:19] [66/103] 【 送花】 ｜訂花｜Flowerbee Florist訂花束 | https://flowerbee-hk.com/zh
[2026-08-25 07:13:19] [66/103] 【 送花】 ｜訂花｜Flowerbee Florist訂花束 | https://flowerbee-hk.com/zh
[2026-08-25 07:13:19]   ↳ 已存在，跳過 (送花-訂花Flowerbee-Florist訂花束---Flowerbee-HK-Florist.html)
[2026-08-25 07:13:19]   ↳ 已存在，跳過 (送花-訂花Flowerbee-Florist訂花束---Flowerbee-HK-Florist.html)
[2026-08-25 07:13:19] [67/103] 花點時間｜香港旺角花墟實體花店：24小時訂花、鮮花花束、開張 | https://www.reflower.com.hk/
[2026-08-25 07:13:19] [67/103] 花點時間｜香港旺角花墟實體花店：24小時訂花、鮮花花束、開張 | https://www.reflower.com.hk/
[2026-08-25 07:13:19]   ↳ 已存在，跳過 (花點時間香港旺角花墟實體花店24小時訂花鮮花花束開張花籃鮮花批發---花點時間-Reflower.html)
[2026-08-25 07:13:19]   ↳ 已存在，跳過 (花點時間香港旺角花墟實體花店24小時訂花鮮花花束開張花籃鮮花批發---花點時間-Reflower.html)
[2026-08-25 07:13:19] [68/103] 香港花店- 首頁花店推薦 - 我們代表和倡導位於香港島、九龍 | https://zh-hk.hk-florist.org/
[2026-08-25 07:13:19] [68/103] 香港花店- 首頁花店推薦 - 我們代表和倡導位於香港島、九龍 | https://zh-hk.hk-florist.org/
[2026-08-25 07:13:19]   ↳ 已存在，跳過 (香港花店--首頁花店推薦---我們代表和倡導位於香港島九龍和新界的花店以及在線花店和鮮花配送公司.html)
[2026-08-25 07:13:19]   ↳ 已存在，跳過 (香港花店--首頁花店推薦---我們代表和倡導位於香港島九龍和新界的花店以及在線花店和鮮花配送公司.html)
[2026-08-25 07:13:19] [69/103] 有花漾 ZH Flowers | https://www.zh-flowers.com/
[2026-08-25 07:13:19] [69/103] 有花漾 ZH Flowers | https://www.zh-flowers.com/
[2026-08-25 07:13:19]   ↳ 已存在，跳過 (有花漾-ZH-Flowers.html)
[2026-08-25 07:13:19]   ↳ 已存在，跳過 (有花漾-ZH-Flowers.html)
[2026-08-25 07:13:19] [70/103] 花店花生花華 | FaSunflower Florist | https://www.fasunflower.com/
[2026-08-25 07:13:19] [70/103] 花店花生花華 | FaSunflower Florist | https://www.fasunflower.com/
[2026-08-25 07:13:19]   ↳ 已存在，跳過 (花店花生花華-FaSunflower-Florist.html)
[2026-08-25 07:13:19]   ↳ 已存在，跳過 (花店花生花華-FaSunflower-Florist.html)
[2026-08-25 07:13:19] [71/103] 格蘭花店 Grand Floral & Gift Shop | https://grand.com.hk/
[2026-08-25 07:13:19] [71/103] 格蘭花店 Grand Floral & Gift Shop | https://grand.com.hk/
[2026-08-25 07:13:19]   ↳ 已存在，跳過 (格蘭花店-Grand-Floral--Gift-Shop.html)
[2026-08-25 07:13:19]   ↳ 已存在，跳過 (格蘭花店-Grand-Floral--Gift-Shop.html)
[2026-08-25 07:13:19] [72/103] WHY Studio - 上環證件相｜學生相｜專業形象照 | https://www.whystudiohk.com/
[2026-08-25 07:13:19] [72/103] WHY Studio - 上環證件相｜學生相｜專業形象照 | https://www.whystudiohk.com/
[2026-08-25 07:13:19]   ↳ 已存在，跳過 (WHY-Studio---上環證件相學生相專業形象照.html)
[2026-08-25 07:13:19]   ↳ 已存在，跳過 (WHY-Studio---上環證件相學生相專業形象照.html)
[2026-08-25 07:13:19] [73/103] Cat Watt 晴珊猫舎 | http://www.catwatt.com/
[2026-08-25 07:13:19] [73/103] Cat Watt 晴珊猫舎 | http://www.catwatt.com/
[2026-08-25 07:13:19]   ↳ 已存在，跳過 (Cat-Watt-晴珊猫舎.html)
[2026-08-25 07:13:19]   ↳ 已存在，跳過 (Cat-Watt-晴珊猫舎.html)
[2026-08-25 07:13:19] [74/103] 牙齒矯正及兒童齒科中心 (旺角朗豪坊) | Orthodon | https://www.ortho-center.com/
[2026-08-25 07:13:19] [74/103] 牙齒矯正及兒童齒科中心 (旺角朗豪坊) | Orthodon | https://www.ortho-center.com/
[2026-08-25 07:13:19]   ↳ 已存在，跳過 (牙齒矯正及兒童齒科中心-旺角朗豪坊-Orthodontic--Childrens-Dental-Center-Langh.html)
[2026-08-25 07:13:19]   ↳ 已存在，跳過 (牙齒矯正及兒童齒科中心-旺角朗豪坊-Orthodontic--Childrens-Dental-Center-Langh.html)
[2026-08-25 07:13:19] [75/103] HALO Flowers | https://haloflowers.com.hk/zh-hant/
[2026-08-25 07:13:19] [75/103] HALO Flowers | https://haloflowers.com.hk/zh-hant/
[2026-08-25 07:13:19]   ↳ 已存在，跳過 (HALO-Flowers.html)
[2026-08-25 07:13:19]   ↳ 已存在，跳過 (HALO-Flowers.html)
[2026-08-25 07:13:19] [76/103] Pettington 柏靈頓獸醫寵物用品 | https://www.pettington.com/
[2026-08-25 07:13:19] [76/103] Pettington 柏靈頓獸醫寵物用品 | https://www.pettington.com/
[2026-08-25 07:13:19]   ↳ 已存在，跳過 (Pettington-柏靈頓獸醫寵物用品.html)
[2026-08-25 07:13:19]   ↳ 已存在，跳過 (Pettington-柏靈頓獸醫寵物用品.html)
[2026-08-25 07:13:19] [77/103] 皓保牙科診所 Craft Smile Dental Cent | https://zh.drchrischeung.com/
[2026-08-25 07:13:19] [77/103] 皓保牙科診所 Craft Smile Dental Cent | https://zh.drchrischeung.com/
[2026-08-25 07:13:19]   ↳ 已存在，跳過 (皓保牙科診所-Craft-Smile-Dental-Center.html)
[2026-08-25 07:13:19]   ↳ 已存在，跳過 (皓保牙科診所-Craft-Smile-Dental-Center.html)
[2026-08-25 07:13:19] [78/103] Toyota Kowloon Bay Service Cen | https://www.toyota.com.hk/?utm_campaign=gmb&utm_medium=organic&utm_source=local
[2026-08-25 07:13:19] [78/103] Toyota Kowloon Bay Service Cen | https://www.toyota.com.hk/?utm_campaign=gmb&utm_medium=organic&utm_source=local
[2026-08-25 07:13:19]   ↳ 已存在，跳過 (Toyota-Kowloon-Bay-Service-Centre-Mechanical.html)
[2026-08-25 07:13:19]   ↳ 已存在，跳過 (Toyota-Kowloon-Bay-Service-Centre-Mechanical.html)
[2026-08-25 07:13:19] [79/103] Anglo Chinese Florist | http://www.anglochinese.com/
[2026-08-25 07:13:19] [79/103] Anglo Chinese Florist | http://www.anglochinese.com/
[2026-08-25 07:13:19]   ↳ 已存在，跳過 (Anglo-Chinese-Florist.html)
[2026-08-25 07:13:19]   ↳ 已存在，跳過 (Anglo-Chinese-Florist.html)
[2026-08-25 07:13:19] [80/103] Photobi HK 韓式 証件相拍摂工作室 - 湾仔店 | https://photobi.hk/
[2026-08-25 07:13:19] [80/103] Photobi HK 韓式 証件相拍摂工作室 - 湾仔店 | https://photobi.hk/
[2026-08-25 07:13:19]   ↳ 已存在，跳過 (Photobi-HK-韓式-証件相拍摂工作室---湾仔店.html)
[2026-08-25 07:13:19]   ↳ 已存在，跳過 (Photobi-HK-韓式-証件相拍摂工作室---湾仔店.html)
[2026-08-25 07:13:19] [81/103] Advance Pet Food | http://advancepetfood.com/
[2026-08-25 07:13:19] [81/103] Advance Pet Food | http://advancepetfood.com/
[2026-08-25 07:13:19]   ↳ 已存在，跳過 (Advance-Pet-Food.html)
[2026-08-25 07:13:19]   ↳ 已存在，跳過 (Advance-Pet-Food.html)
[2026-08-25 07:13:19] [82/103] Anna Maria Studio | http://annamstudio.com/
[2026-08-25 07:13:19] [82/103] Anna Maria Studio | http://annamstudio.com/
[2026-08-25 07:13:19]   ↳ 已存在，跳過 (Anna-Maria-Studio.html)
[2026-08-25 07:13:19]   ↳ 已存在，跳過 (Anna-Maria-Studio.html)
[2026-08-25 07:13:19] [83/103] 1984 HAIR SALON | https://1984hairsalon.wixsite.com/1984-hairsalon
[2026-08-25 07:13:19] [83/103] 1984 HAIR SALON | https://1984hairsalon.wixsite.com/1984-hairsalon
[2026-08-25 07:13:19]   ↳ 已存在，跳過 (1984-HAIR-SALON.html)
[2026-08-25 07:13:19]   ↳ 已存在，跳過 (1984-HAIR-SALON.html)
[2026-08-25 07:13:19] [84/103] Bulls PPF 専門店 | https://www.ppf.com.hk/
[2026-08-25 07:13:19] [84/103] Bulls PPF 専門店 | https://www.ppf.com.hk/
[2026-08-25 07:13:19]   ↳ 已存在，跳過 (Bulls-PPF-専門店.html)
[2026-08-25 07:13:19]   ↳ 已存在，跳過 (Bulls-PPF-専門店.html)
[2026-08-25 07:13:19] [85/103] LEEKAJA X AMONG Hair Salon Cen | https://www.leekaja.hk/
[2026-08-25 07:13:19] [85/103] LEEKAJA X AMONG Hair Salon Cen | https://www.leekaja.hk/
[2026-08-25 07:13:19]   ↳ 已存在，跳過 (LEEKAJA-X-AMONG-Hair-Salon-Century-Square-in-Hongkong-한국-미용실.html)
[2026-08-25 07:13:19]   ↳ 已存在，跳過 (LEEKAJA-X-AMONG-Hair-Salon-Century-Square-in-Hongkong-한국-미용실.html)
[2026-08-25 07:13:19] [86/103] MEGAPET (Kowloon City Shop) | http://www.megapet.com.hk/
[2026-08-25 07:13:19] [86/103] MEGAPET (Kowloon City Shop) | http://www.megapet.com.hk/
[2026-08-25 07:13:19]   ↳ 已存在，跳過 (MEGAPET-Kowloon-City-Shop.html)
[2026-08-25 07:13:19]   ↳ 已存在，跳過 (MEGAPET-Kowloon-City-Shop.html)
[2026-08-25 07:13:19] [87/103] 仁健牙科 Nixon Dental (太子牙醫/旺角牙醫/洗 | http://www.nixondental.com/
[2026-08-25 07:13:19] [87/103] 仁健牙科 Nixon Dental (太子牙醫/旺角牙醫/洗 | http://www.nixondental.com/
[2026-08-25 07:13:19]   ↳ 已存在，跳過 (仁健牙科-Nixon-Dental-太子牙醫-旺角牙醫-洗牙-補牙-種牙-植牙-杜牙根-智慧齒-箍牙-Invisalig.html)
[2026-08-25 07:13:19]   ↳ 已存在，跳過 (仁健牙科-Nixon-Dental-太子牙醫-旺角牙醫-洗牙-補牙-種牙-植牙-杜牙根-智慧齒-箍牙-Invisalig.html)
[2026-08-25 07:13:19] [88/103] 香港車房及汽車維修 | CarService.hk | https://www.carservice.hk/zh-hk
[2026-08-25 07:13:19] [88/103] 香港車房及汽車維修 | CarService.hk | https://www.carservice.hk/zh-hk
[2026-08-25 07:13:19]   ↳ 已存在，跳過 (香港車房及汽車維修-CarService.hk.html)
[2026-08-25 07:13:19]   ↳ 已存在，跳過 (香港車房及汽車維修-CarService.hk.html)
[2026-08-25 07:13:19] [89/103] 24小時 上門汽車維修保養服務 | https://garage-hk.com/onsite.php
[2026-08-25 07:13:19] [89/103] 24小時 上門汽車維修保養服務 | https://garage-hk.com/onsite.php
[2026-08-25 07:13:19]   ↳ 已存在，跳過 (24小時-上門汽車維修保養服務.html)
[2026-08-25 07:13:19]   ↳ 已存在，跳過 (24小時-上門汽車維修保養服務.html)
[2026-08-25 07:13:19] [90/103] 保養及維修服務 - Dchmsc | https://www.dchmsc.com/zh/maintenance-repair
[2026-08-25 07:13:19] [90/103] 保養及維修服務 - Dchmsc | https://www.dchmsc.com/zh/maintenance-repair
[2026-08-25 07:13:19]   ↳ 已存在，跳過 (保養及維修服務---Dchmsc.html)
[2026-08-25 07:13:19]   ↳ 已存在，跳過 (保養及維修服務---Dchmsc.html)
[2026-08-25 07:13:19] [91/103] Carro Care | https://carro.co/hk/zh-hant-hk/carro-care
[2026-08-25 07:13:19] [91/103] Carro Care | https://carro.co/hk/zh-hant-hk/carro-care
[2026-08-25 07:13:19]   ↳ 已存在，跳過 (Carro-Care.html)
[2026-08-25 07:13:19]   ↳ 已存在，跳過 (Carro-Care.html)
[2026-08-25 07:13:19] [92/103] 車師傅 - 全港認證車師傅總匯 | https://www.mastercar.hk/
[2026-08-25 07:13:19] [92/103] 車師傅 - 全港認證車師傅總匯 | https://www.mastercar.hk/
[2026-08-25 07:13:19]   ↳ 已存在，跳過 (車師傅---全港認證車師傅總匯.html)
[2026-08-25 07:13:19]   ↳ 已存在，跳過 (車師傅---全港認證車師傅總匯.html)
[2026-08-25 07:13:19] [93/103] 堅記車房平台 | https://www.kinkeecar.com/
[2026-08-25 07:13:19] [93/103] 堅記車房平台 | https://www.kinkeecar.com/
[2026-08-25 07:13:19]   ↳ 已存在，跳過 (堅記車房平台.html)
[2026-08-25 07:13:19]   ↳ 已存在，跳過 (堅記車房平台.html)
[2026-08-25 07:13:19] [94/103] 汽車保養及汽車維修 | CarService.hk | https://www.carservice.hk/zh-hk/services/car-servicing
[2026-08-25 07:13:19] [94/103] 汽車保養及汽車維修 | CarService.hk | https://www.carservice.hk/zh-hk/services/car-servicing
[2026-08-25 07:13:19]   ↳ 已存在，跳過 (汽車保養及汽車維修-CarService.hk.html)
[2026-08-25 07:13:19]   ↳ 已存在，跳過 (汽車保養及汽車維修-CarService.hk.html)
[2026-08-25 07:13:19] [95/103] 汽車維修 - Anyone | https://www.anyonehk.com/%E6%B1%BD%E8%BB%8A%E7%B6%AD%E4%BF%AE/
[2026-08-25 07:13:19] [95/103] 汽車維修 - Anyone | https://www.anyonehk.com/%E6%B1%BD%E8%BB%8A%E7%B6%AD%E4%BF%AE/
[2026-08-25 07:13:19]   ↳ 已存在，跳過 (汽車維修---Anyone.html)
[2026-08-25 07:13:19]   ↳ 已存在，跳過 (汽車維修---Anyone.html)
[2026-08-25 07:13:19] [96/103] 香港汽車維修公司名錄 - 新成立/注册及已更改名称的公司名单 | https://hkg.databasesets.com/zh-hant/gongsimingdan/type/Motor_Service
[2026-08-25 07:13:19] [96/103] 香港汽車維修公司名錄 - 新成立/注册及已更改名称的公司名单 | https://hkg.databasesets.com/zh-hant/gongsimingdan/type/Motor_Service
[2026-08-25 07:13:19]   ↳ 已存在，跳過 (香港汽車維修公司名錄---新成立-注册及已更改名称的公司名单.html)
[2026-08-25 07:13:19]   ↳ 已存在，跳過 (香港汽車維修公司名錄---新成立-注册及已更改名称的公司名单.html)
[2026-08-25 07:13:19] [97/103] 汽車服務公司 - Driver.com.hk | https://www.driver.com.hk/service
[2026-08-25 07:13:19] [97/103] 汽車服務公司 - Driver.com.hk | https://www.driver.com.hk/service
[2026-08-25 07:13:19]   ↳ 已存在，跳過 (汽車服務公司---Driver.com.hk.html)
[2026-08-25 07:13:19]   ↳ 已存在，跳過 (汽車服務公司---Driver.com.hk.html)
[2026-08-25 07:13:19] [98/103] 最佳香港花店推介 送花訂花好去處/網上買花 | https://www.timeout.com.hk/hong-kong/hk/%E8%B3%BC%E7%89%A9/%E6%9C%80%E4%BD%B3%E9%A6%99%E6%B8%AF%E8%8A%B1%E5%BA%97%E6%8E%A8%E4%BB%8B-%E9%80%81%E8%8A%B1%E8%A8%82%E8%8A%B1%E5%A5%BD%E5%8E%BB%E8%99%95-%E7%B6%B2%E4%B8%8A%E8%B2%B7%E8%8A%B1
[2026-08-25 07:13:19] [98/103] 最佳香港花店推介 送花訂花好去處/網上買花 | https://www.timeout.com.hk/hong-kong/hk/%E8%B3%BC%E7%89%A9/%E6%9C%80%E4%BD%B3%E9%A6%99%E6%B8%AF%E8%8A%B1%E5%BA%97%E6%8E%A8%E4%BB%8B-%E9%80%81%E8%8A%B1%E8%A8%82%E8%8A%B1%E5%A5%BD%E5%8E%BB%E8%99%95-%E7%B6%B2%E4%B8%8A%E8%B2%B7%E8%8A%B1
[2026-08-25 07:13:19]   ↳ 已存在，跳過 (最佳香港花店推介-送花訂花好去處-網上買花.html)
[2026-08-25 07:13:19]   ↳ 已存在，跳過 (最佳香港花店推介-送花訂花好去處-網上買花.html)
[2026-08-25 07:13:19] [99/103] HK Florist Directory | https://zh-hk.hk-florist.org/hk-florist-directory/
[2026-08-25 07:13:19] [99/103] HK Florist Directory | https://zh-hk.hk-florist.org/hk-florist-directory/
[2026-08-25 07:13:19]   ↳ 已存在，跳過 (HK-Florist-Directory.html)
[2026-08-25 07:13:19]   ↳ 已存在，跳過 (HK-Florist-Directory.html)
[2026-08-25 07:13:19] [100/103] 主頁 | https://shunkeeflowers.com.hk/
[2026-08-25 07:13:19] [100/103] 主頁 | https://shunkeeflowers.com.hk/
[2026-08-25 07:13:19]   ↳ 已存在，跳過 (主頁.html)
[2026-08-25 07:13:19]   ↳ 已存在，跳過 (主頁.html)
[2026-08-25 07:13:19] [101/103] Kushiro | http://www.kushiro.com.hk/
[2026-08-25 07:13:19] [101/103] Kushiro | http://www.kushiro.com.hk/
[2026-08-25 07:13:19]   ↳ 已存在，跳過 (Kushiro.html)
[2026-08-25 07:13:19]   ↳ 已存在，跳過 (Kushiro.html)
[2026-08-25 07:13:19] [102/103] PETNAR LIVING 裝修工程 室內設計 傢俬訂製 | https://petnar-living.com/interior-design/
[2026-08-25 07:13:19] [102/103] PETNAR LIVING 裝修工程 室內設計 傢俬訂製 | https://petnar-living.com/interior-design/
[2026-08-25 07:13:19]   ↳ 已存在，跳過 (PETNAR-LIVING-裝修工程-室內設計-傢俬訂製.html)
[2026-08-25 07:13:19]   ↳ 已存在，跳過 (PETNAR-LIVING-裝修工程-室內設計-傢俬訂製.html)
[2026-08-25 07:13:19] [103/103] 太子中学補習社 - 立方教育 | https://www.ilearndse.com/
[2026-08-25 07:13:19] [103/103] 太子中学補習社 - 立方教育 | https://www.ilearndse.com/
[2026-08-25 07:13:21]   ✓ 已儲存 太子中学補習社---立方教育.html (546KB, requests 552946B)
[2026-08-25 07:13:21]   ✓ 已儲存 太子中学補習社---立方教育.html (546KB, requests 552946B)
[2026-08-25 07:13:21] == 完成 ==
[2026-08-25 07:13:21] == 完成 ==
[2026-08-25 07:13:21] 成功 103 個，失敗 0 個
[2026-08-25 07:13:21] 成功 103 個，失敗 0 個

── 失敗清單 ──
[2026-08-25 07:13:21] == 開始為 0 間「沒網站但有聯絡」的商家建立一頁式網頁 → /home/ubuntu/.mok/html/project/MokCs ==
[2026-08-25 07:13:21] == 開始為 0 間「沒網站但有聯絡」的商家建立一頁式網頁 → /home/ubuntu/.mok/html/project/MokCs ==
[2026-08-25 07:13:21] == 一頁式網頁完成：0/0 ==
[2026-08-25 07:13:21] == 一頁式網頁完成：0/0 ==
[2026-08-25 07:46:22]   過濾：104 間 → 保留 104 間有 WhatsApp/Email 的商家
[2026-08-25 07:46:22]   過濾：104 間 → 保留 104 間有 WhatsApp/Email 的商家
[2026-08-25 07:46:22] == 開始克隆 104 個商家首頁 → /home/ubuntu/.mok/html/project/MokCs ==
[2026-08-25 07:46:22] == 開始克隆 104 個商家首頁 → /home/ubuntu/.mok/html/project/MokCs ==
[2026-08-25 07:46:22] [1/104] Hutong | https://hutong.com.hk/
[2026-08-25 07:46:22] [1/104] Hutong | https://hutong.com.hk/
[2026-08-25 07:46:22]   ↳ 已存在，跳過 (Hutong.html)
[2026-08-25 07:46:22]   ↳ 已存在，跳過 (Hutong.html)
[2026-08-25 07:46:22] [2/104] The Chairman Restaurant | https://www.thechairmangroup.com/
[2026-08-25 07:46:22] [2/104] The Chairman Restaurant | https://www.thechairmangroup.com/
[2026-08-25 07:46:22]   ↳ 已存在，跳過 (The-Chairman-Restaurant.html)
[2026-08-25 07:46:22]   ↳ 已存在，跳過 (The-Chairman-Restaurant.html)
[2026-08-25 07:46:22] [3/104] 南蛮亭香港店 | http://nanbantei.com.hk/
[2026-08-25 07:46:22] [3/104] 南蛮亭香港店 | http://nanbantei.com.hk/
[2026-08-25 07:46:22]   ↳ 已存在，跳過 (南蛮亭香港店.html)
[2026-08-25 07:46:22]   ↳ 已存在，跳過 (南蛮亭香港店.html)
[2026-08-25 07:46:22] [4/104] 添好運點心專賣店 | https://www.timhowan.com.hk/
[2026-08-25 07:46:22] [4/104] 添好運點心專賣店 | https://www.timhowan.com.hk/
[2026-08-25 07:46:22]   ↳ 已存在，跳過 (添好運點心專賣店.html)
[2026-08-25 07:46:22]   ↳ 已存在，跳過 (添好運點心專賣店.html)
[2026-08-25 07:46:22] [5/104] La Petite Maison (LPM) Hong Ko | https://lpmrestaurants.com/hongkong/
[2026-08-25 07:46:22] [5/104] La Petite Maison (LPM) Hong Ko | https://lpmrestaurants.com/hongkong/
[2026-08-25 07:46:22]   ↳ 已存在，跳過 (La-Petite-Maison-LPM-Hong-Kong.html)
[2026-08-25 07:46:22]   ↳ 已存在，跳過 (La-Petite-Maison-LPM-Hong-Kong.html)
[2026-08-25 07:46:22] [6/104] Glow Hong Kong | https://www.glowspa.hk/
[2026-08-25 07:46:22] [6/104] Glow Hong Kong | https://www.glowspa.hk/
[2026-08-25 07:46:22]   ↳ 已存在，跳過 (Glow-Hong-Kong.html)
[2026-08-25 07:46:22]   ↳ 已存在，跳過 (Glow-Hong-Kong.html)
[2026-08-25 07:46:22] [7/104] Mó The Slow Bloom | https://www.mo-hk.com/
[2026-08-25 07:46:22] [7/104] Mó The Slow Bloom | https://www.mo-hk.com/
[2026-08-25 07:46:22]   ↳ 已存在，跳過 (Mó-The-Slow-Bloom.html)
[2026-08-25 07:46:22]   ↳ 已存在，跳過 (Mó-The-Slow-Bloom.html)
[2026-08-25 07:46:22] [8/104] Lux Medical 医繊美 | https://www.luxbeauty.hk/
[2026-08-25 07:46:22] [8/104] Lux Medical 医繊美 | https://www.luxbeauty.hk/
[2026-08-25 07:46:22]   ↳ 已存在，跳過 (Lux-Medical-医繊美.html)
[2026-08-25 07:46:22]   ↳ 已存在，跳過 (Lux-Medical-医繊美.html)
[2026-08-25 07:46:22] [9/104] 114HAIR | http://www.114hair.com/
[2026-08-25 07:46:22] [9/104] 114HAIR | http://www.114hair.com/
[2026-08-25 07:46:22]   ↳ 已存在，跳過 (114HAIR.html)
[2026-08-25 07:46:22]   ↳ 已存在，跳過 (114HAIR.html)
[2026-08-25 07:46:22] [10/104] Love Hair | http://www.lovehairhk.com/
[2026-08-25 07:46:22] [10/104] Love Hair | http://www.lovehairhk.com/
[2026-08-25 07:46:22]   ↳ 已存在，跳過 (Love-Hair.html)
[2026-08-25 07:46:22]   ↳ 已存在，跳過 (Love-Hair.html)
[2026-08-25 07:46:22] [11/104] TONI&GUY HK | http://www.toniandguyhk.com/
[2026-08-25 07:46:22] [11/104] TONI&GUY HK | http://www.toniandguyhk.com/
[2026-08-25 07:46:22]   ↳ 已存在，跳過 (TONIGUY-HK.html)
[2026-08-25 07:46:22]   ↳ 已存在，跳過 (TONIGUY-HK.html)
[2026-08-25 07:46:22] [12/104] iMPROVE HAiR-尖沙咀salon 尖沙咀剪髮 尖沙 | http://www.ihair.com.hk/
[2026-08-25 07:46:22] [12/104] iMPROVE HAiR-尖沙咀salon 尖沙咀剪髮 尖沙 | http://www.ihair.com.hk/
[2026-08-25 07:46:22]   ↳ 已存在，跳過 (iMPROVE-HAiR-尖沙咀salon-尖沙咀剪髮-尖沙咀髮廊-尖沙咀中藥染髮-尖沙咀假髮-尖沙咀頭皮護理.html)
[2026-08-25 07:46:22]   ↳ 已存在，跳過 (iMPROVE-HAiR-尖沙咀salon-尖沙咀剪髮-尖沙咀髮廊-尖沙咀中藥染髮-尖沙咀假髮-尖沙咀頭皮護理.html)
[2026-08-25 07:46:22] [13/104] 金澱装修工程有限公司 | https://www.palaceengineeringltd.com/
[2026-08-25 07:46:22] [13/104] 金澱装修工程有限公司 | https://www.palaceengineeringltd.com/
[2026-08-25 07:46:22]   ↳ 已存在，跳過 (金澱装修工程有限公司.html)
[2026-08-25 07:46:22]   ↳ 已存在，跳過 (金澱装修工程有限公司.html)
[2026-08-25 07:46:22] [14/104] 鋒主義 - 室內設計公司 | 室內裝修工程 | 工期 報價  | https://www.fungstyle.com.hk/
[2026-08-25 07:46:22] [14/104] 鋒主義 - 室內設計公司 | 室內裝修工程 | 工期 報價  | https://www.fungstyle.com.hk/
[2026-08-25 07:46:22]   ↳ 已存在，跳過 (鋒主義---室內設計公司-室內裝修工程-工期-報價-服務-三大保證.html)
[2026-08-25 07:46:22]   ↳ 已存在，跳過 (鋒主義---室內設計公司-室內裝修工程-工期-報價-服務-三大保證.html)
[2026-08-25 07:46:22] [15/104] 装修兄弟 | http://www.renobro.com.hk/
[2026-08-25 07:46:22] [15/104] 装修兄弟 | http://www.renobro.com.hk/
[2026-08-25 07:46:22]   ↳ 已存在，跳過 (装修兄弟.html)
[2026-08-25 07:46:22]   ↳ 已存在，跳過 (装修兄弟.html)
[2026-08-25 07:46:22] [16/104] 居屋皇 House king | 香港室内設計及装修公司 | http://housekinghk.com/
[2026-08-25 07:46:22] [16/104] 居屋皇 House king | 香港室内設計及装修公司 | http://housekinghk.com/
[2026-08-25 07:46:22]   ↳ 已存在，跳過 (居屋皇-House-king-香港室内設計及装修公司.html)
[2026-08-25 07:46:22]   ↳ 已存在，跳過 (居屋皇-House-king-香港室内設計及装修公司.html)
[2026-08-25 07:46:22] [17/104] Toby 裝修設計平台｜免費裝修報價｜香港裝修公司及室內設計 | https://www.hellotoby.com/zh-hk/id
[2026-08-25 07:46:22] [17/104] Toby 裝修設計平台｜免費裝修報價｜香港裝修公司及室內設計 | https://www.hellotoby.com/zh-hk/id
[2026-08-25 07:46:22]   ↳ 已存在，跳過 (Toby-裝修設計平台免費裝修報價香港裝修公司及室內設計公司.html)
[2026-08-25 07:46:22]   ↳ 已存在，跳過 (Toby-裝修設計平台免費裝修報價香港裝修公司及室內設計公司.html)
[2026-08-25 07:46:22] [18/104] PET HK - Mid Levels Edition | http://pethk.com/
[2026-08-25 07:46:22] [18/104] PET HK - Mid Levels Edition | http://pethk.com/
[2026-08-25 07:46:22]   ↳ 已存在，跳過 (PET-HK---Mid-Levels-Edition.html)
[2026-08-25 07:46:22]   ↳ 已存在，跳過 (PET-HK---Mid-Levels-Edition.html)
[2026-08-25 07:46:22] [19/104] Ruff & Fetch 拉夫寵物生活 (佐敦 Jordan | http://www.ruffandfetch.com/
[2026-08-25 07:46:22] [19/104] Ruff & Fetch 拉夫寵物生活 (佐敦 Jordan | http://www.ruffandfetch.com/
[2026-08-25 07:46:22]   ↳ 已存在，跳過 (Ruff--Fetch-拉夫寵物生活-佐敦-Jordan.html)
[2026-08-25 07:46:22]   ↳ 已存在，跳過 (Ruff--Fetch-拉夫寵物生活-佐敦-Jordan.html)
[2026-08-25 07:46:22] [20/104] HKTA香港導師会 | https://www.hkta.edu.hk/
[2026-08-25 07:46:22] [20/104] HKTA香港導師会 | https://www.hkta.edu.hk/
[2026-08-25 07:46:22]   ↳ 已存在，跳過 (HKTA香港導師会.html)
[2026-08-25 07:46:22]   ↳ 已存在，跳過 (HKTA香港導師会.html)
[2026-08-25 07:46:22] [21/104] 騎士数学 Knight Mathematics - Band | https://knightmaths.edu.hk/
[2026-08-25 07:46:22] [21/104] 騎士数学 Knight Mathematics - Band | https://knightmaths.edu.hk/
[2026-08-25 07:46:22]   ↳ 已存在，跳過 (騎士数学-Knight-Mathematics---Band-1-DSE-数学補習社.html)
[2026-08-25 07:46:22]   ↳ 已存在，跳過 (騎士数学-Knight-Mathematics---Band-1-DSE-数学補習社.html)
[2026-08-25 07:46:22] [22/104] 香港文化教育中心 | https://docs.google.com/forms/d/e/1FAIpQLSdjgsQlR4w8ZgKgE9RgAUPsPwrZzAZpo5SCULDDOgygEdeDnQ/viewform
[2026-08-25 07:46:22] [22/104] 香港文化教育中心 | https://docs.google.com/forms/d/e/1FAIpQLSdjgsQlR4w8ZgKgE9RgAUPsPwrZzAZpo5SCULDDOgygEdeDnQ/viewform
[2026-08-25 07:46:22]   ↳ 已存在，跳過 (香港文化教育中心.html)
[2026-08-25 07:46:22]   ↳ 已存在，跳過 (香港文化教育中心.html)
[2026-08-25 07:46:22] [23/104] GETUTOR 香港導師総会｜上門補習中介平台｜私補導師推介 | https://www.getutor.com.hk/
[2026-08-25 07:46:22] [23/104] GETUTOR 香港導師総会｜上門補習中介平台｜私補導師推介 | https://www.getutor.com.hk/
[2026-08-25 07:46:22]   ↳ 已存在，跳過 (GETUTOR-香港導師総会上門補習中介平台私補導師推介Private-Tutors-AgencyIB-IGCSE-A.html)
[2026-08-25 07:46:22]   ↳ 已存在，跳過 (GETUTOR-香港導師総会上門補習中介平台私補導師推介Private-Tutors-AgencyIB-IGCSE-A.html)
[2026-08-25 07:46:22] [24/104] 英博教学中心 - 数学中文英文補習 - 中小学補習社 | https://eplc.edu.hk/
[2026-08-25 07:46:22] [24/104] 英博教学中心 - 数学中文英文補習 - 中小学補習社 | https://eplc.edu.hk/
[2026-08-25 07:46:22]   ↳ 已存在，跳過 (英博教学中心---数学中文英文補習---中小学補習社.html)
[2026-08-25 07:46:22]   ↳ 已存在，跳過 (英博教学中心---数学中文英文補習---中小学補習社.html)
[2026-08-25 07:46:22] [25/104] 進研教育 - 英文中文数学補習社 | https://joinin-education.com/
[2026-08-25 07:46:22] [25/104] 進研教育 - 英文中文数学補習社 | https://joinin-education.com/
[2026-08-25 07:46:22]   ↳ 已存在，跳過 (進研教育---英文中文数学補習社.html)
[2026-08-25 07:46:22]   ↳ 已存在，跳過 (進研教育---英文中文数学補習社.html)
[2026-08-25 07:46:22] [26/104] 學斯教育(灣仔) | http://hoksi-edu.com/
[2026-08-25 07:46:22] [26/104] 學斯教育(灣仔) | http://hoksi-edu.com/
[2026-08-25 07:46:22]   ↳ 已存在，跳過 (學斯教育灣仔.html)
[2026-08-25 07:46:22]   ↳ 已存在，跳過 (學斯教育灣仔.html)
[2026-08-25 07:46:22] [27/104] 補習社｜学博教育 Learn Smart Education | https://learnsmart.edu.hk/
[2026-08-25 07:46:22] [27/104] 補習社｜学博教育 Learn Smart Education | https://learnsmart.edu.hk/
[2026-08-25 07:46:22]   ↳ 已存在，跳過 (補習社学博教育-Learn-Smart-Education.html)
[2026-08-25 07:46:22]   ↳ 已存在，跳過 (補習社学博教育-Learn-Smart-Education.html)
[2026-08-25 07:46:22] [28/104] 24/7 Fitness Central | http://247.fitness/
[2026-08-25 07:46:22] [28/104] 24/7 Fitness Central | http://247.fitness/
[2026-08-25 07:46:22]   ↳ 已存在，跳過 (24-7-Fitness-Central.html)
[2026-08-25 07:46:22]   ↳ 已存在，跳過 (24-7-Fitness-Central.html)
[2026-08-25 07:46:22] [29/104] 啓弘牙科（旺角店）丨九龍/旺角牙医/智慧歯/箍牙/隠式美/全 | https://omnesdental.com/
[2026-08-25 07:46:22] [29/104] 啓弘牙科（旺角店）丨九龍/旺角牙医/智慧歯/箍牙/隠式美/全 | https://omnesdental.com/
[2026-08-25 07:46:22]   ↳ 已存在，跳過 (啓弘牙科旺角店丨九龍-旺角牙医-智慧歯-箍牙-隠式美-全方位牙科服務-専業治療牙痛-種植牙-補牙-剥牙-洗牙.html)
[2026-08-25 07:46:22]   ↳ 已存在，跳過 (啓弘牙科旺角店丨九龍-旺角牙医-智慧歯-箍牙-隠式美-全方位牙科服務-専業治療牙痛-種植牙-補牙-剥牙-洗牙.html)
[2026-08-25 07:46:22] [30/104] Smith & Jain Dentists 史密夫和鄭牙醫診 | https://smithandjaindentists.com/
[2026-08-25 07:46:22] [30/104] Smith & Jain Dentists 史密夫和鄭牙醫診 | https://smithandjaindentists.com/
[2026-08-25 07:46:22]   ↳ 已存在，跳過 (Smith--Jain-Dentists-史密夫和鄭牙醫診所.html)
[2026-08-25 07:46:22]   ↳ 已存在，跳過 (Smith--Jain-Dentists-史密夫和鄭牙醫診所.html)
[2026-08-25 07:46:22] [31/104] Home Dental (Tsim Sha Tsui Bra | https://homedentalhk.com/cn/contact-us/tst
[2026-08-25 07:46:22] [31/104] Home Dental (Tsim Sha Tsui Bra | https://homedentalhk.com/cn/contact-us/tst
[2026-08-25 07:46:22]   ↳ 已存在，跳過 (Home-Dental-Tsim-Sha-Tsui-Branch.html)
[2026-08-25 07:46:22]   ↳ 已存在，跳過 (Home-Dental-Tsim-Sha-Tsui-Branch.html)
[2026-08-25 07:46:22] [32/104] 伍裕彤牙医 | https://trucaredental.hk/
[2026-08-25 07:46:22] [32/104] 伍裕彤牙医 | https://trucaredental.hk/
[2026-08-25 07:46:22]   ↳ 已存在，跳過 (伍裕彤牙医.html)
[2026-08-25 07:46:22]   ↳ 已存在，跳過 (伍裕彤牙医.html)
[2026-08-25 07:46:22] [33/104] Home Dental | https://homedentalhk.com/cn/contact-us/cwb
[2026-08-25 07:46:22] [33/104] Home Dental | https://homedentalhk.com/cn/contact-us/cwb
[2026-08-25 07:46:22]   ↳ 已存在，跳過 (Home-Dental.html)
[2026-08-25 07:46:22]   ↳ 已存在，跳過 (Home-Dental.html)
[2026-08-25 07:46:22] [34/104] T.O.P Dental by Family Smile L | http://www.topdental.hk/
[2026-08-25 07:46:22] [34/104] T.O.P Dental by Family Smile L | http://www.topdental.hk/
[2026-08-25 07:46:22]   ↳ 已存在，跳過 (T.O.P-Dental-by-Family-Smile-Ltd-香港牙科醫療集團-旺角太子牙醫中心.html)
[2026-08-25 07:46:22]   ↳ 已存在，跳過 (T.O.P-Dental-by-Family-Smile-Ltd-香港牙科醫療集團-旺角太子牙醫中心.html)
[2026-08-25 07:46:22] [35/104] Metro Dental 城健総合牙科医療中心 | https://www.metrodental.com.hk/
[2026-08-25 07:46:22] [35/104] Metro Dental 城健総合牙科医療中心 | https://www.metrodental.com.hk/
[2026-08-25 07:46:22]   ↳ 已存在，跳過 (Metro-Dental-城健総合牙科医療中心.html)
[2026-08-25 07:46:22]   ↳ 已存在，跳過 (Metro-Dental-城健総合牙科医療中心.html)
[2026-08-25 07:46:22] [36/104] 大国手 汽車車身維修 Grand Tycoon Automo | http://grandtycoon.com/
[2026-08-25 07:46:22] [36/104] 大国手 汽車車身維修 Grand Tycoon Automo | http://grandtycoon.com/
[2026-08-25 07:46:22]   ↳ 已存在，跳過 (大国手-汽車車身維修-Grand-Tycoon-Automotive-Repair-Shop.html)
[2026-08-25 07:46:22]   ↳ 已存在，跳過 (大国手-汽車車身維修-Grand-Tycoon-Automotive-Repair-Shop.html)
[2026-08-25 07:46:22] [37/104] AutoMate | Sham Shui Po Shop | https://www.automate-app.com/auto-shop
[2026-08-25 07:46:22] [37/104] AutoMate | Sham Shui Po Shop | https://www.automate-app.com/auto-shop
[2026-08-25 07:46:22]   ↳ 已存在，跳過 (AutoMate-Sham-Shui-Po-Shop.html)
[2026-08-25 07:46:22]   ↳ 已存在，跳過 (AutoMate-Sham-Shui-Po-Shop.html)
[2026-08-25 07:46:22] [38/104] Carol Garage Limited | http://www.carolgarage.com.hk/
[2026-08-25 07:46:22] [38/104] Carol Garage Limited | http://www.carolgarage.com.hk/
[2026-08-25 07:46:22]   ↳ 已存在，跳過 (Carol-Garage-Limited.html)
[2026-08-25 07:46:22]   ↳ 已存在，跳過 (Carol-Garage-Limited.html)
[2026-08-25 07:46:22] [39/104] 八方汽車 | Power Moto Limited | http://www.power-moto.hk/
[2026-08-25 07:46:22] [39/104] 八方汽車 | Power Moto Limited | http://www.power-moto.hk/
[2026-08-25 07:46:22]   ↳ 已存在，跳過 (八方汽車-Power-Moto-Limited.html)
[2026-08-25 07:46:22]   ↳ 已存在，跳過 (八方汽車-Power-Moto-Limited.html)
[2026-08-25 07:46:22] [40/104] Flow & Roll Laundry 自助洗衣 (中環 C | https://flowandroll.com/
[2026-08-25 07:46:22] [40/104] Flow & Roll Laundry 自助洗衣 (中環 C | https://flowandroll.com/
[2026-08-25 07:46:22]   ↳ 已存在，跳過 (Flow--Roll-Laundry-自助洗衣-中環-Central.html)
[2026-08-25 07:46:22]   ↳ 已存在，跳過 (Flow--Roll-Laundry-自助洗衣-中環-Central.html)
[2026-08-25 07:46:22] [41/104] 初洗 First Laundry 觀塘24小時自助洗衣店 | https://wa.me/85268716550
[2026-08-25 07:46:22] [41/104] 初洗 First Laundry 觀塘24小時自助洗衣店 | https://wa.me/85268716550
[2026-08-25 07:46:22]   ↳ 已存在，跳過 (初洗-First-Laundry-觀塘24小時自助洗衣店.html)
[2026-08-25 07:46:22]   ↳ 已存在，跳過 (初洗-First-Laundry-觀塘24小時自助洗衣店.html)
[2026-08-25 07:46:22] [42/104] 水漾衣坊 water laundry | https://whalewashmk.hk/
[2026-08-25 07:46:22] [42/104] 水漾衣坊 water laundry | https://whalewashmk.hk/
[2026-08-25 07:46:22]   ↳ 已存在，跳過 (水漾衣坊-water-laundry.html)
[2026-08-25 07:46:22]   ↳ 已存在，跳過 (水漾衣坊-water-laundry.html)
[2026-08-25 07:46:22] [43/104] FLORISTRY by ART OF LIVING | http://www.floristrybyartofliving.com/
[2026-08-25 07:46:22] [43/104] FLORISTRY by ART OF LIVING | http://www.floristrybyartofliving.com/
[2026-08-25 07:46:22]   ↳ 已存在，跳過 (FLORISTRY-by-ART-OF-LIVING.html)
[2026-08-25 07:46:22]   ↳ 已存在，跳過 (FLORISTRY-by-ART-OF-LIVING.html)
[2026-08-25 07:46:22] [44/104] 花籃 450 - Flower 450 | https://flower450.com/
[2026-08-25 07:46:22] [44/104] 花籃 450 - Flower 450 | https://flower450.com/
[2026-08-25 07:46:22]   ↳ 已存在，跳過 (花籃-450---Flower-450.html)
[2026-08-25 07:46:22]   ↳ 已存在，跳過 (花籃-450---Flower-450.html)
[2026-08-25 07:46:22] [45/104] 優之花鋪-U Flower Shop | https://www.uflowershop.com/
[2026-08-25 07:46:22] [45/104] 優之花鋪-U Flower Shop | https://www.uflowershop.com/
[2026-08-25 07:46:22]   ↳ 已存在，跳過 (優之花鋪-U-Flower-Shop.html)
[2026-08-25 07:46:22]   ↳ 已存在，跳過 (優之花鋪-U-Flower-Shop.html)
[2026-08-25 07:46:22] [46/104] Eternal Flora hk | https://www.eternalflorahk.com/
[2026-08-25 07:46:22] [46/104] Eternal Flora hk | https://www.eternalflorahk.com/
[2026-08-25 07:46:22]   ↳ 已存在，跳過 (Eternal-Flora-hk.html)
[2026-08-25 07:46:22]   ↳ 已存在，跳過 (Eternal-Flora-hk.html)
[2026-08-25 07:46:22] [47/104] FDHK - Flower Delivery Hong Ko | https://flowerdeliveryhongkong.com/
[2026-08-25 07:46:22] [47/104] FDHK - Flower Delivery Hong Ko | https://flowerdeliveryhongkong.com/
[2026-08-25 07:46:22]   ↳ 已存在，跳過 (FDHK---Flower-Delivery-Hong-Kong.html)
[2026-08-25 07:46:22]   ↳ 已存在，跳過 (FDHK---Flower-Delivery-Hong-Kong.html)
[2026-08-25 07:46:22] [48/104] Joseph Photo 香港專業攝影工作室 | https://josephphoto.hk/
[2026-08-25 07:46:22] [48/104] Joseph Photo 香港專業攝影工作室 | https://josephphoto.hk/
[2026-08-25 07:46:22]   ↳ 已存在，跳過 (Joseph-Photo-香港專業攝影工作室.html)
[2026-08-25 07:46:22]   ↳ 已存在，跳過 (Joseph-Photo-香港專業攝影工作室.html)
[2026-08-25 07:46:22] [49/104] Majesty Professional Photo殿堂館- | https://www.majestyprofessional.com/
[2026-08-25 07:46:22] [49/104] Majesty Professional Photo殿堂館- | https://www.majestyprofessional.com/
[2026-08-25 07:46:22]   ↳ 已存在，跳過 (Majesty-Professional-Photo殿堂館-專業照首選.html)
[2026-08-25 07:46:22]   ↳ 已存在，跳過 (Majesty-Professional-Photo殿堂館-專業照首選.html)
[2026-08-25 07:46:22] [50/104] Owl Photo Studio 貓頭鷹照相館 | https://www.owlphoto.hk/
[2026-08-25 07:46:22] [50/104] Owl Photo Studio 貓頭鷹照相館 | https://www.owlphoto.hk/
[2026-08-25 07:46:22]   ↳ 已存在，跳過 (Owl-Photo-Studio-貓頭鷹照相館.html)
[2026-08-25 07:46:22]   ↳ 已存在，跳過 (Owl-Photo-Studio-貓頭鷹照相館.html)
[2026-08-25 07:46:22] [51/104] Yat Tung Heen - Eaton HK | https://www.yattungheen.com/
[2026-08-25 07:46:22] [51/104] Yat Tung Heen - Eaton HK | https://www.yattungheen.com/
[2026-08-25 07:46:22]   ↳ 已存在，跳過 (Yat-Tung-Heen---Eaton-HK.html)
[2026-08-25 07:46:22]   ↳ 已存在，跳過 (Yat-Tung-Heen---Eaton-HK.html)
[2026-08-25 07:46:22] [52/104] Hair Quest Hair salon Central | https://www.hairquest-hk.com/
[2026-08-25 07:46:22] [52/104] Hair Quest Hair salon Central | https://www.hairquest-hk.com/
[2026-08-25 07:46:22]   ↳ 已存在，跳過 (Hair-Quest-Hair-salon-Central.html)
[2026-08-25 07:46:22]   ↳ 已存在，跳過 (Hair-Quest-Hair-salon-Central.html)
[2026-08-25 07:46:22] [53/104] 天下猫猫一様猫 | https://www.catiscat.com.hk/
[2026-08-25 07:46:22] [53/104] 天下猫猫一様猫 | https://www.catiscat.com.hk/
[2026-08-25 07:46:22]   ↳ 已存在，跳過 (天下猫猫一様猫.html)
[2026-08-25 07:46:22]   ↳ 已存在，跳過 (天下猫猫一様猫.html)
[2026-08-25 07:46:22] [54/104] Bora beauty | https://bora.hk/
[2026-08-25 07:46:22] [54/104] Bora beauty | https://bora.hk/
[2026-08-25 07:46:22]   ↳ 已存在，跳過 (Bora-beauty.html)
[2026-08-25 07:46:22]   ↳ 已存在，跳過 (Bora-beauty.html)
[2026-08-25 07:46:22] [55/104] Dream Scenes Studio | http://dreamscenesstudio.com/
[2026-08-25 07:46:22] [55/104] Dream Scenes Studio | http://dreamscenesstudio.com/
[2026-08-25 07:46:22]   ↳ 已存在，跳過 (Dream-Scenes-Studio.html)
[2026-08-25 07:46:22]   ↳ 已存在，跳過 (Dream-Scenes-Studio.html)
[2026-08-25 07:46:22] [56/104] Dazzling Smile Dental Clinic 瑩 | https://dazzlingsmiledentalclinic.com/
[2026-08-25 07:46:22] [56/104] Dazzling Smile Dental Clinic 瑩 | https://dazzlingsmiledentalclinic.com/
[2026-08-25 07:46:22]   ↳ 已存在，跳過 (Dazzling-Smile-Dental-Clinic-瑩恩牙科診所.html)
[2026-08-25 07:46:22]   ↳ 已存在，跳過 (Dazzling-Smile-Dental-Clinic-瑩恩牙科診所.html)
[2026-08-25 07:46:22] [57/104] Family Smile Limited | http://www.familysmile.hk/
[2026-08-25 07:46:22] [57/104] Family Smile Limited | http://www.familysmile.hk/
[2026-08-25 07:46:22]   ↳ 已存在，跳過 (Family-Smile-Limited.html)
[2026-08-25 07:46:22]   ↳ 已存在，跳過 (Family-Smile-Limited.html)
[2026-08-25 07:46:22] [58/104] INDULGENCE hair & beauty salon | http://www.indulgence.hk/
[2026-08-25 07:46:22] [58/104] INDULGENCE hair & beauty salon | http://www.indulgence.hk/
[2026-08-25 07:46:22]   ↳ 已存在，跳過 (INDULGENCE-hair--beauty-salon.html)
[2026-08-25 07:46:22]   ↳ 已存在，跳過 (INDULGENCE-hair--beauty-salon.html)
[2026-08-25 07:46:22] [59/104] 花店 | 花束專家 | https://www.flowerbouquet.com.hk/
[2026-08-25 07:46:22] [59/104] 花店 | 花束專家 | https://www.flowerbouquet.com.hk/
[2026-08-25 07:46:22]   ↳ 已存在，跳過 (花店-花束專家.html)
[2026-08-25 07:46:22]   ↳ 已存在，跳過 (花店-花束專家.html)
[2026-08-25 07:46:22] [60/104] 網上訂花 ‧ 送花香港 | Fdhk 最高評分即日網上花店 | https://flowerdeliveryhongkong.com/zh
[2026-08-25 07:46:22] [60/104] 網上訂花 ‧ 送花香港 | Fdhk 最高評分即日網上花店 | https://flowerdeliveryhongkong.com/zh
[2026-08-25 07:46:22]   ↳ 已存在，跳過 (網上訂花--送花香港-Fdhk-最高評分即日網上花店.html)
[2026-08-25 07:46:22]   ↳ 已存在，跳過 (網上訂花--送花香港-Fdhk-最高評分即日網上花店.html)
[2026-08-25 07:46:22] [61/104] Rhine Flowers | https://rhineflowers.com/
[2026-08-25 07:46:22] [61/104] Rhine Flowers | https://rhineflowers.com/
[2026-08-25 07:46:22]   ↳ 已存在，跳過 (Rhine-Flowers.html)
[2026-08-25 07:46:22]   ↳ 已存在，跳過 (Rhine-Flowers.html)
[2026-08-25 07:46:22] [62/104] 香港花店｜網上訂花及送花｜Gift Flowers HK | https://giftflowers.com.hk/cn/
[2026-08-25 07:46:22] [62/104] 香港花店｜網上訂花及送花｜Gift Flowers HK | https://giftflowers.com.hk/cn/
[2026-08-25 07:46:22]   ↳ 已存在，跳過 (香港花店網上訂花及送花Gift-Flowers-HK.html)
[2026-08-25 07:46:22]   ↳ 已存在，跳過 (香港花店網上訂花及送花Gift-Flowers-HK.html)
[2026-08-25 07:46:22] [63/104] Flora Floriculture - 花店 | https://www.floraf.com.hk/
[2026-08-25 07:46:22] [63/104] Flora Floriculture - 花店 | https://www.floraf.com.hk/
[2026-08-25 07:46:22]   ↳ 已存在，跳過 (Flora-Floriculture---花店.html)
[2026-08-25 07:46:22]   ↳ 已存在，跳過 (Flora-Floriculture---花店.html)
[2026-08-25 07:46:22] [64/104] 香港花店 | https://www.mrsliuflorist.com/
[2026-08-25 07:46:22] [64/104] 香港花店 | https://www.mrsliuflorist.com/
[2026-08-25 07:46:22]   ↳ 已存在，跳過 (香港花店.html)
[2026-08-25 07:46:22]   ↳ 已存在，跳過 (香港花店.html)
[2026-08-25 07:46:22] [65/104] 網上花店| 網上訂花 | 即日送花 | HKfashop | https://hkfashop.com/
[2026-08-25 07:46:22] [65/104] 網上花店| 網上訂花 | 即日送花 | HKfashop | https://hkfashop.com/
[2026-08-25 07:46:22]   ↳ 已存在，跳過 (網上花店-網上訂花-即日送花-HKfashop.html)
[2026-08-25 07:46:22]   ↳ 已存在，跳過 (網上花店-網上訂花-即日送花-HKfashop.html)
[2026-08-25 07:46:22] [66/104] 【 送花】 ｜訂花｜Flowerbee Florist訂花束 | https://flowerbee-hk.com/zh
[2026-08-25 07:46:22] [66/104] 【 送花】 ｜訂花｜Flowerbee Florist訂花束 | https://flowerbee-hk.com/zh
[2026-08-25 07:46:22]   ↳ 已存在，跳過 (送花-訂花Flowerbee-Florist訂花束---Flowerbee-HK-Florist.html)
[2026-08-25 07:46:22]   ↳ 已存在，跳過 (送花-訂花Flowerbee-Florist訂花束---Flowerbee-HK-Florist.html)
[2026-08-25 07:46:22] [67/104] 花點時間｜香港旺角花墟實體花店：24小時訂花、鮮花花束、開張 | https://www.reflower.com.hk/
[2026-08-25 07:46:22] [67/104] 花點時間｜香港旺角花墟實體花店：24小時訂花、鮮花花束、開張 | https://www.reflower.com.hk/
[2026-08-25 07:46:22]   ↳ 已存在，跳過 (花點時間香港旺角花墟實體花店24小時訂花鮮花花束開張花籃鮮花批發---花點時間-Reflower.html)
[2026-08-25 07:46:22]   ↳ 已存在，跳過 (花點時間香港旺角花墟實體花店24小時訂花鮮花花束開張花籃鮮花批發---花點時間-Reflower.html)
[2026-08-25 07:46:22] [68/104] 香港花店- 首頁花店推薦 - 我們代表和倡導位於香港島、九龍 | https://zh-hk.hk-florist.org/
[2026-08-25 07:46:22] [68/104] 香港花店- 首頁花店推薦 - 我們代表和倡導位於香港島、九龍 | https://zh-hk.hk-florist.org/
[2026-08-25 07:46:22]   ↳ 已存在，跳過 (香港花店--首頁花店推薦---我們代表和倡導位於香港島九龍和新界的花店以及在線花店和鮮花配送公司.html)
[2026-08-25 07:46:22]   ↳ 已存在，跳過 (香港花店--首頁花店推薦---我們代表和倡導位於香港島九龍和新界的花店以及在線花店和鮮花配送公司.html)
[2026-08-25 07:46:22] [69/104] 有花漾 ZH Flowers | https://www.zh-flowers.com/
[2026-08-25 07:46:22] [69/104] 有花漾 ZH Flowers | https://www.zh-flowers.com/
[2026-08-25 07:46:22]   ↳ 已存在，跳過 (有花漾-ZH-Flowers.html)
[2026-08-25 07:46:22]   ↳ 已存在，跳過 (有花漾-ZH-Flowers.html)
[2026-08-25 07:46:22] [70/104] 花店花生花華 | FaSunflower Florist | https://www.fasunflower.com/
[2026-08-25 07:46:22] [70/104] 花店花生花華 | FaSunflower Florist | https://www.fasunflower.com/
[2026-08-25 07:46:22]   ↳ 已存在，跳過 (花店花生花華-FaSunflower-Florist.html)
[2026-08-25 07:46:22]   ↳ 已存在，跳過 (花店花生花華-FaSunflower-Florist.html)
[2026-08-25 07:46:22] [71/104] 格蘭花店 Grand Floral & Gift Shop | https://grand.com.hk/
[2026-08-25 07:46:22] [71/104] 格蘭花店 Grand Floral & Gift Shop | https://grand.com.hk/
[2026-08-25 07:46:22]   ↳ 已存在，跳過 (格蘭花店-Grand-Floral--Gift-Shop.html)
[2026-08-25 07:46:22]   ↳ 已存在，跳過 (格蘭花店-Grand-Floral--Gift-Shop.html)
[2026-08-25 07:46:22] [72/104] WHY Studio - 上環證件相｜學生相｜專業形象照 | https://www.whystudiohk.com/
[2026-08-25 07:46:22] [72/104] WHY Studio - 上環證件相｜學生相｜專業形象照 | https://www.whystudiohk.com/
[2026-08-25 07:46:22]   ↳ 已存在，跳過 (WHY-Studio---上環證件相學生相專業形象照.html)
[2026-08-25 07:46:22]   ↳ 已存在，跳過 (WHY-Studio---上環證件相學生相專業形象照.html)
[2026-08-25 07:46:22] [73/104] Cat Watt 晴珊猫舎 | http://www.catwatt.com/
[2026-08-25 07:46:22] [73/104] Cat Watt 晴珊猫舎 | http://www.catwatt.com/
[2026-08-25 07:46:22]   ↳ 已存在，跳過 (Cat-Watt-晴珊猫舎.html)
[2026-08-25 07:46:22]   ↳ 已存在，跳過 (Cat-Watt-晴珊猫舎.html)
[2026-08-25 07:46:22] [74/104] 牙齒矯正及兒童齒科中心 (旺角朗豪坊) | Orthodon | https://www.ortho-center.com/
[2026-08-25 07:46:22] [74/104] 牙齒矯正及兒童齒科中心 (旺角朗豪坊) | Orthodon | https://www.ortho-center.com/
[2026-08-25 07:46:22]   ↳ 已存在，跳過 (牙齒矯正及兒童齒科中心-旺角朗豪坊-Orthodontic--Childrens-Dental-Center-Langh.html)
[2026-08-25 07:46:22]   ↳ 已存在，跳過 (牙齒矯正及兒童齒科中心-旺角朗豪坊-Orthodontic--Childrens-Dental-Center-Langh.html)
[2026-08-25 07:46:22] [75/104] HALO Flowers | https://haloflowers.com.hk/zh-hant/
[2026-08-25 07:46:22] [75/104] HALO Flowers | https://haloflowers.com.hk/zh-hant/
[2026-08-25 07:46:22]   ↳ 已存在，跳過 (HALO-Flowers.html)
[2026-08-25 07:46:22]   ↳ 已存在，跳過 (HALO-Flowers.html)
[2026-08-25 07:46:22] [76/104] Pettington 柏靈頓獸醫寵物用品 | https://www.pettington.com/
[2026-08-25 07:46:22] [76/104] Pettington 柏靈頓獸醫寵物用品 | https://www.pettington.com/
[2026-08-25 07:46:22]   ↳ 已存在，跳過 (Pettington-柏靈頓獸醫寵物用品.html)
[2026-08-25 07:46:22]   ↳ 已存在，跳過 (Pettington-柏靈頓獸醫寵物用品.html)
[2026-08-25 07:46:22] [77/104] 皓保牙科診所 Craft Smile Dental Cent | https://zh.drchrischeung.com/
[2026-08-25 07:46:22] [77/104] 皓保牙科診所 Craft Smile Dental Cent | https://zh.drchrischeung.com/
[2026-08-25 07:46:22]   ↳ 已存在，跳過 (皓保牙科診所-Craft-Smile-Dental-Center.html)
[2026-08-25 07:46:22]   ↳ 已存在，跳過 (皓保牙科診所-Craft-Smile-Dental-Center.html)
[2026-08-25 07:46:22] [78/104] Toyota Kowloon Bay Service Cen | https://www.toyota.com.hk/?utm_campaign=gmb&utm_medium=organic&utm_source=local
[2026-08-25 07:46:22] [78/104] Toyota Kowloon Bay Service Cen | https://www.toyota.com.hk/?utm_campaign=gmb&utm_medium=organic&utm_source=local
[2026-08-25 07:46:22]   ↳ 已存在，跳過 (Toyota-Kowloon-Bay-Service-Centre-Mechanical.html)
[2026-08-25 07:46:22]   ↳ 已存在，跳過 (Toyota-Kowloon-Bay-Service-Centre-Mechanical.html)
[2026-08-25 07:46:22] [79/104] Anglo Chinese Florist | http://www.anglochinese.com/
[2026-08-25 07:46:22] [79/104] Anglo Chinese Florist | http://www.anglochinese.com/
[2026-08-25 07:46:22]   ↳ 已存在，跳過 (Anglo-Chinese-Florist.html)
[2026-08-25 07:46:22]   ↳ 已存在，跳過 (Anglo-Chinese-Florist.html)
[2026-08-25 07:46:22] [80/104] Photobi HK 韓式 証件相拍摂工作室 - 湾仔店 | https://photobi.hk/
[2026-08-25 07:46:22] [80/104] Photobi HK 韓式 証件相拍摂工作室 - 湾仔店 | https://photobi.hk/
[2026-08-25 07:46:22]   ↳ 已存在，跳過 (Photobi-HK-韓式-証件相拍摂工作室---湾仔店.html)
[2026-08-25 07:46:22]   ↳ 已存在，跳過 (Photobi-HK-韓式-証件相拍摂工作室---湾仔店.html)
[2026-08-25 07:46:22] [81/104] Advance Pet Food | http://advancepetfood.com/
[2026-08-25 07:46:22] [81/104] Advance Pet Food | http://advancepetfood.com/
[2026-08-25 07:46:22]   ↳ 已存在，跳過 (Advance-Pet-Food.html)
[2026-08-25 07:46:22]   ↳ 已存在，跳過 (Advance-Pet-Food.html)
[2026-08-25 07:46:22] [82/104] Anna Maria Studio | http://annamstudio.com/
[2026-08-25 07:46:22] [82/104] Anna Maria Studio | http://annamstudio.com/
[2026-08-25 07:46:22]   ↳ 已存在，跳過 (Anna-Maria-Studio.html)
[2026-08-25 07:46:22]   ↳ 已存在，跳過 (Anna-Maria-Studio.html)
[2026-08-25 07:46:22] [83/104] 1984 HAIR SALON | https://1984hairsalon.wixsite.com/1984-hairsalon
[2026-08-25 07:46:22] [83/104] 1984 HAIR SALON | https://1984hairsalon.wixsite.com/1984-hairsalon
[2026-08-25 07:46:22]   ↳ 已存在，跳過 (1984-HAIR-SALON.html)
[2026-08-25 07:46:22]   ↳ 已存在，跳過 (1984-HAIR-SALON.html)
[2026-08-25 07:46:22] [84/104] Bulls PPF 専門店 | https://www.ppf.com.hk/
[2026-08-25 07:46:22] [84/104] Bulls PPF 専門店 | https://www.ppf.com.hk/
[2026-08-25 07:46:22]   ↳ 已存在，跳過 (Bulls-PPF-専門店.html)
[2026-08-25 07:46:22]   ↳ 已存在，跳過 (Bulls-PPF-専門店.html)
[2026-08-25 07:46:22] [85/104] LEEKAJA X AMONG Hair Salon Cen | https://www.leekaja.hk/
[2026-08-25 07:46:22] [85/104] LEEKAJA X AMONG Hair Salon Cen | https://www.leekaja.hk/
[2026-08-25 07:46:22]   ↳ 已存在，跳過 (LEEKAJA-X-AMONG-Hair-Salon-Century-Square-in-Hongkong-한국-미용실.html)
[2026-08-25 07:46:22]   ↳ 已存在，跳過 (LEEKAJA-X-AMONG-Hair-Salon-Century-Square-in-Hongkong-한국-미용실.html)
[2026-08-25 07:46:22] [86/104] MEGAPET (Kowloon City Shop) | http://www.megapet.com.hk/
[2026-08-25 07:46:22] [86/104] MEGAPET (Kowloon City Shop) | http://www.megapet.com.hk/
[2026-08-25 07:46:22]   ↳ 已存在，跳過 (MEGAPET-Kowloon-City-Shop.html)
[2026-08-25 07:46:22]   ↳ 已存在，跳過 (MEGAPET-Kowloon-City-Shop.html)
[2026-08-25 07:46:22] [87/104] 仁健牙科 Nixon Dental (太子牙醫/旺角牙醫/洗 | http://www.nixondental.com/
[2026-08-25 07:46:22] [87/104] 仁健牙科 Nixon Dental (太子牙醫/旺角牙醫/洗 | http://www.nixondental.com/
[2026-08-25 07:46:22]   ↳ 已存在，跳過 (仁健牙科-Nixon-Dental-太子牙醫-旺角牙醫-洗牙-補牙-種牙-植牙-杜牙根-智慧齒-箍牙-Invisalig.html)
[2026-08-25 07:46:22]   ↳ 已存在，跳過 (仁健牙科-Nixon-Dental-太子牙醫-旺角牙醫-洗牙-補牙-種牙-植牙-杜牙根-智慧齒-箍牙-Invisalig.html)
[2026-08-25 07:46:22] [88/104] 香港車房及汽車維修 | CarService.hk | https://www.carservice.hk/zh-hk
[2026-08-25 07:46:22] [88/104] 香港車房及汽車維修 | CarService.hk | https://www.carservice.hk/zh-hk
[2026-08-25 07:46:22]   ↳ 已存在，跳過 (香港車房及汽車維修-CarService.hk.html)
[2026-08-25 07:46:22]   ↳ 已存在，跳過 (香港車房及汽車維修-CarService.hk.html)
[2026-08-25 07:46:22] [89/104] 24小時 上門汽車維修保養服務 | https://garage-hk.com/onsite.php
[2026-08-25 07:46:22] [89/104] 24小時 上門汽車維修保養服務 | https://garage-hk.com/onsite.php
[2026-08-25 07:46:22]   ↳ 已存在，跳過 (24小時-上門汽車維修保養服務.html)
[2026-08-25 07:46:22]   ↳ 已存在，跳過 (24小時-上門汽車維修保養服務.html)
[2026-08-25 07:46:22] [90/104] 保養及維修服務 - Dchmsc | https://www.dchmsc.com/zh/maintenance-repair
[2026-08-25 07:46:22] [90/104] 保養及維修服務 - Dchmsc | https://www.dchmsc.com/zh/maintenance-repair
[2026-08-25 07:46:22]   ↳ 已存在，跳過 (保養及維修服務---Dchmsc.html)
[2026-08-25 07:46:22]   ↳ 已存在，跳過 (保養及維修服務---Dchmsc.html)
[2026-08-25 07:46:22] [91/104] Carro Care | https://carro.co/hk/zh-hant-hk/carro-care
[2026-08-25 07:46:22] [91/104] Carro Care | https://carro.co/hk/zh-hant-hk/carro-care
[2026-08-25 07:46:22]   ↳ 已存在，跳過 (Carro-Care.html)
[2026-08-25 07:46:22]   ↳ 已存在，跳過 (Carro-Care.html)
[2026-08-25 07:46:22] [92/104] 車師傅 - 全港認證車師傅總匯 | https://www.mastercar.hk/
[2026-08-25 07:46:22] [92/104] 車師傅 - 全港認證車師傅總匯 | https://www.mastercar.hk/
[2026-08-25 07:46:22]   ↳ 已存在，跳過 (車師傅---全港認證車師傅總匯.html)
[2026-08-25 07:46:22]   ↳ 已存在，跳過 (車師傅---全港認證車師傅總匯.html)
[2026-08-25 07:46:22] [93/104] 堅記車房平台 | https://www.kinkeecar.com/
[2026-08-25 07:46:22] [93/104] 堅記車房平台 | https://www.kinkeecar.com/
[2026-08-25 07:46:22]   ↳ 已存在，跳過 (堅記車房平台.html)
[2026-08-25 07:46:22]   ↳ 已存在，跳過 (堅記車房平台.html)
[2026-08-25 07:46:22] [94/104] 汽車保養及汽車維修 | CarService.hk | https://www.carservice.hk/zh-hk/services/car-servicing
[2026-08-25 07:46:22] [94/104] 汽車保養及汽車維修 | CarService.hk | https://www.carservice.hk/zh-hk/services/car-servicing
[2026-08-25 07:46:22]   ↳ 已存在，跳過 (汽車保養及汽車維修-CarService.hk.html)
[2026-08-25 07:46:22]   ↳ 已存在，跳過 (汽車保養及汽車維修-CarService.hk.html)
[2026-08-25 07:46:22] [95/104] 汽車維修 - Anyone | https://www.anyonehk.com/%E6%B1%BD%E8%BB%8A%E7%B6%AD%E4%BF%AE/
[2026-08-25 07:46:22] [95/104] 汽車維修 - Anyone | https://www.anyonehk.com/%E6%B1%BD%E8%BB%8A%E7%B6%AD%E4%BF%AE/
[2026-08-25 07:46:22]   ↳ 已存在，跳過 (汽車維修---Anyone.html)
[2026-08-25 07:46:22]   ↳ 已存在，跳過 (汽車維修---Anyone.html)
[2026-08-25 07:46:22] [96/104] 香港汽車維修公司名錄 - 新成立/注册及已更改名称的公司名单 | https://hkg.databasesets.com/zh-hant/gongsimingdan/type/Motor_Service
[2026-08-25 07:46:22] [96/104] 香港汽車維修公司名錄 - 新成立/注册及已更改名称的公司名单 | https://hkg.databasesets.com/zh-hant/gongsimingdan/type/Motor_Service
[2026-08-25 07:46:22]   ↳ 已存在，跳過 (香港汽車維修公司名錄---新成立-注册及已更改名称的公司名单.html)
[2026-08-25 07:46:22]   ↳ 已存在，跳過 (香港汽車維修公司名錄---新成立-注册及已更改名称的公司名单.html)
[2026-08-25 07:46:22] [97/104] 汽車服務公司 - Driver.com.hk | https://www.driver.com.hk/service
[2026-08-25 07:46:22] [97/104] 汽車服務公司 - Driver.com.hk | https://www.driver.com.hk/service
[2026-08-25 07:46:22]   ↳ 已存在，跳過 (汽車服務公司---Driver.com.hk.html)
[2026-08-25 07:46:22]   ↳ 已存在，跳過 (汽車服務公司---Driver.com.hk.html)
[2026-08-25 07:46:22] [98/104] 最佳香港花店推介 送花訂花好去處/網上買花 | https://www.timeout.com.hk/hong-kong/hk/%E8%B3%BC%E7%89%A9/%E6%9C%80%E4%BD%B3%E9%A6%99%E6%B8%AF%E8%8A%B1%E5%BA%97%E6%8E%A8%E4%BB%8B-%E9%80%81%E8%8A%B1%E8%A8%82%E8%8A%B1%E5%A5%BD%E5%8E%BB%E8%99%95-%E7%B6%B2%E4%B8%8A%E8%B2%B7%E8%8A%B1
[2026-08-25 07:46:22] [98/104] 最佳香港花店推介 送花訂花好去處/網上買花 | https://www.timeout.com.hk/hong-kong/hk/%E8%B3%BC%E7%89%A9/%E6%9C%80%E4%BD%B3%E9%A6%99%E6%B8%AF%E8%8A%B1%E5%BA%97%E6%8E%A8%E4%BB%8B-%E9%80%81%E8%8A%B1%E8%A8%82%E8%8A%B1%E5%A5%BD%E5%8E%BB%E8%99%95-%E7%B6%B2%E4%B8%8A%E8%B2%B7%E8%8A%B1
[2026-08-25 07:46:22]   ↳ 已存在，跳過 (最佳香港花店推介-送花訂花好去處-網上買花.html)
[2026-08-25 07:46:22]   ↳ 已存在，跳過 (最佳香港花店推介-送花訂花好去處-網上買花.html)
[2026-08-25 07:46:22] [99/104] HK Florist Directory | https://zh-hk.hk-florist.org/hk-florist-directory/
[2026-08-25 07:46:22] [99/104] HK Florist Directory | https://zh-hk.hk-florist.org/hk-florist-directory/
[2026-08-25 07:46:22]   ↳ 已存在，跳過 (HK-Florist-Directory.html)
[2026-08-25 07:46:22]   ↳ 已存在，跳過 (HK-Florist-Directory.html)
[2026-08-25 07:46:22] [100/104] 主頁 | https://shunkeeflowers.com.hk/
[2026-08-25 07:46:22] [100/104] 主頁 | https://shunkeeflowers.com.hk/
[2026-08-25 07:46:22]   ↳ 已存在，跳過 (主頁.html)
[2026-08-25 07:46:22]   ↳ 已存在，跳過 (主頁.html)
[2026-08-25 07:46:22] [101/104] Kushiro | http://www.kushiro.com.hk/
[2026-08-25 07:46:22] [101/104] Kushiro | http://www.kushiro.com.hk/
[2026-08-25 07:46:22]   ↳ 已存在，跳過 (Kushiro.html)
[2026-08-25 07:46:22]   ↳ 已存在，跳過 (Kushiro.html)
[2026-08-25 07:46:22] [102/104] PETNAR LIVING 裝修工程 室內設計 傢俬訂製 | https://petnar-living.com/interior-design/
[2026-08-25 07:46:22] [102/104] PETNAR LIVING 裝修工程 室內設計 傢俬訂製 | https://petnar-living.com/interior-design/
[2026-08-25 07:46:22]   ↳ 已存在，跳過 (PETNAR-LIVING-裝修工程-室內設計-傢俬訂製.html)
[2026-08-25 07:46:22]   ↳ 已存在，跳過 (PETNAR-LIVING-裝修工程-室內設計-傢俬訂製.html)
[2026-08-25 07:46:22] [103/104] 太子中学補習社 - 立方教育 | https://www.ilearndse.com/
[2026-08-25 07:46:22] [103/104] 太子中学補習社 - 立方教育 | https://www.ilearndse.com/
[2026-08-25 07:46:22]   ↳ 已存在，跳過 (太子中学補習社---立方教育.html)
[2026-08-25 07:46:22]   ↳ 已存在，跳過 (太子中学補習社---立方教育.html)
[2026-08-25 07:46:22] [104/104] Speedycat Photo Studio | https://www.speedycat.com.hk/
[2026-08-25 07:46:22] [104/104] Speedycat Photo Studio | https://www.speedycat.com.hk/
[2026-08-25 07:46:22]   ✓ 已儲存 Speedycat-Photo-Studio.html (1055KB, requests 1068566B)
[2026-08-25 07:46:22]   ✓ 已儲存 Speedycat-Photo-Studio.html (1055KB, requests 1068566B)
[2026-08-25 07:46:22] == 完成 ==
[2026-08-25 07:46:22] == 完成 ==
[2026-08-25 07:46:22] 成功 104 個，失敗 0 個
[2026-08-25 07:46:22] 成功 104 個，失敗 0 個

── 失敗清單 ──
[2026-08-25 07:46:22] == 開始為 0 間「沒網站但有聯絡」的商家建立一頁式網頁 → /home/ubuntu/.mok/html/project/MokCs ==
[2026-08-25 07:46:22] == 開始為 0 間「沒網站但有聯絡」的商家建立一頁式網頁 → /home/ubuntu/.mok/html/project/MokCs ==
[2026-08-25 07:46:22] == 一頁式網頁完成：0/0 ==
[2026-08-25 07:46:22] == 一頁式網頁完成：0/0 ==
[2026-08-25 08:13:16]   過濾：104 間 → 保留 104 間有 WhatsApp/Email 的商家
[2026-08-25 08:13:16]   過濾：104 間 → 保留 104 間有 WhatsApp/Email 的商家
[2026-08-25 08:13:16] == 開始克隆 104 個商家首頁 → /home/ubuntu/.mok/html/project/MokCs ==
[2026-08-25 08:13:16] == 開始克隆 104 個商家首頁 → /home/ubuntu/.mok/html/project/MokCs ==
[2026-08-25 08:13:16] [1/104] Hutong | https://hutong.com.hk/
[2026-08-25 08:13:16] [1/104] Hutong | https://hutong.com.hk/
[2026-08-25 08:13:16]   ↳ 已存在，跳過 (Hutong.html)
[2026-08-25 08:13:16]   ↳ 已存在，跳過 (Hutong.html)
[2026-08-25 08:13:16] [2/104] The Chairman Restaurant | https://www.thechairmangroup.com/
[2026-08-25 08:13:16] [2/104] The Chairman Restaurant | https://www.thechairmangroup.com/
[2026-08-25 08:13:16]   ↳ 已存在，跳過 (The-Chairman-Restaurant.html)
[2026-08-25 08:13:16]   ↳ 已存在，跳過 (The-Chairman-Restaurant.html)
[2026-08-25 08:13:16] [3/104] 南蛮亭香港店 | http://nanbantei.com.hk/
[2026-08-25 08:13:16] [3/104] 南蛮亭香港店 | http://nanbantei.com.hk/
[2026-08-25 08:13:16]   ↳ 已存在，跳過 (南蛮亭香港店.html)
[2026-08-25 08:13:16]   ↳ 已存在，跳過 (南蛮亭香港店.html)
[2026-08-25 08:13:16] [4/104] 添好運點心專賣店 | https://www.timhowan.com.hk/
[2026-08-25 08:13:16] [4/104] 添好運點心專賣店 | https://www.timhowan.com.hk/
[2026-08-25 08:13:16]   ↳ 已存在，跳過 (添好運點心專賣店.html)
[2026-08-25 08:13:16]   ↳ 已存在，跳過 (添好運點心專賣店.html)
[2026-08-25 08:13:16] [5/104] La Petite Maison (LPM) Hong Ko | https://lpmrestaurants.com/hongkong/
[2026-08-25 08:13:16] [5/104] La Petite Maison (LPM) Hong Ko | https://lpmrestaurants.com/hongkong/
[2026-08-25 08:13:16]   ↳ 已存在，跳過 (La-Petite-Maison-LPM-Hong-Kong.html)
[2026-08-25 08:13:16]   ↳ 已存在，跳過 (La-Petite-Maison-LPM-Hong-Kong.html)
[2026-08-25 08:13:16] [6/104] Glow Hong Kong | https://www.glowspa.hk/
[2026-08-25 08:13:16] [6/104] Glow Hong Kong | https://www.glowspa.hk/
[2026-08-25 08:13:16]   ↳ 已存在，跳過 (Glow-Hong-Kong.html)
[2026-08-25 08:13:16]   ↳ 已存在，跳過 (Glow-Hong-Kong.html)
[2026-08-25 08:13:16] [7/104] Mó The Slow Bloom | https://www.mo-hk.com/
[2026-08-25 08:13:16] [7/104] Mó The Slow Bloom | https://www.mo-hk.com/
[2026-08-25 08:13:16]   ↳ 已存在，跳過 (Mó-The-Slow-Bloom.html)
[2026-08-25 08:13:16]   ↳ 已存在，跳過 (Mó-The-Slow-Bloom.html)
[2026-08-25 08:13:16] [8/104] Lux Medical 医繊美 | https://www.luxbeauty.hk/
[2026-08-25 08:13:16] [8/104] Lux Medical 医繊美 | https://www.luxbeauty.hk/
[2026-08-25 08:13:16]   ↳ 已存在，跳過 (Lux-Medical-医繊美.html)
[2026-08-25 08:13:16]   ↳ 已存在，跳過 (Lux-Medical-医繊美.html)
[2026-08-25 08:13:16] [9/104] 114HAIR | http://www.114hair.com/
[2026-08-25 08:13:16] [9/104] 114HAIR | http://www.114hair.com/
[2026-08-25 08:13:16]   ↳ 已存在，跳過 (114HAIR.html)
[2026-08-25 08:13:16]   ↳ 已存在，跳過 (114HAIR.html)
[2026-08-25 08:13:16] [10/104] Love Hair | http://www.lovehairhk.com/
[2026-08-25 08:13:16] [10/104] Love Hair | http://www.lovehairhk.com/
[2026-08-25 08:13:16]   ↳ 已存在，跳過 (Love-Hair.html)
[2026-08-25 08:13:16]   ↳ 已存在，跳過 (Love-Hair.html)
[2026-08-25 08:13:16] [11/104] TONI&GUY HK | http://www.toniandguyhk.com/
[2026-08-25 08:13:16] [11/104] TONI&GUY HK | http://www.toniandguyhk.com/
[2026-08-25 08:13:16]   ↳ 已存在，跳過 (TONIGUY-HK.html)
[2026-08-25 08:13:16]   ↳ 已存在，跳過 (TONIGUY-HK.html)
[2026-08-25 08:13:16] [12/104] iMPROVE HAiR-尖沙咀salon 尖沙咀剪髮 尖沙 | http://www.ihair.com.hk/
[2026-08-25 08:13:16] [12/104] iMPROVE HAiR-尖沙咀salon 尖沙咀剪髮 尖沙 | http://www.ihair.com.hk/
[2026-08-25 08:13:16]   ↳ 已存在，跳過 (iMPROVE-HAiR-尖沙咀salon-尖沙咀剪髮-尖沙咀髮廊-尖沙咀中藥染髮-尖沙咀假髮-尖沙咀頭皮護理.html)
[2026-08-25 08:13:16]   ↳ 已存在，跳過 (iMPROVE-HAiR-尖沙咀salon-尖沙咀剪髮-尖沙咀髮廊-尖沙咀中藥染髮-尖沙咀假髮-尖沙咀頭皮護理.html)
[2026-08-25 08:13:16] [13/104] 金澱装修工程有限公司 | https://www.palaceengineeringltd.com/
[2026-08-25 08:13:16] [13/104] 金澱装修工程有限公司 | https://www.palaceengineeringltd.com/
[2026-08-25 08:13:16]   ↳ 已存在，跳過 (金澱装修工程有限公司.html)
[2026-08-25 08:13:16]   ↳ 已存在，跳過 (金澱装修工程有限公司.html)
[2026-08-25 08:13:16] [14/104] 鋒主義 - 室內設計公司 | 室內裝修工程 | 工期 報價  | https://www.fungstyle.com.hk/
[2026-08-25 08:13:16] [14/104] 鋒主義 - 室內設計公司 | 室內裝修工程 | 工期 報價  | https://www.fungstyle.com.hk/
[2026-08-25 08:13:16]   ↳ 已存在，跳過 (鋒主義---室內設計公司-室內裝修工程-工期-報價-服務-三大保證.html)
[2026-08-25 08:13:16]   ↳ 已存在，跳過 (鋒主義---室內設計公司-室內裝修工程-工期-報價-服務-三大保證.html)
[2026-08-25 08:13:16] [15/104] 装修兄弟 | http://www.renobro.com.hk/
[2026-08-25 08:13:16] [15/104] 装修兄弟 | http://www.renobro.com.hk/
[2026-08-25 08:13:16]   ↳ 已存在，跳過 (装修兄弟.html)
[2026-08-25 08:13:16]   ↳ 已存在，跳過 (装修兄弟.html)
[2026-08-25 08:13:16] [16/104] 居屋皇 House king | 香港室内設計及装修公司 | http://housekinghk.com/
[2026-08-25 08:13:16] [16/104] 居屋皇 House king | 香港室内設計及装修公司 | http://housekinghk.com/
[2026-08-25 08:13:16]   ↳ 已存在，跳過 (居屋皇-House-king-香港室内設計及装修公司.html)
[2026-08-25 08:13:16]   ↳ 已存在，跳過 (居屋皇-House-king-香港室内設計及装修公司.html)
[2026-08-25 08:13:16] [17/104] Toby 裝修設計平台｜免費裝修報價｜香港裝修公司及室內設計 | https://www.hellotoby.com/zh-hk/id
[2026-08-25 08:13:16] [17/104] Toby 裝修設計平台｜免費裝修報價｜香港裝修公司及室內設計 | https://www.hellotoby.com/zh-hk/id
[2026-08-25 08:13:16]   ↳ 已存在，跳過 (Toby-裝修設計平台免費裝修報價香港裝修公司及室內設計公司.html)
[2026-08-25 08:13:16]   ↳ 已存在，跳過 (Toby-裝修設計平台免費裝修報價香港裝修公司及室內設計公司.html)
[2026-08-25 08:13:16] [18/104] PET HK - Mid Levels Edition | http://pethk.com/
[2026-08-25 08:13:16] [18/104] PET HK - Mid Levels Edition | http://pethk.com/
[2026-08-25 08:13:16]   ↳ 已存在，跳過 (PET-HK---Mid-Levels-Edition.html)
[2026-08-25 08:13:16]   ↳ 已存在，跳過 (PET-HK---Mid-Levels-Edition.html)
[2026-08-25 08:13:16] [19/104] Ruff & Fetch 拉夫寵物生活 (佐敦 Jordan | http://www.ruffandfetch.com/
[2026-08-25 08:13:16] [19/104] Ruff & Fetch 拉夫寵物生活 (佐敦 Jordan | http://www.ruffandfetch.com/
[2026-08-25 08:13:16]   ↳ 已存在，跳過 (Ruff--Fetch-拉夫寵物生活-佐敦-Jordan.html)
[2026-08-25 08:13:16]   ↳ 已存在，跳過 (Ruff--Fetch-拉夫寵物生活-佐敦-Jordan.html)
[2026-08-25 08:13:16] [20/104] HKTA香港導師会 | https://www.hkta.edu.hk/
[2026-08-25 08:13:16] [20/104] HKTA香港導師会 | https://www.hkta.edu.hk/
[2026-08-25 08:13:16]   ↳ 已存在，跳過 (HKTA香港導師会.html)
[2026-08-25 08:13:16]   ↳ 已存在，跳過 (HKTA香港導師会.html)
[2026-08-25 08:13:16] [21/104] 騎士数学 Knight Mathematics - Band | https://knightmaths.edu.hk/
[2026-08-25 08:13:16] [21/104] 騎士数学 Knight Mathematics - Band | https://knightmaths.edu.hk/
[2026-08-25 08:13:16]   ↳ 已存在，跳過 (騎士数学-Knight-Mathematics---Band-1-DSE-数学補習社.html)
[2026-08-25 08:13:16]   ↳ 已存在，跳過 (騎士数学-Knight-Mathematics---Band-1-DSE-数学補習社.html)
[2026-08-25 08:13:16] [22/104] 香港文化教育中心 | https://docs.google.com/forms/d/e/1FAIpQLSdjgsQlR4w8ZgKgE9RgAUPsPwrZzAZpo5SCULDDOgygEdeDnQ/viewform
[2026-08-25 08:13:16] [22/104] 香港文化教育中心 | https://docs.google.com/forms/d/e/1FAIpQLSdjgsQlR4w8ZgKgE9RgAUPsPwrZzAZpo5SCULDDOgygEdeDnQ/viewform
[2026-08-25 08:13:16]   ↳ 已存在，跳過 (香港文化教育中心.html)
[2026-08-25 08:13:16]   ↳ 已存在，跳過 (香港文化教育中心.html)
[2026-08-25 08:13:16] [23/104] GETUTOR 香港導師総会｜上門補習中介平台｜私補導師推介 | https://www.getutor.com.hk/
[2026-08-25 08:13:16] [23/104] GETUTOR 香港導師総会｜上門補習中介平台｜私補導師推介 | https://www.getutor.com.hk/
[2026-08-25 08:13:16]   ↳ 已存在，跳過 (GETUTOR-香港導師総会上門補習中介平台私補導師推介Private-Tutors-AgencyIB-IGCSE-A.html)
[2026-08-25 08:13:16]   ↳ 已存在，跳過 (GETUTOR-香港導師総会上門補習中介平台私補導師推介Private-Tutors-AgencyIB-IGCSE-A.html)
[2026-08-25 08:13:16] [24/104] 英博教学中心 - 数学中文英文補習 - 中小学補習社 | https://eplc.edu.hk/
[2026-08-25 08:13:16] [24/104] 英博教学中心 - 数学中文英文補習 - 中小学補習社 | https://eplc.edu.hk/
[2026-08-25 08:13:16]   ↳ 已存在，跳過 (英博教学中心---数学中文英文補習---中小学補習社.html)
[2026-08-25 08:13:16]   ↳ 已存在，跳過 (英博教学中心---数学中文英文補習---中小学補習社.html)
[2026-08-25 08:13:16] [25/104] 進研教育 - 英文中文数学補習社 | https://joinin-education.com/
[2026-08-25 08:13:16] [25/104] 進研教育 - 英文中文数学補習社 | https://joinin-education.com/
[2026-08-25 08:13:16]   ↳ 已存在，跳過 (進研教育---英文中文数学補習社.html)
[2026-08-25 08:13:16]   ↳ 已存在，跳過 (進研教育---英文中文数学補習社.html)
[2026-08-25 08:13:16] [26/104] 學斯教育(灣仔) | http://hoksi-edu.com/
[2026-08-25 08:13:16] [26/104] 學斯教育(灣仔) | http://hoksi-edu.com/
[2026-08-25 08:13:16]   ↳ 已存在，跳過 (學斯教育灣仔.html)
[2026-08-25 08:13:16]   ↳ 已存在，跳過 (學斯教育灣仔.html)
[2026-08-25 08:13:16] [27/104] 補習社｜学博教育 Learn Smart Education | https://learnsmart.edu.hk/
[2026-08-25 08:13:16] [27/104] 補習社｜学博教育 Learn Smart Education | https://learnsmart.edu.hk/
[2026-08-25 08:13:16]   ↳ 已存在，跳過 (補習社学博教育-Learn-Smart-Education.html)
[2026-08-25 08:13:16]   ↳ 已存在，跳過 (補習社学博教育-Learn-Smart-Education.html)
[2026-08-25 08:13:16] [28/104] 24/7 Fitness Central | http://247.fitness/
[2026-08-25 08:13:16] [28/104] 24/7 Fitness Central | http://247.fitness/
[2026-08-25 08:13:16]   ↳ 已存在，跳過 (24-7-Fitness-Central.html)
[2026-08-25 08:13:16]   ↳ 已存在，跳過 (24-7-Fitness-Central.html)
[2026-08-25 08:13:16] [29/104] 啓弘牙科（旺角店）丨九龍/旺角牙医/智慧歯/箍牙/隠式美/全 | https://omnesdental.com/
[2026-08-25 08:13:16] [29/104] 啓弘牙科（旺角店）丨九龍/旺角牙医/智慧歯/箍牙/隠式美/全 | https://omnesdental.com/
[2026-08-25 08:13:16]   ↳ 已存在，跳過 (啓弘牙科旺角店丨九龍-旺角牙医-智慧歯-箍牙-隠式美-全方位牙科服務-専業治療牙痛-種植牙-補牙-剥牙-洗牙.html)
[2026-08-25 08:13:16]   ↳ 已存在，跳過 (啓弘牙科旺角店丨九龍-旺角牙医-智慧歯-箍牙-隠式美-全方位牙科服務-専業治療牙痛-種植牙-補牙-剥牙-洗牙.html)
[2026-08-25 08:13:16] [30/104] Smith & Jain Dentists 史密夫和鄭牙醫診 | https://smithandjaindentists.com/
[2026-08-25 08:13:16] [30/104] Smith & Jain Dentists 史密夫和鄭牙醫診 | https://smithandjaindentists.com/
[2026-08-25 08:13:16]   ↳ 已存在，跳過 (Smith--Jain-Dentists-史密夫和鄭牙醫診所.html)
[2026-08-25 08:13:16]   ↳ 已存在，跳過 (Smith--Jain-Dentists-史密夫和鄭牙醫診所.html)
[2026-08-25 08:13:16] [31/104] Home Dental (Tsim Sha Tsui Bra | https://homedentalhk.com/cn/contact-us/tst
[2026-08-25 08:13:16] [31/104] Home Dental (Tsim Sha Tsui Bra | https://homedentalhk.com/cn/contact-us/tst
[2026-08-25 08:13:16]   ↳ 已存在，跳過 (Home-Dental-Tsim-Sha-Tsui-Branch.html)
[2026-08-25 08:13:16]   ↳ 已存在，跳過 (Home-Dental-Tsim-Sha-Tsui-Branch.html)
[2026-08-25 08:13:16] [32/104] 伍裕彤牙医 | https://trucaredental.hk/
[2026-08-25 08:13:16] [32/104] 伍裕彤牙医 | https://trucaredental.hk/
[2026-08-25 08:13:16]   ↳ 已存在，跳過 (伍裕彤牙医.html)
[2026-08-25 08:13:16]   ↳ 已存在，跳過 (伍裕彤牙医.html)
[2026-08-25 08:13:16] [33/104] Home Dental | https://homedentalhk.com/cn/contact-us/cwb
[2026-08-25 08:13:16] [33/104] Home Dental | https://homedentalhk.com/cn/contact-us/cwb
[2026-08-25 08:13:16]   ↳ 已存在，跳過 (Home-Dental.html)
[2026-08-25 08:13:16]   ↳ 已存在，跳過 (Home-Dental.html)
[2026-08-25 08:13:16] [34/104] T.O.P Dental by Family Smile L | http://www.topdental.hk/
[2026-08-25 08:13:16] [34/104] T.O.P Dental by Family Smile L | http://www.topdental.hk/
[2026-08-25 08:13:16]   ↳ 已存在，跳過 (T.O.P-Dental-by-Family-Smile-Ltd-香港牙科醫療集團-旺角太子牙醫中心.html)
[2026-08-25 08:13:16]   ↳ 已存在，跳過 (T.O.P-Dental-by-Family-Smile-Ltd-香港牙科醫療集團-旺角太子牙醫中心.html)
[2026-08-25 08:13:16] [35/104] Metro Dental 城健総合牙科医療中心 | https://www.metrodental.com.hk/
[2026-08-25 08:13:16] [35/104] Metro Dental 城健総合牙科医療中心 | https://www.metrodental.com.hk/
[2026-08-25 08:13:16]   ↳ 已存在，跳過 (Metro-Dental-城健総合牙科医療中心.html)
[2026-08-25 08:13:16]   ↳ 已存在，跳過 (Metro-Dental-城健総合牙科医療中心.html)
[2026-08-25 08:13:16] [36/104] 大国手 汽車車身維修 Grand Tycoon Automo | http://grandtycoon.com/
[2026-08-25 08:13:16] [36/104] 大国手 汽車車身維修 Grand Tycoon Automo | http://grandtycoon.com/
[2026-08-25 08:13:16]   ↳ 已存在，跳過 (大国手-汽車車身維修-Grand-Tycoon-Automotive-Repair-Shop.html)
[2026-08-25 08:13:16]   ↳ 已存在，跳過 (大国手-汽車車身維修-Grand-Tycoon-Automotive-Repair-Shop.html)
[2026-08-25 08:13:16] [37/104] AutoMate | Sham Shui Po Shop | https://www.automate-app.com/auto-shop
[2026-08-25 08:13:16] [37/104] AutoMate | Sham Shui Po Shop | https://www.automate-app.com/auto-shop
[2026-08-25 08:13:16]   ↳ 已存在，跳過 (AutoMate-Sham-Shui-Po-Shop.html)
[2026-08-25 08:13:16]   ↳ 已存在，跳過 (AutoMate-Sham-Shui-Po-Shop.html)
[2026-08-25 08:13:16] [38/104] Carol Garage Limited | http://www.carolgarage.com.hk/
[2026-08-25 08:13:16] [38/104] Carol Garage Limited | http://www.carolgarage.com.hk/
[2026-08-25 08:13:16]   ↳ 已存在，跳過 (Carol-Garage-Limited.html)
[2026-08-25 08:13:16]   ↳ 已存在，跳過 (Carol-Garage-Limited.html)
[2026-08-25 08:13:16] [39/104] 八方汽車 | Power Moto Limited | http://www.power-moto.hk/
[2026-08-25 08:13:16] [39/104] 八方汽車 | Power Moto Limited | http://www.power-moto.hk/
[2026-08-25 08:13:16]   ↳ 已存在，跳過 (八方汽車-Power-Moto-Limited.html)
[2026-08-25 08:13:16]   ↳ 已存在，跳過 (八方汽車-Power-Moto-Limited.html)
[2026-08-25 08:13:16] [40/104] Flow & Roll Laundry 自助洗衣 (中環 C | https://flowandroll.com/
[2026-08-25 08:13:16] [40/104] Flow & Roll Laundry 自助洗衣 (中環 C | https://flowandroll.com/
[2026-08-25 08:13:16]   ↳ 已存在，跳過 (Flow--Roll-Laundry-自助洗衣-中環-Central.html)
[2026-08-25 08:13:16]   ↳ 已存在，跳過 (Flow--Roll-Laundry-自助洗衣-中環-Central.html)
[2026-08-25 08:13:16] [41/104] 初洗 First Laundry 觀塘24小時自助洗衣店 | https://wa.me/85268716550
[2026-08-25 08:13:16] [41/104] 初洗 First Laundry 觀塘24小時自助洗衣店 | https://wa.me/85268716550
[2026-08-25 08:13:16]   ↳ 已存在，跳過 (初洗-First-Laundry-觀塘24小時自助洗衣店.html)
[2026-08-25 08:13:16]   ↳ 已存在，跳過 (初洗-First-Laundry-觀塘24小時自助洗衣店.html)
[2026-08-25 08:13:16] [42/104] 水漾衣坊 water laundry | https://whalewashmk.hk/
[2026-08-25 08:13:16] [42/104] 水漾衣坊 water laundry | https://whalewashmk.hk/
[2026-08-25 08:13:16]   ↳ 已存在，跳過 (水漾衣坊-water-laundry.html)
[2026-08-25 08:13:16]   ↳ 已存在，跳過 (水漾衣坊-water-laundry.html)
[2026-08-25 08:13:16] [43/104] FLORISTRY by ART OF LIVING | http://www.floristrybyartofliving.com/
[2026-08-25 08:13:16] [43/104] FLORISTRY by ART OF LIVING | http://www.floristrybyartofliving.com/
[2026-08-25 08:13:16]   ↳ 已存在，跳過 (FLORISTRY-by-ART-OF-LIVING.html)
[2026-08-25 08:13:16]   ↳ 已存在，跳過 (FLORISTRY-by-ART-OF-LIVING.html)
[2026-08-25 08:13:16] [44/104] 花籃 450 - Flower 450 | https://flower450.com/
[2026-08-25 08:13:16] [44/104] 花籃 450 - Flower 450 | https://flower450.com/
[2026-08-25 08:13:16]   ↳ 已存在，跳過 (花籃-450---Flower-450.html)
[2026-08-25 08:13:16]   ↳ 已存在，跳過 (花籃-450---Flower-450.html)
[2026-08-25 08:13:16] [45/104] 優之花鋪-U Flower Shop | https://www.uflowershop.com/
[2026-08-25 08:13:16] [45/104] 優之花鋪-U Flower Shop | https://www.uflowershop.com/
[2026-08-25 08:13:16]   ↳ 已存在，跳過 (優之花鋪-U-Flower-Shop.html)
[2026-08-25 08:13:16]   ↳ 已存在，跳過 (優之花鋪-U-Flower-Shop.html)
[2026-08-25 08:13:16] [46/104] Eternal Flora hk | https://www.eternalflorahk.com/
[2026-08-25 08:13:16] [46/104] Eternal Flora hk | https://www.eternalflorahk.com/
[2026-08-25 08:13:16]   ↳ 已存在，跳過 (Eternal-Flora-hk.html)
[2026-08-25 08:13:16]   ↳ 已存在，跳過 (Eternal-Flora-hk.html)
[2026-08-25 08:13:16] [47/104] FDHK - Flower Delivery Hong Ko | https://flowerdeliveryhongkong.com/
[2026-08-25 08:13:16] [47/104] FDHK - Flower Delivery Hong Ko | https://flowerdeliveryhongkong.com/
[2026-08-25 08:13:16]   ↳ 已存在，跳過 (FDHK---Flower-Delivery-Hong-Kong.html)
[2026-08-25 08:13:16]   ↳ 已存在，跳過 (FDHK---Flower-Delivery-Hong-Kong.html)
[2026-08-25 08:13:16] [48/104] Joseph Photo 香港專業攝影工作室 | https://josephphoto.hk/
[2026-08-25 08:13:16] [48/104] Joseph Photo 香港專業攝影工作室 | https://josephphoto.hk/
[2026-08-25 08:13:16]   ↳ 已存在，跳過 (Joseph-Photo-香港專業攝影工作室.html)
[2026-08-25 08:13:16]   ↳ 已存在，跳過 (Joseph-Photo-香港專業攝影工作室.html)
[2026-08-25 08:13:16] [49/104] Majesty Professional Photo殿堂館- | https://www.majestyprofessional.com/
[2026-08-25 08:13:16] [49/104] Majesty Professional Photo殿堂館- | https://www.majestyprofessional.com/
[2026-08-25 08:13:16]   ↳ 已存在，跳過 (Majesty-Professional-Photo殿堂館-專業照首選.html)
[2026-08-25 08:13:16]   ↳ 已存在，跳過 (Majesty-Professional-Photo殿堂館-專業照首選.html)
[2026-08-25 08:13:16] [50/104] Owl Photo Studio 貓頭鷹照相館 | https://www.owlphoto.hk/
[2026-08-25 08:13:16] [50/104] Owl Photo Studio 貓頭鷹照相館 | https://www.owlphoto.hk/
[2026-08-25 08:13:16]   ↳ 已存在，跳過 (Owl-Photo-Studio-貓頭鷹照相館.html)
[2026-08-25 08:13:16]   ↳ 已存在，跳過 (Owl-Photo-Studio-貓頭鷹照相館.html)
[2026-08-25 08:13:16] [51/104] Yat Tung Heen - Eaton HK | https://www.yattungheen.com/
[2026-08-25 08:13:16] [51/104] Yat Tung Heen - Eaton HK | https://www.yattungheen.com/
[2026-08-25 08:13:16]   ↳ 已存在，跳過 (Yat-Tung-Heen---Eaton-HK.html)
[2026-08-25 08:13:16]   ↳ 已存在，跳過 (Yat-Tung-Heen---Eaton-HK.html)
[2026-08-25 08:13:16] [52/104] Hair Quest Hair salon Central | https://www.hairquest-hk.com/
[2026-08-25 08:13:16] [52/104] Hair Quest Hair salon Central | https://www.hairquest-hk.com/
[2026-08-25 08:13:16]   ↳ 已存在，跳過 (Hair-Quest-Hair-salon-Central.html)
[2026-08-25 08:13:16]   ↳ 已存在，跳過 (Hair-Quest-Hair-salon-Central.html)
[2026-08-25 08:13:16] [53/104] 天下猫猫一様猫 | https://www.catiscat.com.hk/
[2026-08-25 08:13:16] [53/104] 天下猫猫一様猫 | https://www.catiscat.com.hk/
[2026-08-25 08:13:16]   ↳ 已存在，跳過 (天下猫猫一様猫.html)
[2026-08-25 08:13:16]   ↳ 已存在，跳過 (天下猫猫一様猫.html)
[2026-08-25 08:13:16] [54/104] Bora beauty | https://bora.hk/
[2026-08-25 08:13:16] [54/104] Bora beauty | https://bora.hk/
[2026-08-25 08:13:16]   ↳ 已存在，跳過 (Bora-beauty.html)
[2026-08-25 08:13:16]   ↳ 已存在，跳過 (Bora-beauty.html)
[2026-08-25 08:13:16] [55/104] Dream Scenes Studio | http://dreamscenesstudio.com/
[2026-08-25 08:13:16] [55/104] Dream Scenes Studio | http://dreamscenesstudio.com/
[2026-08-25 08:13:16]   ↳ 已存在，跳過 (Dream-Scenes-Studio.html)
[2026-08-25 08:13:16]   ↳ 已存在，跳過 (Dream-Scenes-Studio.html)
[2026-08-25 08:13:16] [56/104] Dazzling Smile Dental Clinic 瑩 | https://dazzlingsmiledentalclinic.com/
[2026-08-25 08:13:16] [56/104] Dazzling Smile Dental Clinic 瑩 | https://dazzlingsmiledentalclinic.com/
[2026-08-25 08:13:16]   ↳ 已存在，跳過 (Dazzling-Smile-Dental-Clinic-瑩恩牙科診所.html)
[2026-08-25 08:13:16]   ↳ 已存在，跳過 (Dazzling-Smile-Dental-Clinic-瑩恩牙科診所.html)
[2026-08-25 08:13:16] [57/104] Family Smile Limited | http://www.familysmile.hk/
[2026-08-25 08:13:16] [57/104] Family Smile Limited | http://www.familysmile.hk/
[2026-08-25 08:13:16]   ↳ 已存在，跳過 (Family-Smile-Limited.html)
[2026-08-25 08:13:16]   ↳ 已存在，跳過 (Family-Smile-Limited.html)
[2026-08-25 08:13:16] [58/104] INDULGENCE hair & beauty salon | http://www.indulgence.hk/
[2026-08-25 08:13:16] [58/104] INDULGENCE hair & beauty salon | http://www.indulgence.hk/
[2026-08-25 08:13:16]   ↳ 已存在，跳過 (INDULGENCE-hair--beauty-salon.html)
[2026-08-25 08:13:16]   ↳ 已存在，跳過 (INDULGENCE-hair--beauty-salon.html)
[2026-08-25 08:13:16] [59/104] 花店 | 花束專家 | https://www.flowerbouquet.com.hk/
[2026-08-25 08:13:16] [59/104] 花店 | 花束專家 | https://www.flowerbouquet.com.hk/
[2026-08-25 08:13:16]   ↳ 已存在，跳過 (花店-花束專家.html)
[2026-08-25 08:13:16]   ↳ 已存在，跳過 (花店-花束專家.html)
[2026-08-25 08:13:16] [60/104] 網上訂花 ‧ 送花香港 | Fdhk 最高評分即日網上花店 | https://flowerdeliveryhongkong.com/zh
[2026-08-25 08:13:16] [60/104] 網上訂花 ‧ 送花香港 | Fdhk 最高評分即日網上花店 | https://flowerdeliveryhongkong.com/zh
[2026-08-25 08:13:16]   ↳ 已存在，跳過 (網上訂花--送花香港-Fdhk-最高評分即日網上花店.html)
[2026-08-25 08:13:16]   ↳ 已存在，跳過 (網上訂花--送花香港-Fdhk-最高評分即日網上花店.html)
[2026-08-25 08:13:16] [61/104] Rhine Flowers | https://rhineflowers.com/
[2026-08-25 08:13:16] [61/104] Rhine Flowers | https://rhineflowers.com/
[2026-08-25 08:13:16]   ↳ 已存在，跳過 (Rhine-Flowers.html)
[2026-08-25 08:13:16]   ↳ 已存在，跳過 (Rhine-Flowers.html)
[2026-08-25 08:13:16] [62/104] 香港花店｜網上訂花及送花｜Gift Flowers HK | https://giftflowers.com.hk/cn/
[2026-08-25 08:13:16] [62/104] 香港花店｜網上訂花及送花｜Gift Flowers HK | https://giftflowers.com.hk/cn/
[2026-08-25 08:13:16]   ↳ 已存在，跳過 (香港花店網上訂花及送花Gift-Flowers-HK.html)
[2026-08-25 08:13:16]   ↳ 已存在，跳過 (香港花店網上訂花及送花Gift-Flowers-HK.html)
[2026-08-25 08:13:16] [63/104] Flora Floriculture - 花店 | https://www.floraf.com.hk/
[2026-08-25 08:13:16] [63/104] Flora Floriculture - 花店 | https://www.floraf.com.hk/
[2026-08-25 08:13:16]   ↳ 已存在，跳過 (Flora-Floriculture---花店.html)
[2026-08-25 08:13:16]   ↳ 已存在，跳過 (Flora-Floriculture---花店.html)
[2026-08-25 08:13:16] [64/104] 香港花店 | https://www.mrsliuflorist.com/
[2026-08-25 08:13:16] [64/104] 香港花店 | https://www.mrsliuflorist.com/
[2026-08-25 08:13:16]   ↳ 已存在，跳過 (香港花店.html)
[2026-08-25 08:13:16]   ↳ 已存在，跳過 (香港花店.html)
[2026-08-25 08:13:16] [65/104] 網上花店| 網上訂花 | 即日送花 | HKfashop | https://hkfashop.com/
[2026-08-25 08:13:16] [65/104] 網上花店| 網上訂花 | 即日送花 | HKfashop | https://hkfashop.com/
[2026-08-25 08:13:16]   ↳ 已存在，跳過 (網上花店-網上訂花-即日送花-HKfashop.html)
[2026-08-25 08:13:16]   ↳ 已存在，跳過 (網上花店-網上訂花-即日送花-HKfashop.html)
[2026-08-25 08:13:16] [66/104] 【 送花】 ｜訂花｜Flowerbee Florist訂花束 | https://flowerbee-hk.com/zh
[2026-08-25 08:13:16] [66/104] 【 送花】 ｜訂花｜Flowerbee Florist訂花束 | https://flowerbee-hk.com/zh
[2026-08-25 08:13:16]   ↳ 已存在，跳過 (送花-訂花Flowerbee-Florist訂花束---Flowerbee-HK-Florist.html)
[2026-08-25 08:13:16]   ↳ 已存在，跳過 (送花-訂花Flowerbee-Florist訂花束---Flowerbee-HK-Florist.html)
[2026-08-25 08:13:16] [67/104] 花點時間｜香港旺角花墟實體花店：24小時訂花、鮮花花束、開張 | https://www.reflower.com.hk/
[2026-08-25 08:13:16] [67/104] 花點時間｜香港旺角花墟實體花店：24小時訂花、鮮花花束、開張 | https://www.reflower.com.hk/
[2026-08-25 08:13:16]   ↳ 已存在，跳過 (花點時間香港旺角花墟實體花店24小時訂花鮮花花束開張花籃鮮花批發---花點時間-Reflower.html)
[2026-08-25 08:13:16]   ↳ 已存在，跳過 (花點時間香港旺角花墟實體花店24小時訂花鮮花花束開張花籃鮮花批發---花點時間-Reflower.html)
[2026-08-25 08:13:16] [68/104] 香港花店- 首頁花店推薦 - 我們代表和倡導位於香港島、九龍 | https://zh-hk.hk-florist.org/
[2026-08-25 08:13:16] [68/104] 香港花店- 首頁花店推薦 - 我們代表和倡導位於香港島、九龍 | https://zh-hk.hk-florist.org/
[2026-08-25 08:13:16]   ↳ 已存在，跳過 (香港花店--首頁花店推薦---我們代表和倡導位於香港島九龍和新界的花店以及在線花店和鮮花配送公司.html)
[2026-08-25 08:13:16]   ↳ 已存在，跳過 (香港花店--首頁花店推薦---我們代表和倡導位於香港島九龍和新界的花店以及在線花店和鮮花配送公司.html)
[2026-08-25 08:13:16] [69/104] 有花漾 ZH Flowers | https://www.zh-flowers.com/
[2026-08-25 08:13:16] [69/104] 有花漾 ZH Flowers | https://www.zh-flowers.com/
[2026-08-25 08:13:16]   ↳ 已存在，跳過 (有花漾-ZH-Flowers.html)
[2026-08-25 08:13:16]   ↳ 已存在，跳過 (有花漾-ZH-Flowers.html)
[2026-08-25 08:13:16] [70/104] 花店花生花華 | FaSunflower Florist | https://www.fasunflower.com/
[2026-08-25 08:13:16] [70/104] 花店花生花華 | FaSunflower Florist | https://www.fasunflower.com/
[2026-08-25 08:13:16]   ↳ 已存在，跳過 (花店花生花華-FaSunflower-Florist.html)
[2026-08-25 08:13:16]   ↳ 已存在，跳過 (花店花生花華-FaSunflower-Florist.html)
[2026-08-25 08:13:16] [71/104] 格蘭花店 Grand Floral & Gift Shop | https://grand.com.hk/
[2026-08-25 08:13:16] [71/104] 格蘭花店 Grand Floral & Gift Shop | https://grand.com.hk/
[2026-08-25 08:13:16]   ↳ 已存在，跳過 (格蘭花店-Grand-Floral--Gift-Shop.html)
[2026-08-25 08:13:16]   ↳ 已存在，跳過 (格蘭花店-Grand-Floral--Gift-Shop.html)
[2026-08-25 08:13:16] [72/104] WHY Studio - 上環證件相｜學生相｜專業形象照 | https://www.whystudiohk.com/
[2026-08-25 08:13:16] [72/104] WHY Studio - 上環證件相｜學生相｜專業形象照 | https://www.whystudiohk.com/
[2026-08-25 08:13:16]   ↳ 已存在，跳過 (WHY-Studio---上環證件相學生相專業形象照.html)
[2026-08-25 08:13:16]   ↳ 已存在，跳過 (WHY-Studio---上環證件相學生相專業形象照.html)
[2026-08-25 08:13:16] [73/104] Cat Watt 晴珊猫舎 | http://www.catwatt.com/
[2026-08-25 08:13:16] [73/104] Cat Watt 晴珊猫舎 | http://www.catwatt.com/
[2026-08-25 08:13:16]   ↳ 已存在，跳過 (Cat-Watt-晴珊猫舎.html)
[2026-08-25 08:13:16]   ↳ 已存在，跳過 (Cat-Watt-晴珊猫舎.html)
[2026-08-25 08:13:16] [74/104] 牙齒矯正及兒童齒科中心 (旺角朗豪坊) | Orthodon | https://www.ortho-center.com/
[2026-08-25 08:13:16] [74/104] 牙齒矯正及兒童齒科中心 (旺角朗豪坊) | Orthodon | https://www.ortho-center.com/
[2026-08-25 08:13:16]   ↳ 已存在，跳過 (牙齒矯正及兒童齒科中心-旺角朗豪坊-Orthodontic--Childrens-Dental-Center-Langh.html)
[2026-08-25 08:13:16]   ↳ 已存在，跳過 (牙齒矯正及兒童齒科中心-旺角朗豪坊-Orthodontic--Childrens-Dental-Center-Langh.html)
[2026-08-25 08:13:16] [75/104] HALO Flowers | https://haloflowers.com.hk/zh-hant/
[2026-08-25 08:13:16] [75/104] HALO Flowers | https://haloflowers.com.hk/zh-hant/
[2026-08-25 08:13:16]   ↳ 已存在，跳過 (HALO-Flowers.html)
[2026-08-25 08:13:16]   ↳ 已存在，跳過 (HALO-Flowers.html)
[2026-08-25 08:13:16] [76/104] Pettington 柏靈頓獸醫寵物用品 | https://www.pettington.com/
[2026-08-25 08:13:16] [76/104] Pettington 柏靈頓獸醫寵物用品 | https://www.pettington.com/
[2026-08-25 08:13:16]   ↳ 已存在，跳過 (Pettington-柏靈頓獸醫寵物用品.html)
[2026-08-25 08:13:16]   ↳ 已存在，跳過 (Pettington-柏靈頓獸醫寵物用品.html)
[2026-08-25 08:13:16] [77/104] 皓保牙科診所 Craft Smile Dental Cent | https://zh.drchrischeung.com/
[2026-08-25 08:13:16] [77/104] 皓保牙科診所 Craft Smile Dental Cent | https://zh.drchrischeung.com/
[2026-08-25 08:13:16]   ↳ 已存在，跳過 (皓保牙科診所-Craft-Smile-Dental-Center.html)
[2026-08-25 08:13:16]   ↳ 已存在，跳過 (皓保牙科診所-Craft-Smile-Dental-Center.html)
[2026-08-25 08:13:16] [78/104] Toyota Kowloon Bay Service Cen | https://www.toyota.com.hk/?utm_campaign=gmb&utm_medium=organic&utm_source=local
[2026-08-25 08:13:16] [78/104] Toyota Kowloon Bay Service Cen | https://www.toyota.com.hk/?utm_campaign=gmb&utm_medium=organic&utm_source=local
[2026-08-25 08:13:16]   ↳ 已存在，跳過 (Toyota-Kowloon-Bay-Service-Centre-Mechanical.html)
[2026-08-25 08:13:16]   ↳ 已存在，跳過 (Toyota-Kowloon-Bay-Service-Centre-Mechanical.html)
[2026-08-25 08:13:16] [79/104] Anglo Chinese Florist | http://www.anglochinese.com/
[2026-08-25 08:13:16] [79/104] Anglo Chinese Florist | http://www.anglochinese.com/
[2026-08-25 08:13:16]   ↳ 已存在，跳過 (Anglo-Chinese-Florist.html)
[2026-08-25 08:13:16]   ↳ 已存在，跳過 (Anglo-Chinese-Florist.html)
[2026-08-25 08:13:16] [80/104] Photobi HK 韓式 証件相拍摂工作室 - 湾仔店 | https://photobi.hk/
[2026-08-25 08:13:16] [80/104] Photobi HK 韓式 証件相拍摂工作室 - 湾仔店 | https://photobi.hk/
[2026-08-25 08:13:16]   ↳ 已存在，跳過 (Photobi-HK-韓式-証件相拍摂工作室---湾仔店.html)
[2026-08-25 08:13:16]   ↳ 已存在，跳過 (Photobi-HK-韓式-証件相拍摂工作室---湾仔店.html)
[2026-08-25 08:13:16] [81/104] Advance Pet Food | http://advancepetfood.com/
[2026-08-25 08:13:16] [81/104] Advance Pet Food | http://advancepetfood.com/
[2026-08-25 08:13:16]   ↳ 已存在，跳過 (Advance-Pet-Food.html)
[2026-08-25 08:13:16]   ↳ 已存在，跳過 (Advance-Pet-Food.html)
[2026-08-25 08:13:16] [82/104] Anna Maria Studio | http://annamstudio.com/
[2026-08-25 08:13:16] [82/104] Anna Maria Studio | http://annamstudio.com/
[2026-08-25 08:13:16]   ↳ 已存在，跳過 (Anna-Maria-Studio.html)
[2026-08-25 08:13:16]   ↳ 已存在，跳過 (Anna-Maria-Studio.html)
[2026-08-25 08:13:16] [83/104] 1984 HAIR SALON | https://1984hairsalon.wixsite.com/1984-hairsalon
[2026-08-25 08:13:16] [83/104] 1984 HAIR SALON | https://1984hairsalon.wixsite.com/1984-hairsalon
[2026-08-25 08:13:16]   ↳ 已存在，跳過 (1984-HAIR-SALON.html)
[2026-08-25 08:13:16]   ↳ 已存在，跳過 (1984-HAIR-SALON.html)
[2026-08-25 08:13:16] [84/104] Bulls PPF 専門店 | https://www.ppf.com.hk/
[2026-08-25 08:13:16] [84/104] Bulls PPF 専門店 | https://www.ppf.com.hk/
[2026-08-25 08:13:16]   ↳ 已存在，跳過 (Bulls-PPF-専門店.html)
[2026-08-25 08:13:16]   ↳ 已存在，跳過 (Bulls-PPF-専門店.html)
[2026-08-25 08:13:16] [85/104] LEEKAJA X AMONG Hair Salon Cen | https://www.leekaja.hk/
[2026-08-25 08:13:16] [85/104] LEEKAJA X AMONG Hair Salon Cen | https://www.leekaja.hk/
[2026-08-25 08:13:16]   ↳ 已存在，跳過 (LEEKAJA-X-AMONG-Hair-Salon-Century-Square-in-Hongkong-한국-미용실.html)
[2026-08-25 08:13:16]   ↳ 已存在，跳過 (LEEKAJA-X-AMONG-Hair-Salon-Century-Square-in-Hongkong-한국-미용실.html)
[2026-08-25 08:13:16] [86/104] MEGAPET (Kowloon City Shop) | http://www.megapet.com.hk/
[2026-08-25 08:13:16] [86/104] MEGAPET (Kowloon City Shop) | http://www.megapet.com.hk/
[2026-08-25 08:13:16]   ↳ 已存在，跳過 (MEGAPET-Kowloon-City-Shop.html)
[2026-08-25 08:13:16]   ↳ 已存在，跳過 (MEGAPET-Kowloon-City-Shop.html)
[2026-08-25 08:13:16] [87/104] 仁健牙科 Nixon Dental (太子牙醫/旺角牙醫/洗 | http://www.nixondental.com/
[2026-08-25 08:13:16] [87/104] 仁健牙科 Nixon Dental (太子牙醫/旺角牙醫/洗 | http://www.nixondental.com/
[2026-08-25 08:13:16]   ↳ 已存在，跳過 (仁健牙科-Nixon-Dental-太子牙醫-旺角牙醫-洗牙-補牙-種牙-植牙-杜牙根-智慧齒-箍牙-Invisalig.html)
[2026-08-25 08:13:16]   ↳ 已存在，跳過 (仁健牙科-Nixon-Dental-太子牙醫-旺角牙醫-洗牙-補牙-種牙-植牙-杜牙根-智慧齒-箍牙-Invisalig.html)
[2026-08-25 08:13:16] [88/104] 香港車房及汽車維修 | CarService.hk | https://www.carservice.hk/zh-hk
[2026-08-25 08:13:16] [88/104] 香港車房及汽車維修 | CarService.hk | https://www.carservice.hk/zh-hk
[2026-08-25 08:13:16]   ↳ 已存在，跳過 (香港車房及汽車維修-CarService.hk.html)
[2026-08-25 08:13:16]   ↳ 已存在，跳過 (香港車房及汽車維修-CarService.hk.html)
[2026-08-25 08:13:16] [89/104] 24小時 上門汽車維修保養服務 | https://garage-hk.com/onsite.php
[2026-08-25 08:13:16] [89/104] 24小時 上門汽車維修保養服務 | https://garage-hk.com/onsite.php
[2026-08-25 08:13:16]   ↳ 已存在，跳過 (24小時-上門汽車維修保養服務.html)
[2026-08-25 08:13:16]   ↳ 已存在，跳過 (24小時-上門汽車維修保養服務.html)
[2026-08-25 08:13:16] [90/104] 保養及維修服務 - Dchmsc | https://www.dchmsc.com/zh/maintenance-repair
[2026-08-25 08:13:16] [90/104] 保養及維修服務 - Dchmsc | https://www.dchmsc.com/zh/maintenance-repair
[2026-08-25 08:13:16]   ↳ 已存在，跳過 (保養及維修服務---Dchmsc.html)
[2026-08-25 08:13:16]   ↳ 已存在，跳過 (保養及維修服務---Dchmsc.html)
[2026-08-25 08:13:16] [91/104] Carro Care | https://carro.co/hk/zh-hant-hk/carro-care
[2026-08-25 08:13:16] [91/104] Carro Care | https://carro.co/hk/zh-hant-hk/carro-care
[2026-08-25 08:13:16]   ↳ 已存在，跳過 (Carro-Care.html)
[2026-08-25 08:13:16]   ↳ 已存在，跳過 (Carro-Care.html)
[2026-08-25 08:13:16] [92/104] 車師傅 - 全港認證車師傅總匯 | https://www.mastercar.hk/
[2026-08-25 08:13:16] [92/104] 車師傅 - 全港認證車師傅總匯 | https://www.mastercar.hk/
[2026-08-25 08:13:16]   ↳ 已存在，跳過 (車師傅---全港認證車師傅總匯.html)
[2026-08-25 08:13:16]   ↳ 已存在，跳過 (車師傅---全港認證車師傅總匯.html)
[2026-08-25 08:13:16] [93/104] 堅記車房平台 | https://www.kinkeecar.com/
[2026-08-25 08:13:16] [93/104] 堅記車房平台 | https://www.kinkeecar.com/
[2026-08-25 08:13:16]   ↳ 已存在，跳過 (堅記車房平台.html)
[2026-08-25 08:13:16]   ↳ 已存在，跳過 (堅記車房平台.html)
[2026-08-25 08:13:16] [94/104] 汽車保養及汽車維修 | CarService.hk | https://www.carservice.hk/zh-hk/services/car-servicing
[2026-08-25 08:13:16] [94/104] 汽車保養及汽車維修 | CarService.hk | https://www.carservice.hk/zh-hk/services/car-servicing
[2026-08-25 08:13:16]   ↳ 已存在，跳過 (汽車保養及汽車維修-CarService.hk.html)
[2026-08-25 08:13:16]   ↳ 已存在，跳過 (汽車保養及汽車維修-CarService.hk.html)
[2026-08-25 08:13:16] [95/104] 汽車維修 - Anyone | https://www.anyonehk.com/%E6%B1%BD%E8%BB%8A%E7%B6%AD%E4%BF%AE/
[2026-08-25 08:13:16] [95/104] 汽車維修 - Anyone | https://www.anyonehk.com/%E6%B1%BD%E8%BB%8A%E7%B6%AD%E4%BF%AE/
[2026-08-25 08:13:16]   ↳ 已存在，跳過 (汽車維修---Anyone.html)
[2026-08-25 08:13:16]   ↳ 已存在，跳過 (汽車維修---Anyone.html)
[2026-08-25 08:13:16] [96/104] 香港汽車維修公司名錄 - 新成立/注册及已更改名称的公司名单 | https://hkg.databasesets.com/zh-hant/gongsimingdan/type/Motor_Service
[2026-08-25 08:13:16] [96/104] 香港汽車維修公司名錄 - 新成立/注册及已更改名称的公司名单 | https://hkg.databasesets.com/zh-hant/gongsimingdan/type/Motor_Service
[2026-08-25 08:13:16]   ↳ 已存在，跳過 (香港汽車維修公司名錄---新成立-注册及已更改名称的公司名单.html)
[2026-08-25 08:13:16]   ↳ 已存在，跳過 (香港汽車維修公司名錄---新成立-注册及已更改名称的公司名单.html)
[2026-08-25 08:13:16] [97/104] 汽車服務公司 - Driver.com.hk | https://www.driver.com.hk/service
[2026-08-25 08:13:16] [97/104] 汽車服務公司 - Driver.com.hk | https://www.driver.com.hk/service
[2026-08-25 08:13:16]   ↳ 已存在，跳過 (汽車服務公司---Driver.com.hk.html)
[2026-08-25 08:13:16]   ↳ 已存在，跳過 (汽車服務公司---Driver.com.hk.html)
[2026-08-25 08:13:16] [98/104] 最佳香港花店推介 送花訂花好去處/網上買花 | https://www.timeout.com.hk/hong-kong/hk/%E8%B3%BC%E7%89%A9/%E6%9C%80%E4%BD%B3%E9%A6%99%E6%B8%AF%E8%8A%B1%E5%BA%97%E6%8E%A8%E4%BB%8B-%E9%80%81%E8%8A%B1%E8%A8%82%E8%8A%B1%E5%A5%BD%E5%8E%BB%E8%99%95-%E7%B6%B2%E4%B8%8A%E8%B2%B7%E8%8A%B1
[2026-08-25 08:13:16] [98/104] 最佳香港花店推介 送花訂花好去處/網上買花 | https://www.timeout.com.hk/hong-kong/hk/%E8%B3%BC%E7%89%A9/%E6%9C%80%E4%BD%B3%E9%A6%99%E6%B8%AF%E8%8A%B1%E5%BA%97%E6%8E%A8%E4%BB%8B-%E9%80%81%E8%8A%B1%E8%A8%82%E8%8A%B1%E5%A5%BD%E5%8E%BB%E8%99%95-%E7%B6%B2%E4%B8%8A%E8%B2%B7%E8%8A%B1
[2026-08-25 08:13:16]   ↳ 已存在，跳過 (最佳香港花店推介-送花訂花好去處-網上買花.html)
[2026-08-25 08:13:16]   ↳ 已存在，跳過 (最佳香港花店推介-送花訂花好去處-網上買花.html)
[2026-08-25 08:13:16] [99/104] HK Florist Directory | https://zh-hk.hk-florist.org/hk-florist-directory/
[2026-08-25 08:13:16] [99/104] HK Florist Directory | https://zh-hk.hk-florist.org/hk-florist-directory/
[2026-08-25 08:13:16]   ↳ 已存在，跳過 (HK-Florist-Directory.html)
[2026-08-25 08:13:16]   ↳ 已存在，跳過 (HK-Florist-Directory.html)
[2026-08-25 08:13:16] [100/104] 主頁 | https://shunkeeflowers.com.hk/
[2026-08-25 08:13:16] [100/104] 主頁 | https://shunkeeflowers.com.hk/
[2026-08-25 08:13:16]   ↳ 已存在，跳過 (主頁.html)
[2026-08-25 08:13:16]   ↳ 已存在，跳過 (主頁.html)
[2026-08-25 08:13:16] [101/104] Kushiro | http://www.kushiro.com.hk/
[2026-08-25 08:13:16] [101/104] Kushiro | http://www.kushiro.com.hk/
[2026-08-25 08:13:16]   ↳ 已存在，跳過 (Kushiro.html)
[2026-08-25 08:13:16]   ↳ 已存在，跳過 (Kushiro.html)
[2026-08-25 08:13:16] [102/104] PETNAR LIVING 裝修工程 室內設計 傢俬訂製 | https://petnar-living.com/interior-design/
[2026-08-25 08:13:16] [102/104] PETNAR LIVING 裝修工程 室內設計 傢俬訂製 | https://petnar-living.com/interior-design/
[2026-08-25 08:13:16]   ↳ 已存在，跳過 (PETNAR-LIVING-裝修工程-室內設計-傢俬訂製.html)
[2026-08-25 08:13:16]   ↳ 已存在，跳過 (PETNAR-LIVING-裝修工程-室內設計-傢俬訂製.html)
[2026-08-25 08:13:16] [103/104] 太子中学補習社 - 立方教育 | https://www.ilearndse.com/
[2026-08-25 08:13:16] [103/104] 太子中学補習社 - 立方教育 | https://www.ilearndse.com/
[2026-08-25 08:13:16]   ↳ 已存在，跳過 (太子中学補習社---立方教育.html)
[2026-08-25 08:13:16]   ↳ 已存在，跳過 (太子中学補習社---立方教育.html)
[2026-08-25 08:13:16] [104/104] Speedycat Photo Studio | https://www.speedycat.com.hk/
[2026-08-25 08:13:16] [104/104] Speedycat Photo Studio | https://www.speedycat.com.hk/
[2026-08-25 08:13:16]   ↳ 已存在，跳過 (Speedycat-Photo-Studio.html)
[2026-08-25 08:13:16]   ↳ 已存在，跳過 (Speedycat-Photo-Studio.html)
[2026-08-25 08:13:16] == 完成 ==
[2026-08-25 08:13:16] == 完成 ==
[2026-08-25 08:13:16] 成功 104 個，失敗 0 個
[2026-08-25 08:13:16] 成功 104 個，失敗 0 個

── 失敗清單 ──
[2026-08-25 08:13:16] == 開始為 0 間「沒網站但有聯絡」的商家建立一頁式網頁 → /home/ubuntu/.mok/html/project/MokCs ==
[2026-08-25 08:13:16] == 開始為 0 間「沒網站但有聯絡」的商家建立一頁式網頁 → /home/ubuntu/.mok/html/project/MokCs ==
[2026-08-25 08:13:16] == 一頁式網頁完成：0/0 ==
[2026-08-25 08:13:16] == 一頁式網頁完成：0/0 ==
[2026-08-25 08:43:11]   過濾：105 間 → 保留 105 間有 WhatsApp/Email 的商家
[2026-08-25 08:43:11]   過濾：105 間 → 保留 105 間有 WhatsApp/Email 的商家
[2026-08-25 08:43:11] == 開始克隆 105 個商家首頁 → /home/ubuntu/.mok/html/project/MokCs ==
[2026-08-25 08:43:11] == 開始克隆 105 個商家首頁 → /home/ubuntu/.mok/html/project/MokCs ==
[2026-08-25 08:43:11] [1/105] Hutong | https://hutong.com.hk/
[2026-08-25 08:43:11] [1/105] Hutong | https://hutong.com.hk/
[2026-08-25 08:43:11]   ↳ 已存在，跳過 (Hutong.html)
[2026-08-25 08:43:11]   ↳ 已存在，跳過 (Hutong.html)
[2026-08-25 08:43:11] [2/105] The Chairman Restaurant | https://www.thechairmangroup.com/
[2026-08-25 08:43:11] [2/105] The Chairman Restaurant | https://www.thechairmangroup.com/
[2026-08-25 08:43:11]   ↳ 已存在，跳過 (The-Chairman-Restaurant.html)
[2026-08-25 08:43:11]   ↳ 已存在，跳過 (The-Chairman-Restaurant.html)
[2026-08-25 08:43:11] [3/105] 南蛮亭香港店 | http://nanbantei.com.hk/
[2026-08-25 08:43:11] [3/105] 南蛮亭香港店 | http://nanbantei.com.hk/
[2026-08-25 08:43:11]   ↳ 已存在，跳過 (南蛮亭香港店.html)
[2026-08-25 08:43:11]   ↳ 已存在，跳過 (南蛮亭香港店.html)
[2026-08-25 08:43:11] [4/105] 添好運點心專賣店 | https://www.timhowan.com.hk/
[2026-08-25 08:43:11] [4/105] 添好運點心專賣店 | https://www.timhowan.com.hk/
[2026-08-25 08:43:11]   ↳ 已存在，跳過 (添好運點心專賣店.html)
[2026-08-25 08:43:11]   ↳ 已存在，跳過 (添好運點心專賣店.html)
[2026-08-25 08:43:11] [5/105] La Petite Maison (LPM) Hong Ko | https://lpmrestaurants.com/hongkong/
[2026-08-25 08:43:11] [5/105] La Petite Maison (LPM) Hong Ko | https://lpmrestaurants.com/hongkong/
[2026-08-25 08:43:11]   ↳ 已存在，跳過 (La-Petite-Maison-LPM-Hong-Kong.html)
[2026-08-25 08:43:11]   ↳ 已存在，跳過 (La-Petite-Maison-LPM-Hong-Kong.html)
[2026-08-25 08:43:11] [6/105] Glow Hong Kong | https://www.glowspa.hk/
[2026-08-25 08:43:11] [6/105] Glow Hong Kong | https://www.glowspa.hk/
[2026-08-25 08:43:11]   ↳ 已存在，跳過 (Glow-Hong-Kong.html)
[2026-08-25 08:43:11]   ↳ 已存在，跳過 (Glow-Hong-Kong.html)
[2026-08-25 08:43:11] [7/105] Mó The Slow Bloom | https://www.mo-hk.com/
[2026-08-25 08:43:11] [7/105] Mó The Slow Bloom | https://www.mo-hk.com/
[2026-08-25 08:43:11]   ↳ 已存在，跳過 (Mó-The-Slow-Bloom.html)
[2026-08-25 08:43:11]   ↳ 已存在，跳過 (Mó-The-Slow-Bloom.html)
[2026-08-25 08:43:11] [8/105] Lux Medical 医繊美 | https://www.luxbeauty.hk/
[2026-08-25 08:43:11] [8/105] Lux Medical 医繊美 | https://www.luxbeauty.hk/
[2026-08-25 08:43:11]   ↳ 已存在，跳過 (Lux-Medical-医繊美.html)
[2026-08-25 08:43:11]   ↳ 已存在，跳過 (Lux-Medical-医繊美.html)
[2026-08-25 08:43:11] [9/105] 114HAIR | http://www.114hair.com/
[2026-08-25 08:43:11] [9/105] 114HAIR | http://www.114hair.com/
[2026-08-25 08:43:11]   ↳ 已存在，跳過 (114HAIR.html)
[2026-08-25 08:43:11]   ↳ 已存在，跳過 (114HAIR.html)
[2026-08-25 08:43:11] [10/105] Love Hair | http://www.lovehairhk.com/
[2026-08-25 08:43:11] [10/105] Love Hair | http://www.lovehairhk.com/
[2026-08-25 08:43:11]   ↳ 已存在，跳過 (Love-Hair.html)
[2026-08-25 08:43:11]   ↳ 已存在，跳過 (Love-Hair.html)
[2026-08-25 08:43:11] [11/105] TONI&GUY HK | http://www.toniandguyhk.com/
[2026-08-25 08:43:11] [11/105] TONI&GUY HK | http://www.toniandguyhk.com/
[2026-08-25 08:43:11]   ↳ 已存在，跳過 (TONIGUY-HK.html)
[2026-08-25 08:43:11]   ↳ 已存在，跳過 (TONIGUY-HK.html)
[2026-08-25 08:43:11] [12/105] iMPROVE HAiR-尖沙咀salon 尖沙咀剪髮 尖沙 | http://www.ihair.com.hk/
[2026-08-25 08:43:11] [12/105] iMPROVE HAiR-尖沙咀salon 尖沙咀剪髮 尖沙 | http://www.ihair.com.hk/
[2026-08-25 08:43:11]   ↳ 已存在，跳過 (iMPROVE-HAiR-尖沙咀salon-尖沙咀剪髮-尖沙咀髮廊-尖沙咀中藥染髮-尖沙咀假髮-尖沙咀頭皮護理.html)
[2026-08-25 08:43:11]   ↳ 已存在，跳過 (iMPROVE-HAiR-尖沙咀salon-尖沙咀剪髮-尖沙咀髮廊-尖沙咀中藥染髮-尖沙咀假髮-尖沙咀頭皮護理.html)
[2026-08-25 08:43:11] [13/105] 金澱装修工程有限公司 | https://www.palaceengineeringltd.com/
[2026-08-25 08:43:11] [13/105] 金澱装修工程有限公司 | https://www.palaceengineeringltd.com/
[2026-08-25 08:43:11]   ↳ 已存在，跳過 (金澱装修工程有限公司.html)
[2026-08-25 08:43:11]   ↳ 已存在，跳過 (金澱装修工程有限公司.html)
[2026-08-25 08:43:11] [14/105] 鋒主義 - 室內設計公司 | 室內裝修工程 | 工期 報價  | https://www.fungstyle.com.hk/
[2026-08-25 08:43:11] [14/105] 鋒主義 - 室內設計公司 | 室內裝修工程 | 工期 報價  | https://www.fungstyle.com.hk/
[2026-08-25 08:43:11]   ↳ 已存在，跳過 (鋒主義---室內設計公司-室內裝修工程-工期-報價-服務-三大保證.html)
[2026-08-25 08:43:11]   ↳ 已存在，跳過 (鋒主義---室內設計公司-室內裝修工程-工期-報價-服務-三大保證.html)
[2026-08-25 08:43:11] [15/105] 装修兄弟 | http://www.renobro.com.hk/
[2026-08-25 08:43:11] [15/105] 装修兄弟 | http://www.renobro.com.hk/
[2026-08-25 08:43:11]   ↳ 已存在，跳過 (装修兄弟.html)
[2026-08-25 08:43:11]   ↳ 已存在，跳過 (装修兄弟.html)
[2026-08-25 08:43:11] [16/105] 居屋皇 House king | 香港室内設計及装修公司 | http://housekinghk.com/
[2026-08-25 08:43:11] [16/105] 居屋皇 House king | 香港室内設計及装修公司 | http://housekinghk.com/
[2026-08-25 08:43:11]   ↳ 已存在，跳過 (居屋皇-House-king-香港室内設計及装修公司.html)
[2026-08-25 08:43:11]   ↳ 已存在，跳過 (居屋皇-House-king-香港室内設計及装修公司.html)
[2026-08-25 08:43:11] [17/105] Toby 裝修設計平台｜免費裝修報價｜香港裝修公司及室內設計 | https://www.hellotoby.com/zh-hk/id
[2026-08-25 08:43:11] [17/105] Toby 裝修設計平台｜免費裝修報價｜香港裝修公司及室內設計 | https://www.hellotoby.com/zh-hk/id
[2026-08-25 08:43:11]   ↳ 已存在，跳過 (Toby-裝修設計平台免費裝修報價香港裝修公司及室內設計公司.html)
[2026-08-25 08:43:11]   ↳ 已存在，跳過 (Toby-裝修設計平台免費裝修報價香港裝修公司及室內設計公司.html)
[2026-08-25 08:43:11] [18/105] PET HK - Mid Levels Edition | http://pethk.com/
[2026-08-25 08:43:11] [18/105] PET HK - Mid Levels Edition | http://pethk.com/
[2026-08-25 08:43:11]   ↳ 已存在，跳過 (PET-HK---Mid-Levels-Edition.html)
[2026-08-25 08:43:11]   ↳ 已存在，跳過 (PET-HK---Mid-Levels-Edition.html)
[2026-08-25 08:43:11] [19/105] Ruff & Fetch 拉夫寵物生活 (佐敦 Jordan | http://www.ruffandfetch.com/
[2026-08-25 08:43:11] [19/105] Ruff & Fetch 拉夫寵物生活 (佐敦 Jordan | http://www.ruffandfetch.com/
[2026-08-25 08:43:11]   ↳ 已存在，跳過 (Ruff--Fetch-拉夫寵物生活-佐敦-Jordan.html)
[2026-08-25 08:43:11]   ↳ 已存在，跳過 (Ruff--Fetch-拉夫寵物生活-佐敦-Jordan.html)
[2026-08-25 08:43:11] [20/105] HKTA香港導師会 | https://www.hkta.edu.hk/
[2026-08-25 08:43:11] [20/105] HKTA香港導師会 | https://www.hkta.edu.hk/
[2026-08-25 08:43:11]   ↳ 已存在，跳過 (HKTA香港導師会.html)
[2026-08-25 08:43:11]   ↳ 已存在，跳過 (HKTA香港導師会.html)
[2026-08-25 08:43:11] [21/105] 騎士数学 Knight Mathematics - Band | https://knightmaths.edu.hk/
[2026-08-25 08:43:11] [21/105] 騎士数学 Knight Mathematics - Band | https://knightmaths.edu.hk/
[2026-08-25 08:43:11]   ↳ 已存在，跳過 (騎士数学-Knight-Mathematics---Band-1-DSE-数学補習社.html)
[2026-08-25 08:43:11]   ↳ 已存在，跳過 (騎士数学-Knight-Mathematics---Band-1-DSE-数学補習社.html)
[2026-08-25 08:43:11] [22/105] 香港文化教育中心 | https://docs.google.com/forms/d/e/1FAIpQLSdjgsQlR4w8ZgKgE9RgAUPsPwrZzAZpo5SCULDDOgygEdeDnQ/viewform
[2026-08-25 08:43:11] [22/105] 香港文化教育中心 | https://docs.google.com/forms/d/e/1FAIpQLSdjgsQlR4w8ZgKgE9RgAUPsPwrZzAZpo5SCULDDOgygEdeDnQ/viewform
[2026-08-25 08:43:11]   ↳ 已存在，跳過 (香港文化教育中心.html)
[2026-08-25 08:43:11]   ↳ 已存在，跳過 (香港文化教育中心.html)
[2026-08-25 08:43:11] [23/105] GETUTOR 香港導師総会｜上門補習中介平台｜私補導師推介 | https://www.getutor.com.hk/
[2026-08-25 08:43:11] [23/105] GETUTOR 香港導師総会｜上門補習中介平台｜私補導師推介 | https://www.getutor.com.hk/
[2026-08-25 08:43:11]   ↳ 已存在，跳過 (GETUTOR-香港導師総会上門補習中介平台私補導師推介Private-Tutors-AgencyIB-IGCSE-A.html)
[2026-08-25 08:43:11]   ↳ 已存在，跳過 (GETUTOR-香港導師総会上門補習中介平台私補導師推介Private-Tutors-AgencyIB-IGCSE-A.html)
[2026-08-25 08:43:11] [24/105] 英博教学中心 - 数学中文英文補習 - 中小学補習社 | https://eplc.edu.hk/
[2026-08-25 08:43:11] [24/105] 英博教学中心 - 数学中文英文補習 - 中小学補習社 | https://eplc.edu.hk/
[2026-08-25 08:43:11]   ↳ 已存在，跳過 (英博教学中心---数学中文英文補習---中小学補習社.html)
[2026-08-25 08:43:11]   ↳ 已存在，跳過 (英博教学中心---数学中文英文補習---中小学補習社.html)
[2026-08-25 08:43:11] [25/105] 進研教育 - 英文中文数学補習社 | https://joinin-education.com/
[2026-08-25 08:43:11] [25/105] 進研教育 - 英文中文数学補習社 | https://joinin-education.com/
[2026-08-25 08:43:11]   ↳ 已存在，跳過 (進研教育---英文中文数学補習社.html)
[2026-08-25 08:43:11]   ↳ 已存在，跳過 (進研教育---英文中文数学補習社.html)
[2026-08-25 08:43:11] [26/105] 學斯教育(灣仔) | http://hoksi-edu.com/
[2026-08-25 08:43:11] [26/105] 學斯教育(灣仔) | http://hoksi-edu.com/
[2026-08-25 08:43:11]   ↳ 已存在，跳過 (學斯教育灣仔.html)
[2026-08-25 08:43:11]   ↳ 已存在，跳過 (學斯教育灣仔.html)
[2026-08-25 08:43:11] [27/105] 補習社｜学博教育 Learn Smart Education | https://learnsmart.edu.hk/
[2026-08-25 08:43:11] [27/105] 補習社｜学博教育 Learn Smart Education | https://learnsmart.edu.hk/
[2026-08-25 08:43:11]   ↳ 已存在，跳過 (補習社学博教育-Learn-Smart-Education.html)
[2026-08-25 08:43:11]   ↳ 已存在，跳過 (補習社学博教育-Learn-Smart-Education.html)
[2026-08-25 08:43:11] [28/105] 24/7 Fitness Central | http://247.fitness/
[2026-08-25 08:43:11] [28/105] 24/7 Fitness Central | http://247.fitness/
[2026-08-25 08:43:11]   ↳ 已存在，跳過 (24-7-Fitness-Central.html)
[2026-08-25 08:43:11]   ↳ 已存在，跳過 (24-7-Fitness-Central.html)
[2026-08-25 08:43:11] [29/105] 啓弘牙科（旺角店）丨九龍/旺角牙医/智慧歯/箍牙/隠式美/全 | https://omnesdental.com/
[2026-08-25 08:43:11] [29/105] 啓弘牙科（旺角店）丨九龍/旺角牙医/智慧歯/箍牙/隠式美/全 | https://omnesdental.com/
[2026-08-25 08:43:11]   ↳ 已存在，跳過 (啓弘牙科旺角店丨九龍-旺角牙医-智慧歯-箍牙-隠式美-全方位牙科服務-専業治療牙痛-種植牙-補牙-剥牙-洗牙.html)
[2026-08-25 08:43:11]   ↳ 已存在，跳過 (啓弘牙科旺角店丨九龍-旺角牙医-智慧歯-箍牙-隠式美-全方位牙科服務-専業治療牙痛-種植牙-補牙-剥牙-洗牙.html)
[2026-08-25 08:43:11] [30/105] Smith & Jain Dentists 史密夫和鄭牙醫診 | https://smithandjaindentists.com/
[2026-08-25 08:43:11] [30/105] Smith & Jain Dentists 史密夫和鄭牙醫診 | https://smithandjaindentists.com/
[2026-08-25 08:43:11]   ↳ 已存在，跳過 (Smith--Jain-Dentists-史密夫和鄭牙醫診所.html)
[2026-08-25 08:43:11]   ↳ 已存在，跳過 (Smith--Jain-Dentists-史密夫和鄭牙醫診所.html)
[2026-08-25 08:43:11] [31/105] Home Dental (Tsim Sha Tsui Bra | https://homedentalhk.com/cn/contact-us/tst
[2026-08-25 08:43:11] [31/105] Home Dental (Tsim Sha Tsui Bra | https://homedentalhk.com/cn/contact-us/tst
[2026-08-25 08:43:11]   ↳ 已存在，跳過 (Home-Dental-Tsim-Sha-Tsui-Branch.html)
[2026-08-25 08:43:11]   ↳ 已存在，跳過 (Home-Dental-Tsim-Sha-Tsui-Branch.html)
[2026-08-25 08:43:11] [32/105] 伍裕彤牙医 | https://trucaredental.hk/
[2026-08-25 08:43:11] [32/105] 伍裕彤牙医 | https://trucaredental.hk/
[2026-08-25 08:43:11]   ↳ 已存在，跳過 (伍裕彤牙医.html)
[2026-08-25 08:43:11]   ↳ 已存在，跳過 (伍裕彤牙医.html)
[2026-08-25 08:43:11] [33/105] Home Dental | https://homedentalhk.com/cn/contact-us/cwb
[2026-08-25 08:43:11] [33/105] Home Dental | https://homedentalhk.com/cn/contact-us/cwb
[2026-08-25 08:43:11]   ↳ 已存在，跳過 (Home-Dental.html)
[2026-08-25 08:43:11]   ↳ 已存在，跳過 (Home-Dental.html)
[2026-08-25 08:43:11] [34/105] T.O.P Dental by Family Smile L | http://www.topdental.hk/
[2026-08-25 08:43:11] [34/105] T.O.P Dental by Family Smile L | http://www.topdental.hk/
[2026-08-25 08:43:11]   ↳ 已存在，跳過 (T.O.P-Dental-by-Family-Smile-Ltd-香港牙科醫療集團-旺角太子牙醫中心.html)
[2026-08-25 08:43:11]   ↳ 已存在，跳過 (T.O.P-Dental-by-Family-Smile-Ltd-香港牙科醫療集團-旺角太子牙醫中心.html)
[2026-08-25 08:43:11] [35/105] Metro Dental 城健総合牙科医療中心 | https://www.metrodental.com.hk/
[2026-08-25 08:43:11] [35/105] Metro Dental 城健総合牙科医療中心 | https://www.metrodental.com.hk/
[2026-08-25 08:43:11]   ↳ 已存在，跳過 (Metro-Dental-城健総合牙科医療中心.html)
[2026-08-25 08:43:11]   ↳ 已存在，跳過 (Metro-Dental-城健総合牙科医療中心.html)
[2026-08-25 08:43:11] [36/105] 大国手 汽車車身維修 Grand Tycoon Automo | http://grandtycoon.com/
[2026-08-25 08:43:11] [36/105] 大国手 汽車車身維修 Grand Tycoon Automo | http://grandtycoon.com/
[2026-08-25 08:43:11]   ↳ 已存在，跳過 (大国手-汽車車身維修-Grand-Tycoon-Automotive-Repair-Shop.html)
[2026-08-25 08:43:11]   ↳ 已存在，跳過 (大国手-汽車車身維修-Grand-Tycoon-Automotive-Repair-Shop.html)
[2026-08-25 08:43:11] [37/105] AutoMate | Sham Shui Po Shop | https://www.automate-app.com/auto-shop
[2026-08-25 08:43:11] [37/105] AutoMate | Sham Shui Po Shop | https://www.automate-app.com/auto-shop
[2026-08-25 08:43:11]   ↳ 已存在，跳過 (AutoMate-Sham-Shui-Po-Shop.html)
[2026-08-25 08:43:11]   ↳ 已存在，跳過 (AutoMate-Sham-Shui-Po-Shop.html)
[2026-08-25 08:43:11] [38/105] Carol Garage Limited | http://www.carolgarage.com.hk/
[2026-08-25 08:43:11] [38/105] Carol Garage Limited | http://www.carolgarage.com.hk/
[2026-08-25 08:43:11]   ↳ 已存在，跳過 (Carol-Garage-Limited.html)
[2026-08-25 08:43:11]   ↳ 已存在，跳過 (Carol-Garage-Limited.html)
[2026-08-25 08:43:11] [39/105] 八方汽車 | Power Moto Limited | http://www.power-moto.hk/
[2026-08-25 08:43:11] [39/105] 八方汽車 | Power Moto Limited | http://www.power-moto.hk/
[2026-08-25 08:43:11]   ↳ 已存在，跳過 (八方汽車-Power-Moto-Limited.html)
[2026-08-25 08:43:11]   ↳ 已存在，跳過 (八方汽車-Power-Moto-Limited.html)
[2026-08-25 08:43:11] [40/105] Flow & Roll Laundry 自助洗衣 (中環 C | https://flowandroll.com/
[2026-08-25 08:43:11] [40/105] Flow & Roll Laundry 自助洗衣 (中環 C | https://flowandroll.com/
[2026-08-25 08:43:11]   ↳ 已存在，跳過 (Flow--Roll-Laundry-自助洗衣-中環-Central.html)
[2026-08-25 08:43:11]   ↳ 已存在，跳過 (Flow--Roll-Laundry-自助洗衣-中環-Central.html)
[2026-08-25 08:43:11] [41/105] 初洗 First Laundry 觀塘24小時自助洗衣店 | https://wa.me/85268716550
[2026-08-25 08:43:11] [41/105] 初洗 First Laundry 觀塘24小時自助洗衣店 | https://wa.me/85268716550
[2026-08-25 08:43:11]   ↳ 已存在，跳過 (初洗-First-Laundry-觀塘24小時自助洗衣店.html)
[2026-08-25 08:43:11]   ↳ 已存在，跳過 (初洗-First-Laundry-觀塘24小時自助洗衣店.html)
[2026-08-25 08:43:11] [42/105] 水漾衣坊 water laundry | https://whalewashmk.hk/
[2026-08-25 08:43:11] [42/105] 水漾衣坊 water laundry | https://whalewashmk.hk/
[2026-08-25 08:43:11]   ↳ 已存在，跳過 (水漾衣坊-water-laundry.html)
[2026-08-25 08:43:11]   ↳ 已存在，跳過 (水漾衣坊-water-laundry.html)
[2026-08-25 08:43:11] [43/105] FLORISTRY by ART OF LIVING | http://www.floristrybyartofliving.com/
[2026-08-25 08:43:11] [43/105] FLORISTRY by ART OF LIVING | http://www.floristrybyartofliving.com/
[2026-08-25 08:43:11]   ↳ 已存在，跳過 (FLORISTRY-by-ART-OF-LIVING.html)
[2026-08-25 08:43:11]   ↳ 已存在，跳過 (FLORISTRY-by-ART-OF-LIVING.html)
[2026-08-25 08:43:11] [44/105] 花籃 450 - Flower 450 | https://flower450.com/
[2026-08-25 08:43:11] [44/105] 花籃 450 - Flower 450 | https://flower450.com/
[2026-08-25 08:43:11]   ↳ 已存在，跳過 (花籃-450---Flower-450.html)
[2026-08-25 08:43:11]   ↳ 已存在，跳過 (花籃-450---Flower-450.html)
[2026-08-25 08:43:11] [45/105] 優之花鋪-U Flower Shop | https://www.uflowershop.com/
[2026-08-25 08:43:11] [45/105] 優之花鋪-U Flower Shop | https://www.uflowershop.com/
[2026-08-25 08:43:11]   ↳ 已存在，跳過 (優之花鋪-U-Flower-Shop.html)
[2026-08-25 08:43:11]   ↳ 已存在，跳過 (優之花鋪-U-Flower-Shop.html)
[2026-08-25 08:43:11] [46/105] Eternal Flora hk | https://www.eternalflorahk.com/
[2026-08-25 08:43:11] [46/105] Eternal Flora hk | https://www.eternalflorahk.com/
[2026-08-25 08:43:11]   ↳ 已存在，跳過 (Eternal-Flora-hk.html)
[2026-08-25 08:43:11]   ↳ 已存在，跳過 (Eternal-Flora-hk.html)
[2026-08-25 08:43:11] [47/105] FDHK - Flower Delivery Hong Ko | https://flowerdeliveryhongkong.com/
[2026-08-25 08:43:11] [47/105] FDHK - Flower Delivery Hong Ko | https://flowerdeliveryhongkong.com/
[2026-08-25 08:43:11]   ↳ 已存在，跳過 (FDHK---Flower-Delivery-Hong-Kong.html)
[2026-08-25 08:43:11]   ↳ 已存在，跳過 (FDHK---Flower-Delivery-Hong-Kong.html)
[2026-08-25 08:43:11] [48/105] Joseph Photo 香港專業攝影工作室 | https://josephphoto.hk/
[2026-08-25 08:43:11] [48/105] Joseph Photo 香港專業攝影工作室 | https://josephphoto.hk/
[2026-08-25 08:43:11]   ↳ 已存在，跳過 (Joseph-Photo-香港專業攝影工作室.html)
[2026-08-25 08:43:11]   ↳ 已存在，跳過 (Joseph-Photo-香港專業攝影工作室.html)
[2026-08-25 08:43:11] [49/105] Majesty Professional Photo殿堂館- | https://www.majestyprofessional.com/
[2026-08-25 08:43:11] [49/105] Majesty Professional Photo殿堂館- | https://www.majestyprofessional.com/
[2026-08-25 08:43:11]   ↳ 已存在，跳過 (Majesty-Professional-Photo殿堂館-專業照首選.html)
[2026-08-25 08:43:11]   ↳ 已存在，跳過 (Majesty-Professional-Photo殿堂館-專業照首選.html)
[2026-08-25 08:43:11] [50/105] Owl Photo Studio 貓頭鷹照相館 | https://www.owlphoto.hk/
[2026-08-25 08:43:11] [50/105] Owl Photo Studio 貓頭鷹照相館 | https://www.owlphoto.hk/
[2026-08-25 08:43:11]   ↳ 已存在，跳過 (Owl-Photo-Studio-貓頭鷹照相館.html)
[2026-08-25 08:43:11]   ↳ 已存在，跳過 (Owl-Photo-Studio-貓頭鷹照相館.html)
[2026-08-25 08:43:11] [51/105] Yat Tung Heen - Eaton HK | https://www.yattungheen.com/
[2026-08-25 08:43:11] [51/105] Yat Tung Heen - Eaton HK | https://www.yattungheen.com/
[2026-08-25 08:43:11]   ↳ 已存在，跳過 (Yat-Tung-Heen---Eaton-HK.html)
[2026-08-25 08:43:11]   ↳ 已存在，跳過 (Yat-Tung-Heen---Eaton-HK.html)
[2026-08-25 08:43:11] [52/105] Hair Quest Hair salon Central | https://www.hairquest-hk.com/
[2026-08-25 08:43:11] [52/105] Hair Quest Hair salon Central | https://www.hairquest-hk.com/
[2026-08-25 08:43:11]   ↳ 已存在，跳過 (Hair-Quest-Hair-salon-Central.html)
[2026-08-25 08:43:11]   ↳ 已存在，跳過 (Hair-Quest-Hair-salon-Central.html)
[2026-08-25 08:43:11] [53/105] 天下猫猫一様猫 | https://www.catiscat.com.hk/
[2026-08-25 08:43:11] [53/105] 天下猫猫一様猫 | https://www.catiscat.com.hk/
[2026-08-25 08:43:11]   ↳ 已存在，跳過 (天下猫猫一様猫.html)
[2026-08-25 08:43:11]   ↳ 已存在，跳過 (天下猫猫一様猫.html)
[2026-08-25 08:43:11] [54/105] Bora beauty | https://bora.hk/
[2026-08-25 08:43:11] [54/105] Bora beauty | https://bora.hk/
[2026-08-25 08:43:11]   ↳ 已存在，跳過 (Bora-beauty.html)
[2026-08-25 08:43:11]   ↳ 已存在，跳過 (Bora-beauty.html)
[2026-08-25 08:43:11] [55/105] Dream Scenes Studio | http://dreamscenesstudio.com/
[2026-08-25 08:43:11] [55/105] Dream Scenes Studio | http://dreamscenesstudio.com/
[2026-08-25 08:43:11]   ↳ 已存在，跳過 (Dream-Scenes-Studio.html)
[2026-08-25 08:43:11]   ↳ 已存在，跳過 (Dream-Scenes-Studio.html)
[2026-08-25 08:43:11] [56/105] Dazzling Smile Dental Clinic 瑩 | https://dazzlingsmiledentalclinic.com/
[2026-08-25 08:43:11] [56/105] Dazzling Smile Dental Clinic 瑩 | https://dazzlingsmiledentalclinic.com/
[2026-08-25 08:43:11]   ↳ 已存在，跳過 (Dazzling-Smile-Dental-Clinic-瑩恩牙科診所.html)
[2026-08-25 08:43:11]   ↳ 已存在，跳過 (Dazzling-Smile-Dental-Clinic-瑩恩牙科診所.html)
[2026-08-25 08:43:11] [57/105] Family Smile Limited | http://www.familysmile.hk/
[2026-08-25 08:43:11] [57/105] Family Smile Limited | http://www.familysmile.hk/
[2026-08-25 08:43:11]   ↳ 已存在，跳過 (Family-Smile-Limited.html)
[2026-08-25 08:43:11]   ↳ 已存在，跳過 (Family-Smile-Limited.html)
[2026-08-25 08:43:11] [58/105] INDULGENCE hair & beauty salon | http://www.indulgence.hk/
[2026-08-25 08:43:11] [58/105] INDULGENCE hair & beauty salon | http://www.indulgence.hk/
[2026-08-25 08:43:11]   ↳ 已存在，跳過 (INDULGENCE-hair--beauty-salon.html)
[2026-08-25 08:43:11]   ↳ 已存在，跳過 (INDULGENCE-hair--beauty-salon.html)
[2026-08-25 08:43:11] [59/105] 花店 | 花束專家 | https://www.flowerbouquet.com.hk/
[2026-08-25 08:43:11] [59/105] 花店 | 花束專家 | https://www.flowerbouquet.com.hk/
[2026-08-25 08:43:11]   ↳ 已存在，跳過 (花店-花束專家.html)
[2026-08-25 08:43:11]   ↳ 已存在，跳過 (花店-花束專家.html)
[2026-08-25 08:43:11] [60/105] 網上訂花 ‧ 送花香港 | Fdhk 最高評分即日網上花店 | https://flowerdeliveryhongkong.com/zh
[2026-08-25 08:43:11] [60/105] 網上訂花 ‧ 送花香港 | Fdhk 最高評分即日網上花店 | https://flowerdeliveryhongkong.com/zh
[2026-08-25 08:43:11]   ↳ 已存在，跳過 (網上訂花--送花香港-Fdhk-最高評分即日網上花店.html)
[2026-08-25 08:43:11]   ↳ 已存在，跳過 (網上訂花--送花香港-Fdhk-最高評分即日網上花店.html)
[2026-08-25 08:43:11] [61/105] Rhine Flowers | https://rhineflowers.com/
[2026-08-25 08:43:11] [61/105] Rhine Flowers | https://rhineflowers.com/
[2026-08-25 08:43:11]   ↳ 已存在，跳過 (Rhine-Flowers.html)
[2026-08-25 08:43:11]   ↳ 已存在，跳過 (Rhine-Flowers.html)
[2026-08-25 08:43:11] [62/105] 香港花店｜網上訂花及送花｜Gift Flowers HK | https://giftflowers.com.hk/cn/
[2026-08-25 08:43:11] [62/105] 香港花店｜網上訂花及送花｜Gift Flowers HK | https://giftflowers.com.hk/cn/
[2026-08-25 08:43:11]   ↳ 已存在，跳過 (香港花店網上訂花及送花Gift-Flowers-HK.html)
[2026-08-25 08:43:11]   ↳ 已存在，跳過 (香港花店網上訂花及送花Gift-Flowers-HK.html)
[2026-08-25 08:43:12] [63/105] Flora Floriculture - 花店 | https://www.floraf.com.hk/
[2026-08-25 08:43:12] [63/105] Flora Floriculture - 花店 | https://www.floraf.com.hk/
[2026-08-25 08:43:12]   ↳ 已存在，跳過 (Flora-Floriculture---花店.html)
[2026-08-25 08:43:12]   ↳ 已存在，跳過 (Flora-Floriculture---花店.html)
[2026-08-25 08:43:12] [64/105] 香港花店 | https://www.mrsliuflorist.com/
[2026-08-25 08:43:12] [64/105] 香港花店 | https://www.mrsliuflorist.com/
[2026-08-25 08:43:12]   ↳ 已存在，跳過 (香港花店.html)
[2026-08-25 08:43:12]   ↳ 已存在，跳過 (香港花店.html)
[2026-08-25 08:43:12] [65/105] 網上花店| 網上訂花 | 即日送花 | HKfashop | https://hkfashop.com/
[2026-08-25 08:43:12] [65/105] 網上花店| 網上訂花 | 即日送花 | HKfashop | https://hkfashop.com/
[2026-08-25 08:43:12]   ↳ 已存在，跳過 (網上花店-網上訂花-即日送花-HKfashop.html)
[2026-08-25 08:43:12]   ↳ 已存在，跳過 (網上花店-網上訂花-即日送花-HKfashop.html)
[2026-08-25 08:43:12] [66/105] 【 送花】 ｜訂花｜Flowerbee Florist訂花束 | https://flowerbee-hk.com/zh
[2026-08-25 08:43:12] [66/105] 【 送花】 ｜訂花｜Flowerbee Florist訂花束 | https://flowerbee-hk.com/zh
[2026-08-25 08:43:12]   ↳ 已存在，跳過 (送花-訂花Flowerbee-Florist訂花束---Flowerbee-HK-Florist.html)
[2026-08-25 08:43:12]   ↳ 已存在，跳過 (送花-訂花Flowerbee-Florist訂花束---Flowerbee-HK-Florist.html)
[2026-08-25 08:43:12] [67/105] 花點時間｜香港旺角花墟實體花店：24小時訂花、鮮花花束、開張 | https://www.reflower.com.hk/
[2026-08-25 08:43:12] [67/105] 花點時間｜香港旺角花墟實體花店：24小時訂花、鮮花花束、開張 | https://www.reflower.com.hk/
[2026-08-25 08:43:12]   ↳ 已存在，跳過 (花點時間香港旺角花墟實體花店24小時訂花鮮花花束開張花籃鮮花批發---花點時間-Reflower.html)
[2026-08-25 08:43:12]   ↳ 已存在，跳過 (花點時間香港旺角花墟實體花店24小時訂花鮮花花束開張花籃鮮花批發---花點時間-Reflower.html)
[2026-08-25 08:43:12] [68/105] 香港花店- 首頁花店推薦 - 我們代表和倡導位於香港島、九龍 | https://zh-hk.hk-florist.org/
[2026-08-25 08:43:12] [68/105] 香港花店- 首頁花店推薦 - 我們代表和倡導位於香港島、九龍 | https://zh-hk.hk-florist.org/
[2026-08-25 08:43:12]   ↳ 已存在，跳過 (香港花店--首頁花店推薦---我們代表和倡導位於香港島九龍和新界的花店以及在線花店和鮮花配送公司.html)
[2026-08-25 08:43:12]   ↳ 已存在，跳過 (香港花店--首頁花店推薦---我們代表和倡導位於香港島九龍和新界的花店以及在線花店和鮮花配送公司.html)
[2026-08-25 08:43:12] [69/105] 有花漾 ZH Flowers | https://www.zh-flowers.com/
[2026-08-25 08:43:12] [69/105] 有花漾 ZH Flowers | https://www.zh-flowers.com/
[2026-08-25 08:43:12]   ↳ 已存在，跳過 (有花漾-ZH-Flowers.html)
[2026-08-25 08:43:12]   ↳ 已存在，跳過 (有花漾-ZH-Flowers.html)
[2026-08-25 08:43:12] [70/105] 花店花生花華 | FaSunflower Florist | https://www.fasunflower.com/
[2026-08-25 08:43:12] [70/105] 花店花生花華 | FaSunflower Florist | https://www.fasunflower.com/
[2026-08-25 08:43:12]   ↳ 已存在，跳過 (花店花生花華-FaSunflower-Florist.html)
[2026-08-25 08:43:12]   ↳ 已存在，跳過 (花店花生花華-FaSunflower-Florist.html)
[2026-08-25 08:43:12] [71/105] 格蘭花店 Grand Floral & Gift Shop | https://grand.com.hk/
[2026-08-25 08:43:12] [71/105] 格蘭花店 Grand Floral & Gift Shop | https://grand.com.hk/
[2026-08-25 08:43:12]   ↳ 已存在，跳過 (格蘭花店-Grand-Floral--Gift-Shop.html)
[2026-08-25 08:43:12]   ↳ 已存在，跳過 (格蘭花店-Grand-Floral--Gift-Shop.html)
[2026-08-25 08:43:12] [72/105] WHY Studio - 上環證件相｜學生相｜專業形象照 | https://www.whystudiohk.com/
[2026-08-25 08:43:12] [72/105] WHY Studio - 上環證件相｜學生相｜專業形象照 | https://www.whystudiohk.com/
[2026-08-25 08:43:12]   ↳ 已存在，跳過 (WHY-Studio---上環證件相學生相專業形象照.html)
[2026-08-25 08:43:12]   ↳ 已存在，跳過 (WHY-Studio---上環證件相學生相專業形象照.html)
[2026-08-25 08:43:12] [73/105] Cat Watt 晴珊猫舎 | http://www.catwatt.com/
[2026-08-25 08:43:12] [73/105] Cat Watt 晴珊猫舎 | http://www.catwatt.com/
[2026-08-25 08:43:12]   ↳ 已存在，跳過 (Cat-Watt-晴珊猫舎.html)
[2026-08-25 08:43:12]   ↳ 已存在，跳過 (Cat-Watt-晴珊猫舎.html)
[2026-08-25 08:43:12] [74/105] 牙齒矯正及兒童齒科中心 (旺角朗豪坊) | Orthodon | https://www.ortho-center.com/
[2026-08-25 08:43:12] [74/105] 牙齒矯正及兒童齒科中心 (旺角朗豪坊) | Orthodon | https://www.ortho-center.com/
[2026-08-25 08:43:12]   ↳ 已存在，跳過 (牙齒矯正及兒童齒科中心-旺角朗豪坊-Orthodontic--Childrens-Dental-Center-Langh.html)
[2026-08-25 08:43:12]   ↳ 已存在，跳過 (牙齒矯正及兒童齒科中心-旺角朗豪坊-Orthodontic--Childrens-Dental-Center-Langh.html)
[2026-08-25 08:43:12] [75/105] HALO Flowers | https://haloflowers.com.hk/zh-hant/
[2026-08-25 08:43:12] [75/105] HALO Flowers | https://haloflowers.com.hk/zh-hant/
[2026-08-25 08:43:12]   ↳ 已存在，跳過 (HALO-Flowers.html)
[2026-08-25 08:43:12]   ↳ 已存在，跳過 (HALO-Flowers.html)
[2026-08-25 08:43:12] [76/105] Pettington 柏靈頓獸醫寵物用品 | https://www.pettington.com/
[2026-08-25 08:43:12] [76/105] Pettington 柏靈頓獸醫寵物用品 | https://www.pettington.com/
[2026-08-25 08:43:12]   ↳ 已存在，跳過 (Pettington-柏靈頓獸醫寵物用品.html)
[2026-08-25 08:43:12]   ↳ 已存在，跳過 (Pettington-柏靈頓獸醫寵物用品.html)
[2026-08-25 08:43:12] [77/105] 皓保牙科診所 Craft Smile Dental Cent | https://zh.drchrischeung.com/
[2026-08-25 08:43:12] [77/105] 皓保牙科診所 Craft Smile Dental Cent | https://zh.drchrischeung.com/
[2026-08-25 08:43:12]   ↳ 已存在，跳過 (皓保牙科診所-Craft-Smile-Dental-Center.html)
[2026-08-25 08:43:12]   ↳ 已存在，跳過 (皓保牙科診所-Craft-Smile-Dental-Center.html)
[2026-08-25 08:43:12] [78/105] Toyota Kowloon Bay Service Cen | https://www.toyota.com.hk/?utm_campaign=gmb&utm_medium=organic&utm_source=local
[2026-08-25 08:43:12] [78/105] Toyota Kowloon Bay Service Cen | https://www.toyota.com.hk/?utm_campaign=gmb&utm_medium=organic&utm_source=local
[2026-08-25 08:43:12]   ↳ 已存在，跳過 (Toyota-Kowloon-Bay-Service-Centre-Mechanical.html)
[2026-08-25 08:43:12]   ↳ 已存在，跳過 (Toyota-Kowloon-Bay-Service-Centre-Mechanical.html)
[2026-08-25 08:43:12] [79/105] Anglo Chinese Florist | http://www.anglochinese.com/
[2026-08-25 08:43:12] [79/105] Anglo Chinese Florist | http://www.anglochinese.com/
[2026-08-25 08:43:12]   ↳ 已存在，跳過 (Anglo-Chinese-Florist.html)
[2026-08-25 08:43:12]   ↳ 已存在，跳過 (Anglo-Chinese-Florist.html)
[2026-08-25 08:43:12] [80/105] Photobi HK 韓式 証件相拍摂工作室 - 湾仔店 | https://photobi.hk/
[2026-08-25 08:43:12] [80/105] Photobi HK 韓式 証件相拍摂工作室 - 湾仔店 | https://photobi.hk/
[2026-08-25 08:43:12]   ↳ 已存在，跳過 (Photobi-HK-韓式-証件相拍摂工作室---湾仔店.html)
[2026-08-25 08:43:12]   ↳ 已存在，跳過 (Photobi-HK-韓式-証件相拍摂工作室---湾仔店.html)
[2026-08-25 08:43:12] [81/105] Advance Pet Food | http://advancepetfood.com/
[2026-08-25 08:43:12] [81/105] Advance Pet Food | http://advancepetfood.com/
[2026-08-25 08:43:12]   ↳ 已存在，跳過 (Advance-Pet-Food.html)
[2026-08-25 08:43:12]   ↳ 已存在，跳過 (Advance-Pet-Food.html)
[2026-08-25 08:43:12] [82/105] Anna Maria Studio | http://annamstudio.com/
[2026-08-25 08:43:12] [82/105] Anna Maria Studio | http://annamstudio.com/
[2026-08-25 08:43:12]   ↳ 已存在，跳過 (Anna-Maria-Studio.html)
[2026-08-25 08:43:12]   ↳ 已存在，跳過 (Anna-Maria-Studio.html)
[2026-08-25 08:43:12] [83/105] 1984 HAIR SALON | https://1984hairsalon.wixsite.com/1984-hairsalon
[2026-08-25 08:43:12] [83/105] 1984 HAIR SALON | https://1984hairsalon.wixsite.com/1984-hairsalon
[2026-08-25 08:43:12]   ↳ 已存在，跳過 (1984-HAIR-SALON.html)
[2026-08-25 08:43:12]   ↳ 已存在，跳過 (1984-HAIR-SALON.html)
[2026-08-25 08:43:12] [84/105] Bulls PPF 専門店 | https://www.ppf.com.hk/
[2026-08-25 08:43:12] [84/105] Bulls PPF 専門店 | https://www.ppf.com.hk/
[2026-08-25 08:43:12]   ↳ 已存在，跳過 (Bulls-PPF-専門店.html)
[2026-08-25 08:43:12]   ↳ 已存在，跳過 (Bulls-PPF-専門店.html)
[2026-08-25 08:43:12] [85/105] LEEKAJA X AMONG Hair Salon Cen | https://www.leekaja.hk/
[2026-08-25 08:43:12] [85/105] LEEKAJA X AMONG Hair Salon Cen | https://www.leekaja.hk/
[2026-08-25 08:43:12]   ↳ 已存在，跳過 (LEEKAJA-X-AMONG-Hair-Salon-Century-Square-in-Hongkong-한국-미용실.html)
[2026-08-25 08:43:12]   ↳ 已存在，跳過 (LEEKAJA-X-AMONG-Hair-Salon-Century-Square-in-Hongkong-한국-미용실.html)
[2026-08-25 08:43:12] [86/105] MEGAPET (Kowloon City Shop) | http://www.megapet.com.hk/
[2026-08-25 08:43:12] [86/105] MEGAPET (Kowloon City Shop) | http://www.megapet.com.hk/
[2026-08-25 08:43:12]   ↳ 已存在，跳過 (MEGAPET-Kowloon-City-Shop.html)
[2026-08-25 08:43:12]   ↳ 已存在，跳過 (MEGAPET-Kowloon-City-Shop.html)
[2026-08-25 08:43:12] [87/105] 仁健牙科 Nixon Dental (太子牙醫/旺角牙醫/洗 | http://www.nixondental.com/
[2026-08-25 08:43:12] [87/105] 仁健牙科 Nixon Dental (太子牙醫/旺角牙醫/洗 | http://www.nixondental.com/
[2026-08-25 08:43:12]   ↳ 已存在，跳過 (仁健牙科-Nixon-Dental-太子牙醫-旺角牙醫-洗牙-補牙-種牙-植牙-杜牙根-智慧齒-箍牙-Invisalig.html)
[2026-08-25 08:43:12]   ↳ 已存在，跳過 (仁健牙科-Nixon-Dental-太子牙醫-旺角牙醫-洗牙-補牙-種牙-植牙-杜牙根-智慧齒-箍牙-Invisalig.html)
[2026-08-25 08:43:12] [88/105] 香港車房及汽車維修 | CarService.hk | https://www.carservice.hk/zh-hk
[2026-08-25 08:43:12] [88/105] 香港車房及汽車維修 | CarService.hk | https://www.carservice.hk/zh-hk
[2026-08-25 08:43:12]   ↳ 已存在，跳過 (香港車房及汽車維修-CarService.hk.html)
[2026-08-25 08:43:12]   ↳ 已存在，跳過 (香港車房及汽車維修-CarService.hk.html)
[2026-08-25 08:43:12] [89/105] 24小時 上門汽車維修保養服務 | https://garage-hk.com/onsite.php
[2026-08-25 08:43:12] [89/105] 24小時 上門汽車維修保養服務 | https://garage-hk.com/onsite.php
[2026-08-25 08:43:12]   ↳ 已存在，跳過 (24小時-上門汽車維修保養服務.html)
[2026-08-25 08:43:12]   ↳ 已存在，跳過 (24小時-上門汽車維修保養服務.html)
[2026-08-25 08:43:12] [90/105] 保養及維修服務 - Dchmsc | https://www.dchmsc.com/zh/maintenance-repair
[2026-08-25 08:43:12] [90/105] 保養及維修服務 - Dchmsc | https://www.dchmsc.com/zh/maintenance-repair
[2026-08-25 08:43:12]   ↳ 已存在，跳過 (保養及維修服務---Dchmsc.html)
[2026-08-25 08:43:12]   ↳ 已存在，跳過 (保養及維修服務---Dchmsc.html)
[2026-08-25 08:43:12] [91/105] Carro Care | https://carro.co/hk/zh-hant-hk/carro-care
[2026-08-25 08:43:12] [91/105] Carro Care | https://carro.co/hk/zh-hant-hk/carro-care
[2026-08-25 08:43:12]   ↳ 已存在，跳過 (Carro-Care.html)
[2026-08-25 08:43:12]   ↳ 已存在，跳過 (Carro-Care.html)
[2026-08-25 08:43:12] [92/105] 車師傅 - 全港認證車師傅總匯 | https://www.mastercar.hk/
[2026-08-25 08:43:12] [92/105] 車師傅 - 全港認證車師傅總匯 | https://www.mastercar.hk/
[2026-08-25 08:43:12]   ↳ 已存在，跳過 (車師傅---全港認證車師傅總匯.html)
[2026-08-25 08:43:12]   ↳ 已存在，跳過 (車師傅---全港認證車師傅總匯.html)
[2026-08-25 08:43:12] [93/105] 堅記車房平台 | https://www.kinkeecar.com/
[2026-08-25 08:43:12] [93/105] 堅記車房平台 | https://www.kinkeecar.com/
[2026-08-25 08:43:12]   ↳ 已存在，跳過 (堅記車房平台.html)
[2026-08-25 08:43:12]   ↳ 已存在，跳過 (堅記車房平台.html)
[2026-08-25 08:43:12] [94/105] 汽車保養及汽車維修 | CarService.hk | https://www.carservice.hk/zh-hk/services/car-servicing
[2026-08-25 08:43:12] [94/105] 汽車保養及汽車維修 | CarService.hk | https://www.carservice.hk/zh-hk/services/car-servicing
[2026-08-25 08:43:12]   ↳ 已存在，跳過 (汽車保養及汽車維修-CarService.hk.html)
[2026-08-25 08:43:12]   ↳ 已存在，跳過 (汽車保養及汽車維修-CarService.hk.html)
[2026-08-25 08:43:12] [95/105] 汽車維修 - Anyone | https://www.anyonehk.com/%E6%B1%BD%E8%BB%8A%E7%B6%AD%E4%BF%AE/
[2026-08-25 08:43:12] [95/105] 汽車維修 - Anyone | https://www.anyonehk.com/%E6%B1%BD%E8%BB%8A%E7%B6%AD%E4%BF%AE/
[2026-08-25 08:43:12]   ↳ 已存在，跳過 (汽車維修---Anyone.html)
[2026-08-25 08:43:12]   ↳ 已存在，跳過 (汽車維修---Anyone.html)
[2026-08-25 08:43:12] [96/105] 香港汽車維修公司名錄 - 新成立/注册及已更改名称的公司名单 | https://hkg.databasesets.com/zh-hant/gongsimingdan/type/Motor_Service
[2026-08-25 08:43:12] [96/105] 香港汽車維修公司名錄 - 新成立/注册及已更改名称的公司名单 | https://hkg.databasesets.com/zh-hant/gongsimingdan/type/Motor_Service
[2026-08-25 08:43:12]   ↳ 已存在，跳過 (香港汽車維修公司名錄---新成立-注册及已更改名称的公司名单.html)
[2026-08-25 08:43:12]   ↳ 已存在，跳過 (香港汽車維修公司名錄---新成立-注册及已更改名称的公司名单.html)
[2026-08-25 08:43:12] [97/105] 汽車服務公司 - Driver.com.hk | https://www.driver.com.hk/service
[2026-08-25 08:43:12] [97/105] 汽車服務公司 - Driver.com.hk | https://www.driver.com.hk/service
[2026-08-25 08:43:12]   ↳ 已存在，跳過 (汽車服務公司---Driver.com.hk.html)
[2026-08-25 08:43:12]   ↳ 已存在，跳過 (汽車服務公司---Driver.com.hk.html)
[2026-08-25 08:43:12] [98/105] 最佳香港花店推介 送花訂花好去處/網上買花 | https://www.timeout.com.hk/hong-kong/hk/%E8%B3%BC%E7%89%A9/%E6%9C%80%E4%BD%B3%E9%A6%99%E6%B8%AF%E8%8A%B1%E5%BA%97%E6%8E%A8%E4%BB%8B-%E9%80%81%E8%8A%B1%E8%A8%82%E8%8A%B1%E5%A5%BD%E5%8E%BB%E8%99%95-%E7%B6%B2%E4%B8%8A%E8%B2%B7%E8%8A%B1
[2026-08-25 08:43:12] [98/105] 最佳香港花店推介 送花訂花好去處/網上買花 | https://www.timeout.com.hk/hong-kong/hk/%E8%B3%BC%E7%89%A9/%E6%9C%80%E4%BD%B3%E9%A6%99%E6%B8%AF%E8%8A%B1%E5%BA%97%E6%8E%A8%E4%BB%8B-%E9%80%81%E8%8A%B1%E8%A8%82%E8%8A%B1%E5%A5%BD%E5%8E%BB%E8%99%95-%E7%B6%B2%E4%B8%8A%E8%B2%B7%E8%8A%B1
[2026-08-25 08:43:12]   ↳ 已存在，跳過 (最佳香港花店推介-送花訂花好去處-網上買花.html)
[2026-08-25 08:43:12]   ↳ 已存在，跳過 (最佳香港花店推介-送花訂花好去處-網上買花.html)
[2026-08-25 08:43:12] [99/105] HK Florist Directory | https://zh-hk.hk-florist.org/hk-florist-directory/
[2026-08-25 08:43:12] [99/105] HK Florist Directory | https://zh-hk.hk-florist.org/hk-florist-directory/
[2026-08-25 08:43:12]   ↳ 已存在，跳過 (HK-Florist-Directory.html)
[2026-08-25 08:43:12]   ↳ 已存在，跳過 (HK-Florist-Directory.html)
[2026-08-25 08:43:12] [100/105] 主頁 | https://shunkeeflowers.com.hk/
[2026-08-25 08:43:12] [100/105] 主頁 | https://shunkeeflowers.com.hk/
[2026-08-25 08:43:12]   ↳ 已存在，跳過 (主頁.html)
[2026-08-25 08:43:12]   ↳ 已存在，跳過 (主頁.html)
[2026-08-25 08:43:12] [101/105] Kushiro | http://www.kushiro.com.hk/
[2026-08-25 08:43:12] [101/105] Kushiro | http://www.kushiro.com.hk/
[2026-08-25 08:43:12]   ↳ 已存在，跳過 (Kushiro.html)
[2026-08-25 08:43:12]   ↳ 已存在，跳過 (Kushiro.html)
[2026-08-25 08:43:12] [102/105] PETNAR LIVING 裝修工程 室內設計 傢俬訂製 | https://petnar-living.com/interior-design/
[2026-08-25 08:43:12] [102/105] PETNAR LIVING 裝修工程 室內設計 傢俬訂製 | https://petnar-living.com/interior-design/
[2026-08-25 08:43:12]   ↳ 已存在，跳過 (PETNAR-LIVING-裝修工程-室內設計-傢俬訂製.html)
[2026-08-25 08:43:12]   ↳ 已存在，跳過 (PETNAR-LIVING-裝修工程-室內設計-傢俬訂製.html)
[2026-08-25 08:43:12] [103/105] 太子中学補習社 - 立方教育 | https://www.ilearndse.com/
[2026-08-25 08:43:12] [103/105] 太子中学補習社 - 立方教育 | https://www.ilearndse.com/
[2026-08-25 08:43:12]   ↳ 已存在，跳過 (太子中学補習社---立方教育.html)
[2026-08-25 08:43:12]   ↳ 已存在，跳過 (太子中学補習社---立方教育.html)
[2026-08-25 08:43:12] [104/105] Speedycat Photo Studio | https://www.speedycat.com.hk/
[2026-08-25 08:43:12] [104/105] Speedycat Photo Studio | https://www.speedycat.com.hk/
[2026-08-25 08:43:12]   ↳ 已存在，跳過 (Speedycat-Photo-Studio.html)
[2026-08-25 08:43:12]   ↳ 已存在，跳過 (Speedycat-Photo-Studio.html)
[2026-08-25 08:43:12] [105/105] 進研教育 - 英文中文數學補習社 (北角分校) | https://www.joinin-education.com/
[2026-08-25 08:43:12] [105/105] 進研教育 - 英文中文數學補習社 (北角分校) | https://www.joinin-education.com/
[2026-08-25 08:43:12]   ✓ 已儲存 進研教育---英文中文數學補習社-北角分校.html (585KB, requests 589976B)
[2026-08-25 08:43:12]   ✓ 已儲存 進研教育---英文中文數學補習社-北角分校.html (585KB, requests 589976B)
[2026-08-25 08:43:12] == 完成 ==
[2026-08-25 08:43:12] == 完成 ==
[2026-08-25 08:43:12] 成功 105 個，失敗 0 個
[2026-08-25 08:43:12] 成功 105 個，失敗 0 個

── 失敗清單 ──
[2026-08-25 08:43:12] == 開始為 0 間「沒網站但有聯絡」的商家建立一頁式網頁 → /home/ubuntu/.mok/html/project/MokCs ==
[2026-08-25 08:43:12] == 開始為 0 間「沒網站但有聯絡」的商家建立一頁式網頁 → /home/ubuntu/.mok/html/project/MokCs ==
[2026-08-25 08:43:12] == 一頁式網頁完成：0/0 ==
[2026-08-25 08:43:12] == 一頁式網頁完成：0/0 ==
[2026-08-25 09:13:41]   過濾：105 間 → 保留 105 間有 WhatsApp/Email 的商家
[2026-08-25 09:13:41]   過濾：105 間 → 保留 105 間有 WhatsApp/Email 的商家
[2026-08-25 09:13:41] == 開始克隆 105 個商家首頁 → /home/ubuntu/.mok/html/project/MokCs ==
[2026-08-25 09:13:41] == 開始克隆 105 個商家首頁 → /home/ubuntu/.mok/html/project/MokCs ==
[2026-08-25 09:13:41] [1/105] Hutong | https://hutong.com.hk/
[2026-08-25 09:13:41] [1/105] Hutong | https://hutong.com.hk/
[2026-08-25 09:13:41]   ↳ 已存在，跳過 (Hutong.html)
[2026-08-25 09:13:41]   ↳ 已存在，跳過 (Hutong.html)
[2026-08-25 09:13:41] [2/105] The Chairman Restaurant | https://www.thechairmangroup.com/
[2026-08-25 09:13:41] [2/105] The Chairman Restaurant | https://www.thechairmangroup.com/
[2026-08-25 09:13:41]   ↳ 已存在，跳過 (The-Chairman-Restaurant.html)
[2026-08-25 09:13:41]   ↳ 已存在，跳過 (The-Chairman-Restaurant.html)
[2026-08-25 09:13:41] [3/105] 南蛮亭香港店 | http://nanbantei.com.hk/
[2026-08-25 09:13:41] [3/105] 南蛮亭香港店 | http://nanbantei.com.hk/
[2026-08-25 09:13:41]   ↳ 已存在，跳過 (南蛮亭香港店.html)
[2026-08-25 09:13:41]   ↳ 已存在，跳過 (南蛮亭香港店.html)
[2026-08-25 09:13:41] [4/105] 添好運點心專賣店 | https://www.timhowan.com.hk/
[2026-08-25 09:13:41] [4/105] 添好運點心專賣店 | https://www.timhowan.com.hk/
[2026-08-25 09:13:41]   ↳ 已存在，跳過 (添好運點心專賣店.html)
[2026-08-25 09:13:41]   ↳ 已存在，跳過 (添好運點心專賣店.html)
[2026-08-25 09:13:41] [5/105] La Petite Maison (LPM) Hong Ko | https://lpmrestaurants.com/hongkong/
[2026-08-25 09:13:41] [5/105] La Petite Maison (LPM) Hong Ko | https://lpmrestaurants.com/hongkong/
[2026-08-25 09:13:41]   ↳ 已存在，跳過 (La-Petite-Maison-LPM-Hong-Kong.html)
[2026-08-25 09:13:41]   ↳ 已存在，跳過 (La-Petite-Maison-LPM-Hong-Kong.html)
[2026-08-25 09:13:41] [6/105] Glow Hong Kong | https://www.glowspa.hk/
[2026-08-25 09:13:41] [6/105] Glow Hong Kong | https://www.glowspa.hk/
[2026-08-25 09:13:41]   ↳ 已存在，跳過 (Glow-Hong-Kong.html)
[2026-08-25 09:13:41]   ↳ 已存在，跳過 (Glow-Hong-Kong.html)
[2026-08-25 09:13:41] [7/105] Mó The Slow Bloom | https://www.mo-hk.com/
[2026-08-25 09:13:41] [7/105] Mó The Slow Bloom | https://www.mo-hk.com/
[2026-08-25 09:13:41]   ↳ 已存在，跳過 (Mó-The-Slow-Bloom.html)
[2026-08-25 09:13:41]   ↳ 已存在，跳過 (Mó-The-Slow-Bloom.html)
[2026-08-25 09:13:41] [8/105] Lux Medical 医繊美 | https://www.luxbeauty.hk/
[2026-08-25 09:13:41] [8/105] Lux Medical 医繊美 | https://www.luxbeauty.hk/
[2026-08-25 09:13:41]   ↳ 已存在，跳過 (Lux-Medical-医繊美.html)
[2026-08-25 09:13:41]   ↳ 已存在，跳過 (Lux-Medical-医繊美.html)
[2026-08-25 09:13:41] [9/105] 114HAIR | http://www.114hair.com/
[2026-08-25 09:13:41] [9/105] 114HAIR | http://www.114hair.com/
[2026-08-25 09:13:41]   ↳ 已存在，跳過 (114HAIR.html)
[2026-08-25 09:13:41]   ↳ 已存在，跳過 (114HAIR.html)
[2026-08-25 09:13:41] [10/105] Love Hair | http://www.lovehairhk.com/
[2026-08-25 09:13:41] [10/105] Love Hair | http://www.lovehairhk.com/
[2026-08-25 09:13:41]   ↳ 已存在，跳過 (Love-Hair.html)
[2026-08-25 09:13:41]   ↳ 已存在，跳過 (Love-Hair.html)
[2026-08-25 09:13:41] [11/105] TONI&GUY HK | http://www.toniandguyhk.com/
[2026-08-25 09:13:41] [11/105] TONI&GUY HK | http://www.toniandguyhk.com/
[2026-08-25 09:13:41]   ↳ 已存在，跳過 (TONIGUY-HK.html)
[2026-08-25 09:13:41]   ↳ 已存在，跳過 (TONIGUY-HK.html)
[2026-08-25 09:13:41] [12/105] iMPROVE HAiR-尖沙咀salon 尖沙咀剪髮 尖沙 | http://www.ihair.com.hk/
[2026-08-25 09:13:41] [12/105] iMPROVE HAiR-尖沙咀salon 尖沙咀剪髮 尖沙 | http://www.ihair.com.hk/
[2026-08-25 09:13:41]   ↳ 已存在，跳過 (iMPROVE-HAiR-尖沙咀salon-尖沙咀剪髮-尖沙咀髮廊-尖沙咀中藥染髮-尖沙咀假髮-尖沙咀頭皮護理.html)
[2026-08-25 09:13:41]   ↳ 已存在，跳過 (iMPROVE-HAiR-尖沙咀salon-尖沙咀剪髮-尖沙咀髮廊-尖沙咀中藥染髮-尖沙咀假髮-尖沙咀頭皮護理.html)
[2026-08-25 09:13:41] [13/105] 金澱装修工程有限公司 | https://www.palaceengineeringltd.com/
[2026-08-25 09:13:41] [13/105] 金澱装修工程有限公司 | https://www.palaceengineeringltd.com/
[2026-08-25 09:13:41]   ↳ 已存在，跳過 (金澱装修工程有限公司.html)
[2026-08-25 09:13:41]   ↳ 已存在，跳過 (金澱装修工程有限公司.html)
[2026-08-25 09:13:41] [14/105] 鋒主義 - 室內設計公司 | 室內裝修工程 | 工期 報價  | https://www.fungstyle.com.hk/
[2026-08-25 09:13:41] [14/105] 鋒主義 - 室內設計公司 | 室內裝修工程 | 工期 報價  | https://www.fungstyle.com.hk/
[2026-08-25 09:13:41]   ↳ 已存在，跳過 (鋒主義---室內設計公司-室內裝修工程-工期-報價-服務-三大保證.html)
[2026-08-25 09:13:41]   ↳ 已存在，跳過 (鋒主義---室內設計公司-室內裝修工程-工期-報價-服務-三大保證.html)
[2026-08-25 09:13:41] [15/105] 装修兄弟 | http://www.renobro.com.hk/
[2026-08-25 09:13:41] [15/105] 装修兄弟 | http://www.renobro.com.hk/
[2026-08-25 09:13:41]   ↳ 已存在，跳過 (装修兄弟.html)
[2026-08-25 09:13:41]   ↳ 已存在，跳過 (装修兄弟.html)
[2026-08-25 09:13:41] [16/105] 居屋皇 House king | 香港室内設計及装修公司 | http://housekinghk.com/
[2026-08-25 09:13:41] [16/105] 居屋皇 House king | 香港室内設計及装修公司 | http://housekinghk.com/
[2026-08-25 09:13:41]   ↳ 已存在，跳過 (居屋皇-House-king-香港室内設計及装修公司.html)
[2026-08-25 09:13:41]   ↳ 已存在，跳過 (居屋皇-House-king-香港室内設計及装修公司.html)
[2026-08-25 09:13:41] [17/105] Toby 裝修設計平台｜免費裝修報價｜香港裝修公司及室內設計 | https://www.hellotoby.com/zh-hk/id
[2026-08-25 09:13:41] [17/105] Toby 裝修設計平台｜免費裝修報價｜香港裝修公司及室內設計 | https://www.hellotoby.com/zh-hk/id
[2026-08-25 09:13:41]   ↳ 已存在，跳過 (Toby-裝修設計平台免費裝修報價香港裝修公司及室內設計公司.html)
[2026-08-25 09:13:41]   ↳ 已存在，跳過 (Toby-裝修設計平台免費裝修報價香港裝修公司及室內設計公司.html)
[2026-08-25 09:13:41] [18/105] PET HK - Mid Levels Edition | http://pethk.com/
[2026-08-25 09:13:41] [18/105] PET HK - Mid Levels Edition | http://pethk.com/
[2026-08-25 09:13:41]   ↳ 已存在，跳過 (PET-HK---Mid-Levels-Edition.html)
[2026-08-25 09:13:41]   ↳ 已存在，跳過 (PET-HK---Mid-Levels-Edition.html)
[2026-08-25 09:13:41] [19/105] Ruff & Fetch 拉夫寵物生活 (佐敦 Jordan | http://www.ruffandfetch.com/
[2026-08-25 09:13:41] [19/105] Ruff & Fetch 拉夫寵物生活 (佐敦 Jordan | http://www.ruffandfetch.com/
[2026-08-25 09:13:41]   ↳ 已存在，跳過 (Ruff--Fetch-拉夫寵物生活-佐敦-Jordan.html)
[2026-08-25 09:13:41]   ↳ 已存在，跳過 (Ruff--Fetch-拉夫寵物生活-佐敦-Jordan.html)
[2026-08-25 09:13:41] [20/105] HKTA香港導師会 | https://www.hkta.edu.hk/
[2026-08-25 09:13:41] [20/105] HKTA香港導師会 | https://www.hkta.edu.hk/
[2026-08-25 09:13:41]   ↳ 已存在，跳過 (HKTA香港導師会.html)
[2026-08-25 09:13:41]   ↳ 已存在，跳過 (HKTA香港導師会.html)
[2026-08-25 09:13:41] [21/105] 騎士数学 Knight Mathematics - Band | https://knightmaths.edu.hk/
[2026-08-25 09:13:41] [21/105] 騎士数学 Knight Mathematics - Band | https://knightmaths.edu.hk/
[2026-08-25 09:13:41]   ↳ 已存在，跳過 (騎士数学-Knight-Mathematics---Band-1-DSE-数学補習社.html)
[2026-08-25 09:13:41]   ↳ 已存在，跳過 (騎士数学-Knight-Mathematics---Band-1-DSE-数学補習社.html)
[2026-08-25 09:13:41] [22/105] 香港文化教育中心 | https://docs.google.com/forms/d/e/1FAIpQLSdjgsQlR4w8ZgKgE9RgAUPsPwrZzAZpo5SCULDDOgygEdeDnQ/viewform
[2026-08-25 09:13:41] [22/105] 香港文化教育中心 | https://docs.google.com/forms/d/e/1FAIpQLSdjgsQlR4w8ZgKgE9RgAUPsPwrZzAZpo5SCULDDOgygEdeDnQ/viewform
[2026-08-25 09:13:41]   ↳ 已存在，跳過 (香港文化教育中心.html)
[2026-08-25 09:13:41]   ↳ 已存在，跳過 (香港文化教育中心.html)
[2026-08-25 09:13:41] [23/105] GETUTOR 香港導師総会｜上門補習中介平台｜私補導師推介 | https://www.getutor.com.hk/
[2026-08-25 09:13:41] [23/105] GETUTOR 香港導師総会｜上門補習中介平台｜私補導師推介 | https://www.getutor.com.hk/
[2026-08-25 09:13:41]   ↳ 已存在，跳過 (GETUTOR-香港導師総会上門補習中介平台私補導師推介Private-Tutors-AgencyIB-IGCSE-A.html)
[2026-08-25 09:13:41]   ↳ 已存在，跳過 (GETUTOR-香港導師総会上門補習中介平台私補導師推介Private-Tutors-AgencyIB-IGCSE-A.html)
[2026-08-25 09:13:41] [24/105] 英博教学中心 - 数学中文英文補習 - 中小学補習社 | https://eplc.edu.hk/
[2026-08-25 09:13:41] [24/105] 英博教学中心 - 数学中文英文補習 - 中小学補習社 | https://eplc.edu.hk/
[2026-08-25 09:13:41]   ↳ 已存在，跳過 (英博教学中心---数学中文英文補習---中小学補習社.html)
[2026-08-25 09:13:41]   ↳ 已存在，跳過 (英博教学中心---数学中文英文補習---中小学補習社.html)
[2026-08-25 09:13:41] [25/105] 進研教育 - 英文中文数学補習社 | https://joinin-education.com/
[2026-08-25 09:13:41] [25/105] 進研教育 - 英文中文数学補習社 | https://joinin-education.com/
[2026-08-25 09:13:41]   ↳ 已存在，跳過 (進研教育---英文中文数学補習社.html)
[2026-08-25 09:13:41]   ↳ 已存在，跳過 (進研教育---英文中文数学補習社.html)
[2026-08-25 09:13:41] [26/105] 學斯教育(灣仔) | http://hoksi-edu.com/
[2026-08-25 09:13:41] [26/105] 學斯教育(灣仔) | http://hoksi-edu.com/
[2026-08-25 09:13:41]   ↳ 已存在，跳過 (學斯教育灣仔.html)
[2026-08-25 09:13:41]   ↳ 已存在，跳過 (學斯教育灣仔.html)
[2026-08-25 09:13:41] [27/105] 補習社｜学博教育 Learn Smart Education | https://learnsmart.edu.hk/
[2026-08-25 09:13:41] [27/105] 補習社｜学博教育 Learn Smart Education | https://learnsmart.edu.hk/
[2026-08-25 09:13:41]   ↳ 已存在，跳過 (補習社学博教育-Learn-Smart-Education.html)
[2026-08-25 09:13:41]   ↳ 已存在，跳過 (補習社学博教育-Learn-Smart-Education.html)
[2026-08-25 09:13:41] [28/105] 24/7 Fitness Central | http://247.fitness/
[2026-08-25 09:13:41] [28/105] 24/7 Fitness Central | http://247.fitness/
[2026-08-25 09:13:41]   ↳ 已存在，跳過 (24-7-Fitness-Central.html)
[2026-08-25 09:13:41]   ↳ 已存在，跳過 (24-7-Fitness-Central.html)
[2026-08-25 09:13:41] [29/105] 啓弘牙科（旺角店）丨九龍/旺角牙医/智慧歯/箍牙/隠式美/全 | https://omnesdental.com/
[2026-08-25 09:13:41] [29/105] 啓弘牙科（旺角店）丨九龍/旺角牙医/智慧歯/箍牙/隠式美/全 | https://omnesdental.com/
[2026-08-25 09:13:41]   ↳ 已存在，跳過 (啓弘牙科旺角店丨九龍-旺角牙医-智慧歯-箍牙-隠式美-全方位牙科服務-専業治療牙痛-種植牙-補牙-剥牙-洗牙.html)
[2026-08-25 09:13:41]   ↳ 已存在，跳過 (啓弘牙科旺角店丨九龍-旺角牙医-智慧歯-箍牙-隠式美-全方位牙科服務-専業治療牙痛-種植牙-補牙-剥牙-洗牙.html)
[2026-08-25 09:13:41] [30/105] Smith & Jain Dentists 史密夫和鄭牙醫診 | https://smithandjaindentists.com/
[2026-08-25 09:13:41] [30/105] Smith & Jain Dentists 史密夫和鄭牙醫診 | https://smithandjaindentists.com/
[2026-08-25 09:13:41]   ↳ 已存在，跳過 (Smith--Jain-Dentists-史密夫和鄭牙醫診所.html)
[2026-08-25 09:13:41]   ↳ 已存在，跳過 (Smith--Jain-Dentists-史密夫和鄭牙醫診所.html)
[2026-08-25 09:13:41] [31/105] Home Dental (Tsim Sha Tsui Bra | https://homedentalhk.com/cn/contact-us/tst
[2026-08-25 09:13:41] [31/105] Home Dental (Tsim Sha Tsui Bra | https://homedentalhk.com/cn/contact-us/tst
[2026-08-25 09:13:41]   ↳ 已存在，跳過 (Home-Dental-Tsim-Sha-Tsui-Branch.html)
[2026-08-25 09:13:41]   ↳ 已存在，跳過 (Home-Dental-Tsim-Sha-Tsui-Branch.html)
[2026-08-25 09:13:41] [32/105] 伍裕彤牙医 | https://trucaredental.hk/
[2026-08-25 09:13:41] [32/105] 伍裕彤牙医 | https://trucaredental.hk/
[2026-08-25 09:13:41]   ↳ 已存在，跳過 (伍裕彤牙医.html)
[2026-08-25 09:13:41]   ↳ 已存在，跳過 (伍裕彤牙医.html)
[2026-08-25 09:13:41] [33/105] Home Dental | https://homedentalhk.com/cn/contact-us/cwb
[2026-08-25 09:13:41] [33/105] Home Dental | https://homedentalhk.com/cn/contact-us/cwb
[2026-08-25 09:13:41]   ↳ 已存在，跳過 (Home-Dental.html)
[2026-08-25 09:13:41]   ↳ 已存在，跳過 (Home-Dental.html)
[2026-08-25 09:13:41] [34/105] T.O.P Dental by Family Smile L | http://www.topdental.hk/
[2026-08-25 09:13:41] [34/105] T.O.P Dental by Family Smile L | http://www.topdental.hk/
[2026-08-25 09:13:41]   ↳ 已存在，跳過 (T.O.P-Dental-by-Family-Smile-Ltd-香港牙科醫療集團-旺角太子牙醫中心.html)
[2026-08-25 09:13:41]   ↳ 已存在，跳過 (T.O.P-Dental-by-Family-Smile-Ltd-香港牙科醫療集團-旺角太子牙醫中心.html)
[2026-08-25 09:13:41] [35/105] Metro Dental 城健総合牙科医療中心 | https://www.metrodental.com.hk/
[2026-08-25 09:13:41] [35/105] Metro Dental 城健総合牙科医療中心 | https://www.metrodental.com.hk/
[2026-08-25 09:13:41]   ↳ 已存在，跳過 (Metro-Dental-城健総合牙科医療中心.html)
[2026-08-25 09:13:41]   ↳ 已存在，跳過 (Metro-Dental-城健総合牙科医療中心.html)
[2026-08-25 09:13:41] [36/105] 大国手 汽車車身維修 Grand Tycoon Automo | http://grandtycoon.com/
[2026-08-25 09:13:41] [36/105] 大国手 汽車車身維修 Grand Tycoon Automo | http://grandtycoon.com/
[2026-08-25 09:13:41]   ↳ 已存在，跳過 (大国手-汽車車身維修-Grand-Tycoon-Automotive-Repair-Shop.html)
[2026-08-25 09:13:41]   ↳ 已存在，跳過 (大国手-汽車車身維修-Grand-Tycoon-Automotive-Repair-Shop.html)
[2026-08-25 09:13:41] [37/105] AutoMate | Sham Shui Po Shop | https://www.automate-app.com/auto-shop
[2026-08-25 09:13:41] [37/105] AutoMate | Sham Shui Po Shop | https://www.automate-app.com/auto-shop
[2026-08-25 09:13:41]   ↳ 已存在，跳過 (AutoMate-Sham-Shui-Po-Shop.html)
[2026-08-25 09:13:41]   ↳ 已存在，跳過 (AutoMate-Sham-Shui-Po-Shop.html)
[2026-08-25 09:13:41] [38/105] Carol Garage Limited | http://www.carolgarage.com.hk/
[2026-08-25 09:13:41] [38/105] Carol Garage Limited | http://www.carolgarage.com.hk/
[2026-08-25 09:13:41]   ↳ 已存在，跳過 (Carol-Garage-Limited.html)
[2026-08-25 09:13:41]   ↳ 已存在，跳過 (Carol-Garage-Limited.html)
[2026-08-25 09:13:41] [39/105] 八方汽車 | Power Moto Limited | http://www.power-moto.hk/
[2026-08-25 09:13:41] [39/105] 八方汽車 | Power Moto Limited | http://www.power-moto.hk/
[2026-08-25 09:13:41]   ↳ 已存在，跳過 (八方汽車-Power-Moto-Limited.html)
[2026-08-25 09:13:41]   ↳ 已存在，跳過 (八方汽車-Power-Moto-Limited.html)
[2026-08-25 09:13:41] [40/105] Flow & Roll Laundry 自助洗衣 (中環 C | https://flowandroll.com/
[2026-08-25 09:13:41] [40/105] Flow & Roll Laundry 自助洗衣 (中環 C | https://flowandroll.com/
[2026-08-25 09:13:41]   ↳ 已存在，跳過 (Flow--Roll-Laundry-自助洗衣-中環-Central.html)
[2026-08-25 09:13:41]   ↳ 已存在，跳過 (Flow--Roll-Laundry-自助洗衣-中環-Central.html)
[2026-08-25 09:13:41] [41/105] 初洗 First Laundry 觀塘24小時自助洗衣店 | https://wa.me/85268716550
[2026-08-25 09:13:41] [41/105] 初洗 First Laundry 觀塘24小時自助洗衣店 | https://wa.me/85268716550
[2026-08-25 09:13:41]   ↳ 已存在，跳過 (初洗-First-Laundry-觀塘24小時自助洗衣店.html)
[2026-08-25 09:13:41]   ↳ 已存在，跳過 (初洗-First-Laundry-觀塘24小時自助洗衣店.html)
[2026-08-25 09:13:41] [42/105] 水漾衣坊 water laundry | https://whalewashmk.hk/
[2026-08-25 09:13:41] [42/105] 水漾衣坊 water laundry | https://whalewashmk.hk/
[2026-08-25 09:13:41]   ↳ 已存在，跳過 (水漾衣坊-water-laundry.html)
[2026-08-25 09:13:41]   ↳ 已存在，跳過 (水漾衣坊-water-laundry.html)
[2026-08-25 09:13:41] [43/105] FLORISTRY by ART OF LIVING | http://www.floristrybyartofliving.com/
[2026-08-25 09:13:41] [43/105] FLORISTRY by ART OF LIVING | http://www.floristrybyartofliving.com/
[2026-08-25 09:13:41]   ↳ 已存在，跳過 (FLORISTRY-by-ART-OF-LIVING.html)
[2026-08-25 09:13:41]   ↳ 已存在，跳過 (FLORISTRY-by-ART-OF-LIVING.html)
[2026-08-25 09:13:41] [44/105] 花籃 450 - Flower 450 | https://flower450.com/
[2026-08-25 09:13:41] [44/105] 花籃 450 - Flower 450 | https://flower450.com/
[2026-08-25 09:13:41]   ↳ 已存在，跳過 (花籃-450---Flower-450.html)
[2026-08-25 09:13:41]   ↳ 已存在，跳過 (花籃-450---Flower-450.html)
[2026-08-25 09:13:41] [45/105] 優之花鋪-U Flower Shop | https://www.uflowershop.com/
[2026-08-25 09:13:41] [45/105] 優之花鋪-U Flower Shop | https://www.uflowershop.com/
[2026-08-25 09:13:41]   ↳ 已存在，跳過 (優之花鋪-U-Flower-Shop.html)
[2026-08-25 09:13:41]   ↳ 已存在，跳過 (優之花鋪-U-Flower-Shop.html)
[2026-08-25 09:13:41] [46/105] Eternal Flora hk | https://www.eternalflorahk.com/
[2026-08-25 09:13:41] [46/105] Eternal Flora hk | https://www.eternalflorahk.com/
[2026-08-25 09:13:41]   ↳ 已存在，跳過 (Eternal-Flora-hk.html)
[2026-08-25 09:13:41]   ↳ 已存在，跳過 (Eternal-Flora-hk.html)
[2026-08-25 09:13:41] [47/105] FDHK - Flower Delivery Hong Ko | https://flowerdeliveryhongkong.com/
[2026-08-25 09:13:41] [47/105] FDHK - Flower Delivery Hong Ko | https://flowerdeliveryhongkong.com/
[2026-08-25 09:13:41]   ↳ 已存在，跳過 (FDHK---Flower-Delivery-Hong-Kong.html)
[2026-08-25 09:13:41]   ↳ 已存在，跳過 (FDHK---Flower-Delivery-Hong-Kong.html)
[2026-08-25 09:13:41] [48/105] Joseph Photo 香港專業攝影工作室 | https://josephphoto.hk/
[2026-08-25 09:13:41] [48/105] Joseph Photo 香港專業攝影工作室 | https://josephphoto.hk/
[2026-08-25 09:13:41]   ↳ 已存在，跳過 (Joseph-Photo-香港專業攝影工作室.html)
[2026-08-25 09:13:41]   ↳ 已存在，跳過 (Joseph-Photo-香港專業攝影工作室.html)
[2026-08-25 09:13:41] [49/105] Majesty Professional Photo殿堂館- | https://www.majestyprofessional.com/
[2026-08-25 09:13:41] [49/105] Majesty Professional Photo殿堂館- | https://www.majestyprofessional.com/
[2026-08-25 09:13:41]   ↳ 已存在，跳過 (Majesty-Professional-Photo殿堂館-專業照首選.html)
[2026-08-25 09:13:41]   ↳ 已存在，跳過 (Majesty-Professional-Photo殿堂館-專業照首選.html)
[2026-08-25 09:13:41] [50/105] Owl Photo Studio 貓頭鷹照相館 | https://www.owlphoto.hk/
[2026-08-25 09:13:41] [50/105] Owl Photo Studio 貓頭鷹照相館 | https://www.owlphoto.hk/
[2026-08-25 09:13:41]   ↳ 已存在，跳過 (Owl-Photo-Studio-貓頭鷹照相館.html)
[2026-08-25 09:13:41]   ↳ 已存在，跳過 (Owl-Photo-Studio-貓頭鷹照相館.html)
[2026-08-25 09:13:41] [51/105] Yat Tung Heen - Eaton HK | https://www.yattungheen.com/
[2026-08-25 09:13:41] [51/105] Yat Tung Heen - Eaton HK | https://www.yattungheen.com/
[2026-08-25 09:13:41]   ↳ 已存在，跳過 (Yat-Tung-Heen---Eaton-HK.html)
[2026-08-25 09:13:41]   ↳ 已存在，跳過 (Yat-Tung-Heen---Eaton-HK.html)
[2026-08-25 09:13:41] [52/105] Hair Quest Hair salon Central | https://www.hairquest-hk.com/
[2026-08-25 09:13:41] [52/105] Hair Quest Hair salon Central | https://www.hairquest-hk.com/
[2026-08-25 09:13:41]   ↳ 已存在，跳過 (Hair-Quest-Hair-salon-Central.html)
[2026-08-25 09:13:41]   ↳ 已存在，跳過 (Hair-Quest-Hair-salon-Central.html)
[2026-08-25 09:13:41] [53/105] 天下猫猫一様猫 | https://www.catiscat.com.hk/
[2026-08-25 09:13:41] [53/105] 天下猫猫一様猫 | https://www.catiscat.com.hk/
[2026-08-25 09:13:41]   ↳ 已存在，跳過 (天下猫猫一様猫.html)
[2026-08-25 09:13:41]   ↳ 已存在，跳過 (天下猫猫一様猫.html)
[2026-08-25 09:13:41] [54/105] Bora beauty | https://bora.hk/
[2026-08-25 09:13:41] [54/105] Bora beauty | https://bora.hk/
[2026-08-25 09:13:41]   ↳ 已存在，跳過 (Bora-beauty.html)
[2026-08-25 09:13:41]   ↳ 已存在，跳過 (Bora-beauty.html)
[2026-08-25 09:13:41] [55/105] Dream Scenes Studio | http://dreamscenesstudio.com/
[2026-08-25 09:13:41] [55/105] Dream Scenes Studio | http://dreamscenesstudio.com/
[2026-08-25 09:13:41]   ↳ 已存在，跳過 (Dream-Scenes-Studio.html)
[2026-08-25 09:13:41]   ↳ 已存在，跳過 (Dream-Scenes-Studio.html)
[2026-08-25 09:13:41] [56/105] Dazzling Smile Dental Clinic 瑩 | https://dazzlingsmiledentalclinic.com/
[2026-08-25 09:13:41] [56/105] Dazzling Smile Dental Clinic 瑩 | https://dazzlingsmiledentalclinic.com/
[2026-08-25 09:13:41]   ↳ 已存在，跳過 (Dazzling-Smile-Dental-Clinic-瑩恩牙科診所.html)
[2026-08-25 09:13:41]   ↳ 已存在，跳過 (Dazzling-Smile-Dental-Clinic-瑩恩牙科診所.html)
[2026-08-25 09:13:41] [57/105] Family Smile Limited | http://www.familysmile.hk/
[2026-08-25 09:13:41] [57/105] Family Smile Limited | http://www.familysmile.hk/
[2026-08-25 09:13:41]   ↳ 已存在，跳過 (Family-Smile-Limited.html)
[2026-08-25 09:13:41]   ↳ 已存在，跳過 (Family-Smile-Limited.html)
[2026-08-25 09:13:41] [58/105] INDULGENCE hair & beauty salon | http://www.indulgence.hk/
[2026-08-25 09:13:41] [58/105] INDULGENCE hair & beauty salon | http://www.indulgence.hk/
[2026-08-25 09:13:41]   ↳ 已存在，跳過 (INDULGENCE-hair--beauty-salon.html)
[2026-08-25 09:13:41]   ↳ 已存在，跳過 (INDULGENCE-hair--beauty-salon.html)
[2026-08-25 09:13:41] [59/105] 花店 | 花束專家 | https://www.flowerbouquet.com.hk/
[2026-08-25 09:13:41] [59/105] 花店 | 花束專家 | https://www.flowerbouquet.com.hk/
[2026-08-25 09:13:41]   ↳ 已存在，跳過 (花店-花束專家.html)
[2026-08-25 09:13:41]   ↳ 已存在，跳過 (花店-花束專家.html)
[2026-08-25 09:13:41] [60/105] 網上訂花 ‧ 送花香港 | Fdhk 最高評分即日網上花店 | https://flowerdeliveryhongkong.com/zh
[2026-08-25 09:13:41] [60/105] 網上訂花 ‧ 送花香港 | Fdhk 最高評分即日網上花店 | https://flowerdeliveryhongkong.com/zh
[2026-08-25 09:13:41]   ↳ 已存在，跳過 (網上訂花--送花香港-Fdhk-最高評分即日網上花店.html)
[2026-08-25 09:13:41]   ↳ 已存在，跳過 (網上訂花--送花香港-Fdhk-最高評分即日網上花店.html)
[2026-08-25 09:13:41] [61/105] Rhine Flowers | https://rhineflowers.com/
[2026-08-25 09:13:41] [61/105] Rhine Flowers | https://rhineflowers.com/
[2026-08-25 09:13:41]   ↳ 已存在，跳過 (Rhine-Flowers.html)
[2026-08-25 09:13:41]   ↳ 已存在，跳過 (Rhine-Flowers.html)
[2026-08-25 09:13:41] [62/105] 香港花店｜網上訂花及送花｜Gift Flowers HK | https://giftflowers.com.hk/cn/
[2026-08-25 09:13:41] [62/105] 香港花店｜網上訂花及送花｜Gift Flowers HK | https://giftflowers.com.hk/cn/
[2026-08-25 09:13:41]   ↳ 已存在，跳過 (香港花店網上訂花及送花Gift-Flowers-HK.html)
[2026-08-25 09:13:41]   ↳ 已存在，跳過 (香港花店網上訂花及送花Gift-Flowers-HK.html)
[2026-08-25 09:13:41] [63/105] Flora Floriculture - 花店 | https://www.floraf.com.hk/
[2026-08-25 09:13:41] [63/105] Flora Floriculture - 花店 | https://www.floraf.com.hk/
[2026-08-25 09:13:41]   ↳ 已存在，跳過 (Flora-Floriculture---花店.html)
[2026-08-25 09:13:41]   ↳ 已存在，跳過 (Flora-Floriculture---花店.html)
[2026-08-25 09:13:41] [64/105] 香港花店 | https://www.mrsliuflorist.com/
[2026-08-25 09:13:41] [64/105] 香港花店 | https://www.mrsliuflorist.com/
[2026-08-25 09:13:41]   ↳ 已存在，跳過 (香港花店.html)
[2026-08-25 09:13:41]   ↳ 已存在，跳過 (香港花店.html)
[2026-08-25 09:13:41] [65/105] 網上花店| 網上訂花 | 即日送花 | HKfashop | https://hkfashop.com/
[2026-08-25 09:13:41] [65/105] 網上花店| 網上訂花 | 即日送花 | HKfashop | https://hkfashop.com/
[2026-08-25 09:13:41]   ↳ 已存在，跳過 (網上花店-網上訂花-即日送花-HKfashop.html)
[2026-08-25 09:13:41]   ↳ 已存在，跳過 (網上花店-網上訂花-即日送花-HKfashop.html)
[2026-08-25 09:13:41] [66/105] 【 送花】 ｜訂花｜Flowerbee Florist訂花束 | https://flowerbee-hk.com/zh
[2026-08-25 09:13:41] [66/105] 【 送花】 ｜訂花｜Flowerbee Florist訂花束 | https://flowerbee-hk.com/zh
[2026-08-25 09:13:41]   ↳ 已存在，跳過 (送花-訂花Flowerbee-Florist訂花束---Flowerbee-HK-Florist.html)
[2026-08-25 09:13:41]   ↳ 已存在，跳過 (送花-訂花Flowerbee-Florist訂花束---Flowerbee-HK-Florist.html)
[2026-08-25 09:13:41] [67/105] 花點時間｜香港旺角花墟實體花店：24小時訂花、鮮花花束、開張 | https://www.reflower.com.hk/
[2026-08-25 09:13:41] [67/105] 花點時間｜香港旺角花墟實體花店：24小時訂花、鮮花花束、開張 | https://www.reflower.com.hk/
[2026-08-25 09:13:41]   ↳ 已存在，跳過 (花點時間香港旺角花墟實體花店24小時訂花鮮花花束開張花籃鮮花批發---花點時間-Reflower.html)
[2026-08-25 09:13:41]   ↳ 已存在，跳過 (花點時間香港旺角花墟實體花店24小時訂花鮮花花束開張花籃鮮花批發---花點時間-Reflower.html)
[2026-08-25 09:13:41] [68/105] 香港花店- 首頁花店推薦 - 我們代表和倡導位於香港島、九龍 | https://zh-hk.hk-florist.org/
[2026-08-25 09:13:41] [68/105] 香港花店- 首頁花店推薦 - 我們代表和倡導位於香港島、九龍 | https://zh-hk.hk-florist.org/
[2026-08-25 09:13:41]   ↳ 已存在，跳過 (香港花店--首頁花店推薦---我們代表和倡導位於香港島九龍和新界的花店以及在線花店和鮮花配送公司.html)
[2026-08-25 09:13:41]   ↳ 已存在，跳過 (香港花店--首頁花店推薦---我們代表和倡導位於香港島九龍和新界的花店以及在線花店和鮮花配送公司.html)
[2026-08-25 09:13:41] [69/105] 有花漾 ZH Flowers | https://www.zh-flowers.com/
[2026-08-25 09:13:41] [69/105] 有花漾 ZH Flowers | https://www.zh-flowers.com/
[2026-08-25 09:13:41]   ↳ 已存在，跳過 (有花漾-ZH-Flowers.html)
[2026-08-25 09:13:41]   ↳ 已存在，跳過 (有花漾-ZH-Flowers.html)
[2026-08-25 09:13:41] [70/105] 花店花生花華 | FaSunflower Florist | https://www.fasunflower.com/
[2026-08-25 09:13:41] [70/105] 花店花生花華 | FaSunflower Florist | https://www.fasunflower.com/
[2026-08-25 09:13:41]   ↳ 已存在，跳過 (花店花生花華-FaSunflower-Florist.html)
[2026-08-25 09:13:41]   ↳ 已存在，跳過 (花店花生花華-FaSunflower-Florist.html)
[2026-08-25 09:13:41] [71/105] 格蘭花店 Grand Floral & Gift Shop | https://grand.com.hk/
[2026-08-25 09:13:41] [71/105] 格蘭花店 Grand Floral & Gift Shop | https://grand.com.hk/
[2026-08-25 09:13:41]   ↳ 已存在，跳過 (格蘭花店-Grand-Floral--Gift-Shop.html)
[2026-08-25 09:13:41]   ↳ 已存在，跳過 (格蘭花店-Grand-Floral--Gift-Shop.html)
[2026-08-25 09:13:41] [72/105] WHY Studio - 上環證件相｜學生相｜專業形象照 | https://www.whystudiohk.com/
[2026-08-25 09:13:41] [72/105] WHY Studio - 上環證件相｜學生相｜專業形象照 | https://www.whystudiohk.com/
[2026-08-25 09:13:41]   ↳ 已存在，跳過 (WHY-Studio---上環證件相學生相專業形象照.html)
[2026-08-25 09:13:41]   ↳ 已存在，跳過 (WHY-Studio---上環證件相學生相專業形象照.html)
[2026-08-25 09:13:41] [73/105] Cat Watt 晴珊猫舎 | http://www.catwatt.com/
[2026-08-25 09:13:41] [73/105] Cat Watt 晴珊猫舎 | http://www.catwatt.com/
[2026-08-25 09:13:41]   ↳ 已存在，跳過 (Cat-Watt-晴珊猫舎.html)
[2026-08-25 09:13:41]   ↳ 已存在，跳過 (Cat-Watt-晴珊猫舎.html)
[2026-08-25 09:13:41] [74/105] 牙齒矯正及兒童齒科中心 (旺角朗豪坊) | Orthodon | https://www.ortho-center.com/
[2026-08-25 09:13:41] [74/105] 牙齒矯正及兒童齒科中心 (旺角朗豪坊) | Orthodon | https://www.ortho-center.com/
[2026-08-25 09:13:41]   ↳ 已存在，跳過 (牙齒矯正及兒童齒科中心-旺角朗豪坊-Orthodontic--Childrens-Dental-Center-Langh.html)
[2026-08-25 09:13:41]   ↳ 已存在，跳過 (牙齒矯正及兒童齒科中心-旺角朗豪坊-Orthodontic--Childrens-Dental-Center-Langh.html)
[2026-08-25 09:13:41] [75/105] HALO Flowers | https://haloflowers.com.hk/zh-hant/
[2026-08-25 09:13:41] [75/105] HALO Flowers | https://haloflowers.com.hk/zh-hant/
[2026-08-25 09:13:41]   ↳ 已存在，跳過 (HALO-Flowers.html)
[2026-08-25 09:13:41]   ↳ 已存在，跳過 (HALO-Flowers.html)
[2026-08-25 09:13:41] [76/105] Pettington 柏靈頓獸醫寵物用品 | https://www.pettington.com/
[2026-08-25 09:13:41] [76/105] Pettington 柏靈頓獸醫寵物用品 | https://www.pettington.com/
[2026-08-25 09:13:41]   ↳ 已存在，跳過 (Pettington-柏靈頓獸醫寵物用品.html)
[2026-08-25 09:13:41]   ↳ 已存在，跳過 (Pettington-柏靈頓獸醫寵物用品.html)
[2026-08-25 09:13:41] [77/105] 皓保牙科診所 Craft Smile Dental Cent | https://zh.drchrischeung.com/
[2026-08-25 09:13:41] [77/105] 皓保牙科診所 Craft Smile Dental Cent | https://zh.drchrischeung.com/
[2026-08-25 09:13:41]   ↳ 已存在，跳過 (皓保牙科診所-Craft-Smile-Dental-Center.html)
[2026-08-25 09:13:41]   ↳ 已存在，跳過 (皓保牙科診所-Craft-Smile-Dental-Center.html)
[2026-08-25 09:13:41] [78/105] Toyota Kowloon Bay Service Cen | https://www.toyota.com.hk/?utm_campaign=gmb&utm_medium=organic&utm_source=local
[2026-08-25 09:13:41] [78/105] Toyota Kowloon Bay Service Cen | https://www.toyota.com.hk/?utm_campaign=gmb&utm_medium=organic&utm_source=local
[2026-08-25 09:13:41]   ↳ 已存在，跳過 (Toyota-Kowloon-Bay-Service-Centre-Mechanical.html)
[2026-08-25 09:13:41]   ↳ 已存在，跳過 (Toyota-Kowloon-Bay-Service-Centre-Mechanical.html)
[2026-08-25 09:13:41] [79/105] Anglo Chinese Florist | http://www.anglochinese.com/
[2026-08-25 09:13:41] [79/105] Anglo Chinese Florist | http://www.anglochinese.com/
[2026-08-25 09:13:41]   ↳ 已存在，跳過 (Anglo-Chinese-Florist.html)
[2026-08-25 09:13:41]   ↳ 已存在，跳過 (Anglo-Chinese-Florist.html)
[2026-08-25 09:13:41] [80/105] Photobi HK 韓式 証件相拍摂工作室 - 湾仔店 | https://photobi.hk/
[2026-08-25 09:13:41] [80/105] Photobi HK 韓式 証件相拍摂工作室 - 湾仔店 | https://photobi.hk/
[2026-08-25 09:13:41]   ↳ 已存在，跳過 (Photobi-HK-韓式-証件相拍摂工作室---湾仔店.html)
[2026-08-25 09:13:41]   ↳ 已存在，跳過 (Photobi-HK-韓式-証件相拍摂工作室---湾仔店.html)
[2026-08-25 09:13:41] [81/105] Advance Pet Food | http://advancepetfood.com/
[2026-08-25 09:13:41] [81/105] Advance Pet Food | http://advancepetfood.com/
[2026-08-25 09:13:41]   ↳ 已存在，跳過 (Advance-Pet-Food.html)
[2026-08-25 09:13:41]   ↳ 已存在，跳過 (Advance-Pet-Food.html)
[2026-08-25 09:13:41] [82/105] Anna Maria Studio | http://annamstudio.com/
[2026-08-25 09:13:41] [82/105] Anna Maria Studio | http://annamstudio.com/
[2026-08-25 09:13:41]   ↳ 已存在，跳過 (Anna-Maria-Studio.html)
[2026-08-25 09:13:41]   ↳ 已存在，跳過 (Anna-Maria-Studio.html)
[2026-08-25 09:13:41] [83/105] 1984 HAIR SALON | https://1984hairsalon.wixsite.com/1984-hairsalon
[2026-08-25 09:13:41] [83/105] 1984 HAIR SALON | https://1984hairsalon.wixsite.com/1984-hairsalon
[2026-08-25 09:13:41]   ↳ 已存在，跳過 (1984-HAIR-SALON.html)
[2026-08-25 09:13:41]   ↳ 已存在，跳過 (1984-HAIR-SALON.html)
[2026-08-25 09:13:41] [84/105] Bulls PPF 専門店 | https://www.ppf.com.hk/
[2026-08-25 09:13:41] [84/105] Bulls PPF 専門店 | https://www.ppf.com.hk/
[2026-08-25 09:13:41]   ↳ 已存在，跳過 (Bulls-PPF-専門店.html)
[2026-08-25 09:13:41]   ↳ 已存在，跳過 (Bulls-PPF-専門店.html)
[2026-08-25 09:13:41] [85/105] LEEKAJA X AMONG Hair Salon Cen | https://www.leekaja.hk/
[2026-08-25 09:13:41] [85/105] LEEKAJA X AMONG Hair Salon Cen | https://www.leekaja.hk/
[2026-08-25 09:13:41]   ↳ 已存在，跳過 (LEEKAJA-X-AMONG-Hair-Salon-Century-Square-in-Hongkong-한국-미용실.html)
[2026-08-25 09:13:41]   ↳ 已存在，跳過 (LEEKAJA-X-AMONG-Hair-Salon-Century-Square-in-Hongkong-한국-미용실.html)
[2026-08-25 09:13:41] [86/105] MEGAPET (Kowloon City Shop) | http://www.megapet.com.hk/
[2026-08-25 09:13:41] [86/105] MEGAPET (Kowloon City Shop) | http://www.megapet.com.hk/
[2026-08-25 09:13:41]   ↳ 已存在，跳過 (MEGAPET-Kowloon-City-Shop.html)
[2026-08-25 09:13:41]   ↳ 已存在，跳過 (MEGAPET-Kowloon-City-Shop.html)
[2026-08-25 09:13:41] [87/105] 仁健牙科 Nixon Dental (太子牙醫/旺角牙醫/洗 | http://www.nixondental.com/
[2026-08-25 09:13:41] [87/105] 仁健牙科 Nixon Dental (太子牙醫/旺角牙醫/洗 | http://www.nixondental.com/
[2026-08-25 09:13:41]   ↳ 已存在，跳過 (仁健牙科-Nixon-Dental-太子牙醫-旺角牙醫-洗牙-補牙-種牙-植牙-杜牙根-智慧齒-箍牙-Invisalig.html)
[2026-08-25 09:13:41]   ↳ 已存在，跳過 (仁健牙科-Nixon-Dental-太子牙醫-旺角牙醫-洗牙-補牙-種牙-植牙-杜牙根-智慧齒-箍牙-Invisalig.html)
[2026-08-25 09:13:41] [88/105] 香港車房及汽車維修 | CarService.hk | https://www.carservice.hk/zh-hk
[2026-08-25 09:13:41] [88/105] 香港車房及汽車維修 | CarService.hk | https://www.carservice.hk/zh-hk
[2026-08-25 09:13:41]   ↳ 已存在，跳過 (香港車房及汽車維修-CarService.hk.html)
[2026-08-25 09:13:41]   ↳ 已存在，跳過 (香港車房及汽車維修-CarService.hk.html)
[2026-08-25 09:13:41] [89/105] 24小時 上門汽車維修保養服務 | https://garage-hk.com/onsite.php
[2026-08-25 09:13:41] [89/105] 24小時 上門汽車維修保養服務 | https://garage-hk.com/onsite.php
[2026-08-25 09:13:41]   ↳ 已存在，跳過 (24小時-上門汽車維修保養服務.html)
[2026-08-25 09:13:41]   ↳ 已存在，跳過 (24小時-上門汽車維修保養服務.html)
[2026-08-25 09:13:41] [90/105] 保養及維修服務 - Dchmsc | https://www.dchmsc.com/zh/maintenance-repair
[2026-08-25 09:13:41] [90/105] 保養及維修服務 - Dchmsc | https://www.dchmsc.com/zh/maintenance-repair
[2026-08-25 09:13:41]   ↳ 已存在，跳過 (保養及維修服務---Dchmsc.html)
[2026-08-25 09:13:41]   ↳ 已存在，跳過 (保養及維修服務---Dchmsc.html)
[2026-08-25 09:13:41] [91/105] Carro Care | https://carro.co/hk/zh-hant-hk/carro-care
[2026-08-25 09:13:41] [91/105] Carro Care | https://carro.co/hk/zh-hant-hk/carro-care
[2026-08-25 09:13:41]   ↳ 已存在，跳過 (Carro-Care.html)
[2026-08-25 09:13:41]   ↳ 已存在，跳過 (Carro-Care.html)
[2026-08-25 09:13:41] [92/105] 車師傅 - 全港認證車師傅總匯 | https://www.mastercar.hk/
[2026-08-25 09:13:41] [92/105] 車師傅 - 全港認證車師傅總匯 | https://www.mastercar.hk/
[2026-08-25 09:13:41]   ↳ 已存在，跳過 (車師傅---全港認證車師傅總匯.html)
[2026-08-25 09:13:41]   ↳ 已存在，跳過 (車師傅---全港認證車師傅總匯.html)
[2026-08-25 09:13:41] [93/105] 堅記車房平台 | https://www.kinkeecar.com/
[2026-08-25 09:13:41] [93/105] 堅記車房平台 | https://www.kinkeecar.com/
[2026-08-25 09:13:41]   ↳ 已存在，跳過 (堅記車房平台.html)
[2026-08-25 09:13:41]   ↳ 已存在，跳過 (堅記車房平台.html)
[2026-08-25 09:13:41] [94/105] 汽車保養及汽車維修 | CarService.hk | https://www.carservice.hk/zh-hk/services/car-servicing
[2026-08-25 09:13:41] [94/105] 汽車保養及汽車維修 | CarService.hk | https://www.carservice.hk/zh-hk/services/car-servicing
[2026-08-25 09:13:41]   ↳ 已存在，跳過 (汽車保養及汽車維修-CarService.hk.html)
[2026-08-25 09:13:41]   ↳ 已存在，跳過 (汽車保養及汽車維修-CarService.hk.html)
[2026-08-25 09:13:41] [95/105] 汽車維修 - Anyone | https://www.anyonehk.com/%E6%B1%BD%E8%BB%8A%E7%B6%AD%E4%BF%AE/
[2026-08-25 09:13:41] [95/105] 汽車維修 - Anyone | https://www.anyonehk.com/%E6%B1%BD%E8%BB%8A%E7%B6%AD%E4%BF%AE/
[2026-08-25 09:13:41]   ↳ 已存在，跳過 (汽車維修---Anyone.html)
[2026-08-25 09:13:41]   ↳ 已存在，跳過 (汽車維修---Anyone.html)
[2026-08-25 09:13:41] [96/105] 香港汽車維修公司名錄 - 新成立/注册及已更改名称的公司名单 | https://hkg.databasesets.com/zh-hant/gongsimingdan/type/Motor_Service
[2026-08-25 09:13:41] [96/105] 香港汽車維修公司名錄 - 新成立/注册及已更改名称的公司名单 | https://hkg.databasesets.com/zh-hant/gongsimingdan/type/Motor_Service
[2026-08-25 09:13:41]   ↳ 已存在，跳過 (香港汽車維修公司名錄---新成立-注册及已更改名称的公司名单.html)
[2026-08-25 09:13:41]   ↳ 已存在，跳過 (香港汽車維修公司名錄---新成立-注册及已更改名称的公司名单.html)
[2026-08-25 09:13:41] [97/105] 汽車服務公司 - Driver.com.hk | https://www.driver.com.hk/service
[2026-08-25 09:13:41] [97/105] 汽車服務公司 - Driver.com.hk | https://www.driver.com.hk/service
[2026-08-25 09:13:41]   ↳ 已存在，跳過 (汽車服務公司---Driver.com.hk.html)
[2026-08-25 09:13:41]   ↳ 已存在，跳過 (汽車服務公司---Driver.com.hk.html)
[2026-08-25 09:13:41] [98/105] 最佳香港花店推介 送花訂花好去處/網上買花 | https://www.timeout.com.hk/hong-kong/hk/%E8%B3%BC%E7%89%A9/%E6%9C%80%E4%BD%B3%E9%A6%99%E6%B8%AF%E8%8A%B1%E5%BA%97%E6%8E%A8%E4%BB%8B-%E9%80%81%E8%8A%B1%E8%A8%82%E8%8A%B1%E5%A5%BD%E5%8E%BB%E8%99%95-%E7%B6%B2%E4%B8%8A%E8%B2%B7%E8%8A%B1
[2026-08-25 09:13:41] [98/105] 最佳香港花店推介 送花訂花好去處/網上買花 | https://www.timeout.com.hk/hong-kong/hk/%E8%B3%BC%E7%89%A9/%E6%9C%80%E4%BD%B3%E9%A6%99%E6%B8%AF%E8%8A%B1%E5%BA%97%E6%8E%A8%E4%BB%8B-%E9%80%81%E8%8A%B1%E8%A8%82%E8%8A%B1%E5%A5%BD%E5%8E%BB%E8%99%95-%E7%B6%B2%E4%B8%8A%E8%B2%B7%E8%8A%B1
[2026-08-25 09:13:41]   ↳ 已存在，跳過 (最佳香港花店推介-送花訂花好去處-網上買花.html)
[2026-08-25 09:13:41]   ↳ 已存在，跳過 (最佳香港花店推介-送花訂花好去處-網上買花.html)
[2026-08-25 09:13:41] [99/105] HK Florist Directory | https://zh-hk.hk-florist.org/hk-florist-directory/
[2026-08-25 09:13:41] [99/105] HK Florist Directory | https://zh-hk.hk-florist.org/hk-florist-directory/
[2026-08-25 09:13:41]   ↳ 已存在，跳過 (HK-Florist-Directory.html)
[2026-08-25 09:13:41]   ↳ 已存在，跳過 (HK-Florist-Directory.html)
[2026-08-25 09:13:41] [100/105] 主頁 | https://shunkeeflowers.com.hk/
[2026-08-25 09:13:41] [100/105] 主頁 | https://shunkeeflowers.com.hk/
[2026-08-25 09:13:41]   ↳ 已存在，跳過 (主頁.html)
[2026-08-25 09:13:41]   ↳ 已存在，跳過 (主頁.html)
[2026-08-25 09:13:41] [101/105] Kushiro | http://www.kushiro.com.hk/
[2026-08-25 09:13:41] [101/105] Kushiro | http://www.kushiro.com.hk/
[2026-08-25 09:13:41]   ↳ 已存在，跳過 (Kushiro.html)
[2026-08-25 09:13:41]   ↳ 已存在，跳過 (Kushiro.html)
[2026-08-25 09:13:41] [102/105] PETNAR LIVING 裝修工程 室內設計 傢俬訂製 | https://petnar-living.com/interior-design/
[2026-08-25 09:13:41] [102/105] PETNAR LIVING 裝修工程 室內設計 傢俬訂製 | https://petnar-living.com/interior-design/
[2026-08-25 09:13:41]   ↳ 已存在，跳過 (PETNAR-LIVING-裝修工程-室內設計-傢俬訂製.html)
[2026-08-25 09:13:41]   ↳ 已存在，跳過 (PETNAR-LIVING-裝修工程-室內設計-傢俬訂製.html)
[2026-08-25 09:13:41] [103/105] 太子中学補習社 - 立方教育 | https://www.ilearndse.com/
[2026-08-25 09:13:41] [103/105] 太子中学補習社 - 立方教育 | https://www.ilearndse.com/
[2026-08-25 09:13:41]   ↳ 已存在，跳過 (太子中学補習社---立方教育.html)
[2026-08-25 09:13:41]   ↳ 已存在，跳過 (太子中学補習社---立方教育.html)
[2026-08-25 09:13:41] [104/105] Speedycat Photo Studio | https://www.speedycat.com.hk/
[2026-08-25 09:13:41] [104/105] Speedycat Photo Studio | https://www.speedycat.com.hk/
[2026-08-25 09:13:41]   ↳ 已存在，跳過 (Speedycat-Photo-Studio.html)
[2026-08-25 09:13:41]   ↳ 已存在，跳過 (Speedycat-Photo-Studio.html)
[2026-08-25 09:13:41] [105/105] 進研教育 - 英文中文數學補習社 (北角分校) | https://www.joinin-education.com/
[2026-08-25 09:13:41] [105/105] 進研教育 - 英文中文數學補習社 (北角分校) | https://www.joinin-education.com/
[2026-08-25 09:13:41]   ↳ 已存在，跳過 (進研教育---英文中文數學補習社-北角分校.html)
[2026-08-25 09:13:41]   ↳ 已存在，跳過 (進研教育---英文中文數學補習社-北角分校.html)
[2026-08-25 09:13:41] == 完成 ==
[2026-08-25 09:13:41] == 完成 ==
[2026-08-25 09:13:41] 成功 105 個，失敗 0 個
[2026-08-25 09:13:41] 成功 105 個，失敗 0 個

── 失敗清單 ──
[2026-08-25 09:13:41] == 開始為 0 間「沒網站但有聯絡」的商家建立一頁式網頁 → /home/ubuntu/.mok/html/project/MokCs ==
[2026-08-25 09:13:41] == 開始為 0 間「沒網站但有聯絡」的商家建立一頁式網頁 → /home/ubuntu/.mok/html/project/MokCs ==
[2026-08-25 09:13:41] == 一頁式網頁完成：0/0 ==
[2026-08-25 09:13:41] == 一頁式網頁完成：0/0 ==
[2026-08-25 09:43:40]   過濾：106 間 → 保留 106 間有 WhatsApp/Email 的商家
[2026-08-25 09:43:40]   過濾：106 間 → 保留 106 間有 WhatsApp/Email 的商家
[2026-08-25 09:43:40] == 開始克隆 106 個商家首頁 → /home/ubuntu/.mok/html/project/MokCs ==
[2026-08-25 09:43:40] == 開始克隆 106 個商家首頁 → /home/ubuntu/.mok/html/project/MokCs ==
[2026-08-25 09:43:40] [1/106] Hutong | https://hutong.com.hk/
[2026-08-25 09:43:40] [1/106] Hutong | https://hutong.com.hk/
[2026-08-25 09:43:40]   ↳ 已存在，跳過 (Hutong.html)
[2026-08-25 09:43:40]   ↳ 已存在，跳過 (Hutong.html)
[2026-08-25 09:43:40] [2/106] The Chairman Restaurant | https://www.thechairmangroup.com/
[2026-08-25 09:43:40] [2/106] The Chairman Restaurant | https://www.thechairmangroup.com/
[2026-08-25 09:43:40]   ↳ 已存在，跳過 (The-Chairman-Restaurant.html)
[2026-08-25 09:43:40]   ↳ 已存在，跳過 (The-Chairman-Restaurant.html)
[2026-08-25 09:43:40] [3/106] 南蛮亭香港店 | http://nanbantei.com.hk/
[2026-08-25 09:43:40] [3/106] 南蛮亭香港店 | http://nanbantei.com.hk/
[2026-08-25 09:43:40]   ↳ 已存在，跳過 (南蛮亭香港店.html)
[2026-08-25 09:43:40]   ↳ 已存在，跳過 (南蛮亭香港店.html)
[2026-08-25 09:43:40] [4/106] 添好運點心專賣店 | https://www.timhowan.com.hk/
[2026-08-25 09:43:40] [4/106] 添好運點心專賣店 | https://www.timhowan.com.hk/
[2026-08-25 09:43:40]   ↳ 已存在，跳過 (添好運點心專賣店.html)
[2026-08-25 09:43:40]   ↳ 已存在，跳過 (添好運點心專賣店.html)
[2026-08-25 09:43:40] [5/106] La Petite Maison (LPM) Hong Ko | https://lpmrestaurants.com/hongkong/
[2026-08-25 09:43:40] [5/106] La Petite Maison (LPM) Hong Ko | https://lpmrestaurants.com/hongkong/
[2026-08-25 09:43:40]   ↳ 已存在，跳過 (La-Petite-Maison-LPM-Hong-Kong.html)
[2026-08-25 09:43:40]   ↳ 已存在，跳過 (La-Petite-Maison-LPM-Hong-Kong.html)
[2026-08-25 09:43:40] [6/106] Glow Hong Kong | https://www.glowspa.hk/
[2026-08-25 09:43:40] [6/106] Glow Hong Kong | https://www.glowspa.hk/
[2026-08-25 09:43:40]   ↳ 已存在，跳過 (Glow-Hong-Kong.html)
[2026-08-25 09:43:40]   ↳ 已存在，跳過 (Glow-Hong-Kong.html)
[2026-08-25 09:43:40] [7/106] Mó The Slow Bloom | https://www.mo-hk.com/
[2026-08-25 09:43:40] [7/106] Mó The Slow Bloom | https://www.mo-hk.com/
[2026-08-25 09:43:40]   ↳ 已存在，跳過 (Mó-The-Slow-Bloom.html)
[2026-08-25 09:43:40]   ↳ 已存在，跳過 (Mó-The-Slow-Bloom.html)
[2026-08-25 09:43:40] [8/106] Lux Medical 医繊美 | https://www.luxbeauty.hk/
[2026-08-25 09:43:40] [8/106] Lux Medical 医繊美 | https://www.luxbeauty.hk/
[2026-08-25 09:43:40]   ↳ 已存在，跳過 (Lux-Medical-医繊美.html)
[2026-08-25 09:43:40]   ↳ 已存在，跳過 (Lux-Medical-医繊美.html)
[2026-08-25 09:43:40] [9/106] 114HAIR | http://www.114hair.com/
[2026-08-25 09:43:40] [9/106] 114HAIR | http://www.114hair.com/
[2026-08-25 09:43:40]   ↳ 已存在，跳過 (114HAIR.html)
[2026-08-25 09:43:40]   ↳ 已存在，跳過 (114HAIR.html)
[2026-08-25 09:43:40] [10/106] Love Hair | http://www.lovehairhk.com/
[2026-08-25 09:43:40] [10/106] Love Hair | http://www.lovehairhk.com/
[2026-08-25 09:43:40]   ↳ 已存在，跳過 (Love-Hair.html)
[2026-08-25 09:43:40]   ↳ 已存在，跳過 (Love-Hair.html)
[2026-08-25 09:43:40] [11/106] TONI&GUY HK | http://www.toniandguyhk.com/
[2026-08-25 09:43:40] [11/106] TONI&GUY HK | http://www.toniandguyhk.com/
[2026-08-25 09:43:40]   ↳ 已存在，跳過 (TONIGUY-HK.html)
[2026-08-25 09:43:40]   ↳ 已存在，跳過 (TONIGUY-HK.html)
[2026-08-25 09:43:40] [12/106] iMPROVE HAiR-尖沙咀salon 尖沙咀剪髮 尖沙 | http://www.ihair.com.hk/
[2026-08-25 09:43:40] [12/106] iMPROVE HAiR-尖沙咀salon 尖沙咀剪髮 尖沙 | http://www.ihair.com.hk/
[2026-08-25 09:43:40]   ↳ 已存在，跳過 (iMPROVE-HAiR-尖沙咀salon-尖沙咀剪髮-尖沙咀髮廊-尖沙咀中藥染髮-尖沙咀假髮-尖沙咀頭皮護理.html)
[2026-08-25 09:43:40]   ↳ 已存在，跳過 (iMPROVE-HAiR-尖沙咀salon-尖沙咀剪髮-尖沙咀髮廊-尖沙咀中藥染髮-尖沙咀假髮-尖沙咀頭皮護理.html)
[2026-08-25 09:43:40] [13/106] 金澱装修工程有限公司 | https://www.palaceengineeringltd.com/
[2026-08-25 09:43:40] [13/106] 金澱装修工程有限公司 | https://www.palaceengineeringltd.com/
[2026-08-25 09:43:40]   ↳ 已存在，跳過 (金澱装修工程有限公司.html)
[2026-08-25 09:43:40]   ↳ 已存在，跳過 (金澱装修工程有限公司.html)
[2026-08-25 09:43:40] [14/106] 鋒主義 - 室內設計公司 | 室內裝修工程 | 工期 報價  | https://www.fungstyle.com.hk/
[2026-08-25 09:43:40] [14/106] 鋒主義 - 室內設計公司 | 室內裝修工程 | 工期 報價  | https://www.fungstyle.com.hk/
[2026-08-25 09:43:40]   ↳ 已存在，跳過 (鋒主義---室內設計公司-室內裝修工程-工期-報價-服務-三大保證.html)
[2026-08-25 09:43:40]   ↳ 已存在，跳過 (鋒主義---室內設計公司-室內裝修工程-工期-報價-服務-三大保證.html)
[2026-08-25 09:43:40] [15/106] 装修兄弟 | http://www.renobro.com.hk/
[2026-08-25 09:43:40] [15/106] 装修兄弟 | http://www.renobro.com.hk/
[2026-08-25 09:43:40]   ↳ 已存在，跳過 (装修兄弟.html)
[2026-08-25 09:43:40]   ↳ 已存在，跳過 (装修兄弟.html)
[2026-08-25 09:43:40] [16/106] 居屋皇 House king | 香港室内設計及装修公司 | http://housekinghk.com/
[2026-08-25 09:43:40] [16/106] 居屋皇 House king | 香港室内設計及装修公司 | http://housekinghk.com/
[2026-08-25 09:43:40]   ↳ 已存在，跳過 (居屋皇-House-king-香港室内設計及装修公司.html)
[2026-08-25 09:43:40]   ↳ 已存在，跳過 (居屋皇-House-king-香港室内設計及装修公司.html)
[2026-08-25 09:43:40] [17/106] Toby 裝修設計平台｜免費裝修報價｜香港裝修公司及室內設計 | https://www.hellotoby.com/zh-hk/id
[2026-08-25 09:43:40] [17/106] Toby 裝修設計平台｜免費裝修報價｜香港裝修公司及室內設計 | https://www.hellotoby.com/zh-hk/id
[2026-08-25 09:43:40]   ↳ 已存在，跳過 (Toby-裝修設計平台免費裝修報價香港裝修公司及室內設計公司.html)
[2026-08-25 09:43:40]   ↳ 已存在，跳過 (Toby-裝修設計平台免費裝修報價香港裝修公司及室內設計公司.html)
[2026-08-25 09:43:40] [18/106] PET HK - Mid Levels Edition | http://pethk.com/
[2026-08-25 09:43:40] [18/106] PET HK - Mid Levels Edition | http://pethk.com/
[2026-08-25 09:43:40]   ↳ 已存在，跳過 (PET-HK---Mid-Levels-Edition.html)
[2026-08-25 09:43:40]   ↳ 已存在，跳過 (PET-HK---Mid-Levels-Edition.html)
[2026-08-25 09:43:40] [19/106] Ruff & Fetch 拉夫寵物生活 (佐敦 Jordan | http://www.ruffandfetch.com/
[2026-08-25 09:43:40] [19/106] Ruff & Fetch 拉夫寵物生活 (佐敦 Jordan | http://www.ruffandfetch.com/
[2026-08-25 09:43:40]   ↳ 已存在，跳過 (Ruff--Fetch-拉夫寵物生活-佐敦-Jordan.html)
[2026-08-25 09:43:40]   ↳ 已存在，跳過 (Ruff--Fetch-拉夫寵物生活-佐敦-Jordan.html)
[2026-08-25 09:43:40] [20/106] HKTA香港導師会 | https://www.hkta.edu.hk/
[2026-08-25 09:43:40] [20/106] HKTA香港導師会 | https://www.hkta.edu.hk/
[2026-08-25 09:43:40]   ↳ 已存在，跳過 (HKTA香港導師会.html)
[2026-08-25 09:43:40]   ↳ 已存在，跳過 (HKTA香港導師会.html)
[2026-08-25 09:43:40] [21/106] 騎士数学 Knight Mathematics - Band | https://knightmaths.edu.hk/
[2026-08-25 09:43:40] [21/106] 騎士数学 Knight Mathematics - Band | https://knightmaths.edu.hk/
[2026-08-25 09:43:40]   ↳ 已存在，跳過 (騎士数学-Knight-Mathematics---Band-1-DSE-数学補習社.html)
[2026-08-25 09:43:40]   ↳ 已存在，跳過 (騎士数学-Knight-Mathematics---Band-1-DSE-数学補習社.html)
[2026-08-25 09:43:40] [22/106] 香港文化教育中心 | https://docs.google.com/forms/d/e/1FAIpQLSdjgsQlR4w8ZgKgE9RgAUPsPwrZzAZpo5SCULDDOgygEdeDnQ/viewform
[2026-08-25 09:43:40] [22/106] 香港文化教育中心 | https://docs.google.com/forms/d/e/1FAIpQLSdjgsQlR4w8ZgKgE9RgAUPsPwrZzAZpo5SCULDDOgygEdeDnQ/viewform
[2026-08-25 09:43:40]   ↳ 已存在，跳過 (香港文化教育中心.html)
[2026-08-25 09:43:40]   ↳ 已存在，跳過 (香港文化教育中心.html)
[2026-08-25 09:43:40] [23/106] GETUTOR 香港導師総会｜上門補習中介平台｜私補導師推介 | https://www.getutor.com.hk/
[2026-08-25 09:43:40] [23/106] GETUTOR 香港導師総会｜上門補習中介平台｜私補導師推介 | https://www.getutor.com.hk/
[2026-08-25 09:43:40]   ↳ 已存在，跳過 (GETUTOR-香港導師総会上門補習中介平台私補導師推介Private-Tutors-AgencyIB-IGCSE-A.html)
[2026-08-25 09:43:40]   ↳ 已存在，跳過 (GETUTOR-香港導師総会上門補習中介平台私補導師推介Private-Tutors-AgencyIB-IGCSE-A.html)
[2026-08-25 09:43:40] [24/106] 英博教学中心 - 数学中文英文補習 - 中小学補習社 | https://eplc.edu.hk/
[2026-08-25 09:43:40] [24/106] 英博教学中心 - 数学中文英文補習 - 中小学補習社 | https://eplc.edu.hk/
[2026-08-25 09:43:40]   ↳ 已存在，跳過 (英博教学中心---数学中文英文補習---中小学補習社.html)
[2026-08-25 09:43:40]   ↳ 已存在，跳過 (英博教学中心---数学中文英文補習---中小学補習社.html)
[2026-08-25 09:43:40] [25/106] 進研教育 - 英文中文数学補習社 | https://joinin-education.com/
[2026-08-25 09:43:40] [25/106] 進研教育 - 英文中文数学補習社 | https://joinin-education.com/
[2026-08-25 09:43:40]   ↳ 已存在，跳過 (進研教育---英文中文数学補習社.html)
[2026-08-25 09:43:40]   ↳ 已存在，跳過 (進研教育---英文中文数学補習社.html)
[2026-08-25 09:43:40] [26/106] 學斯教育(灣仔) | http://hoksi-edu.com/
[2026-08-25 09:43:40] [26/106] 學斯教育(灣仔) | http://hoksi-edu.com/
[2026-08-25 09:43:40]   ↳ 已存在，跳過 (學斯教育灣仔.html)
[2026-08-25 09:43:40]   ↳ 已存在，跳過 (學斯教育灣仔.html)
[2026-08-25 09:43:40] [27/106] 補習社｜学博教育 Learn Smart Education | https://learnsmart.edu.hk/
[2026-08-25 09:43:40] [27/106] 補習社｜学博教育 Learn Smart Education | https://learnsmart.edu.hk/
[2026-08-25 09:43:40]   ↳ 已存在，跳過 (補習社学博教育-Learn-Smart-Education.html)
[2026-08-25 09:43:40]   ↳ 已存在，跳過 (補習社学博教育-Learn-Smart-Education.html)
[2026-08-25 09:43:40] [28/106] 24/7 Fitness Central | http://247.fitness/
[2026-08-25 09:43:40] [28/106] 24/7 Fitness Central | http://247.fitness/
[2026-08-25 09:43:40]   ↳ 已存在，跳過 (24-7-Fitness-Central.html)
[2026-08-25 09:43:40]   ↳ 已存在，跳過 (24-7-Fitness-Central.html)
[2026-08-25 09:43:40] [29/106] 啓弘牙科（旺角店）丨九龍/旺角牙医/智慧歯/箍牙/隠式美/全 | https://omnesdental.com/
[2026-08-25 09:43:40] [29/106] 啓弘牙科（旺角店）丨九龍/旺角牙医/智慧歯/箍牙/隠式美/全 | https://omnesdental.com/
[2026-08-25 09:43:40]   ↳ 已存在，跳過 (啓弘牙科旺角店丨九龍-旺角牙医-智慧歯-箍牙-隠式美-全方位牙科服務-専業治療牙痛-種植牙-補牙-剥牙-洗牙.html)
[2026-08-25 09:43:40]   ↳ 已存在，跳過 (啓弘牙科旺角店丨九龍-旺角牙医-智慧歯-箍牙-隠式美-全方位牙科服務-専業治療牙痛-種植牙-補牙-剥牙-洗牙.html)
[2026-08-25 09:43:40] [30/106] Smith & Jain Dentists 史密夫和鄭牙醫診 | https://smithandjaindentists.com/
[2026-08-25 09:43:40] [30/106] Smith & Jain Dentists 史密夫和鄭牙醫診 | https://smithandjaindentists.com/
[2026-08-25 09:43:40]   ↳ 已存在，跳過 (Smith--Jain-Dentists-史密夫和鄭牙醫診所.html)
[2026-08-25 09:43:40]   ↳ 已存在，跳過 (Smith--Jain-Dentists-史密夫和鄭牙醫診所.html)
[2026-08-25 09:43:40] [31/106] Home Dental (Tsim Sha Tsui Bra | https://homedentalhk.com/cn/contact-us/tst
[2026-08-25 09:43:40] [31/106] Home Dental (Tsim Sha Tsui Bra | https://homedentalhk.com/cn/contact-us/tst
[2026-08-25 09:43:40]   ↳ 已存在，跳過 (Home-Dental-Tsim-Sha-Tsui-Branch.html)
[2026-08-25 09:43:40]   ↳ 已存在，跳過 (Home-Dental-Tsim-Sha-Tsui-Branch.html)
[2026-08-25 09:43:40] [32/106] 伍裕彤牙医 | https://trucaredental.hk/
[2026-08-25 09:43:40] [32/106] 伍裕彤牙医 | https://trucaredental.hk/
[2026-08-25 09:43:40]   ↳ 已存在，跳過 (伍裕彤牙医.html)
[2026-08-25 09:43:40]   ↳ 已存在，跳過 (伍裕彤牙医.html)
[2026-08-25 09:43:40] [33/106] Home Dental | https://homedentalhk.com/cn/contact-us/cwb
[2026-08-25 09:43:40] [33/106] Home Dental | https://homedentalhk.com/cn/contact-us/cwb
[2026-08-25 09:43:40]   ↳ 已存在，跳過 (Home-Dental.html)
[2026-08-25 09:43:40]   ↳ 已存在，跳過 (Home-Dental.html)
[2026-08-25 09:43:40] [34/106] T.O.P Dental by Family Smile L | http://www.topdental.hk/
[2026-08-25 09:43:40] [34/106] T.O.P Dental by Family Smile L | http://www.topdental.hk/
[2026-08-25 09:43:40]   ↳ 已存在，跳過 (T.O.P-Dental-by-Family-Smile-Ltd-香港牙科醫療集團-旺角太子牙醫中心.html)
[2026-08-25 09:43:40]   ↳ 已存在，跳過 (T.O.P-Dental-by-Family-Smile-Ltd-香港牙科醫療集團-旺角太子牙醫中心.html)
[2026-08-25 09:43:40] [35/106] Metro Dental 城健総合牙科医療中心 | https://www.metrodental.com.hk/
[2026-08-25 09:43:40] [35/106] Metro Dental 城健総合牙科医療中心 | https://www.metrodental.com.hk/
[2026-08-25 09:43:40]   ↳ 已存在，跳過 (Metro-Dental-城健総合牙科医療中心.html)
[2026-08-25 09:43:40]   ↳ 已存在，跳過 (Metro-Dental-城健総合牙科医療中心.html)
[2026-08-25 09:43:40] [36/106] 大国手 汽車車身維修 Grand Tycoon Automo | http://grandtycoon.com/
[2026-08-25 09:43:40] [36/106] 大国手 汽車車身維修 Grand Tycoon Automo | http://grandtycoon.com/
[2026-08-25 09:43:40]   ↳ 已存在，跳過 (大国手-汽車車身維修-Grand-Tycoon-Automotive-Repair-Shop.html)
[2026-08-25 09:43:40]   ↳ 已存在，跳過 (大国手-汽車車身維修-Grand-Tycoon-Automotive-Repair-Shop.html)
[2026-08-25 09:43:40] [37/106] AutoMate | Sham Shui Po Shop | https://www.automate-app.com/auto-shop
[2026-08-25 09:43:40] [37/106] AutoMate | Sham Shui Po Shop | https://www.automate-app.com/auto-shop
[2026-08-25 09:43:40]   ↳ 已存在，跳過 (AutoMate-Sham-Shui-Po-Shop.html)
[2026-08-25 09:43:40]   ↳ 已存在，跳過 (AutoMate-Sham-Shui-Po-Shop.html)
[2026-08-25 09:43:40] [38/106] Carol Garage Limited | http://www.carolgarage.com.hk/
[2026-08-25 09:43:40] [38/106] Carol Garage Limited | http://www.carolgarage.com.hk/
[2026-08-25 09:43:40]   ↳ 已存在，跳過 (Carol-Garage-Limited.html)
[2026-08-25 09:43:40]   ↳ 已存在，跳過 (Carol-Garage-Limited.html)
[2026-08-25 09:43:40] [39/106] 八方汽車 | Power Moto Limited | http://www.power-moto.hk/
[2026-08-25 09:43:40] [39/106] 八方汽車 | Power Moto Limited | http://www.power-moto.hk/
[2026-08-25 09:43:40]   ↳ 已存在，跳過 (八方汽車-Power-Moto-Limited.html)
[2026-08-25 09:43:40]   ↳ 已存在，跳過 (八方汽車-Power-Moto-Limited.html)
[2026-08-25 09:43:40] [40/106] Flow & Roll Laundry 自助洗衣 (中環 C | https://flowandroll.com/
[2026-08-25 09:43:40] [40/106] Flow & Roll Laundry 自助洗衣 (中環 C | https://flowandroll.com/
[2026-08-25 09:43:40]   ↳ 已存在，跳過 (Flow--Roll-Laundry-自助洗衣-中環-Central.html)
[2026-08-25 09:43:40]   ↳ 已存在，跳過 (Flow--Roll-Laundry-自助洗衣-中環-Central.html)
[2026-08-25 09:43:40] [41/106] 初洗 First Laundry 觀塘24小時自助洗衣店 | https://wa.me/85268716550
[2026-08-25 09:43:40] [41/106] 初洗 First Laundry 觀塘24小時自助洗衣店 | https://wa.me/85268716550
[2026-08-25 09:43:40]   ↳ 已存在，跳過 (初洗-First-Laundry-觀塘24小時自助洗衣店.html)
[2026-08-25 09:43:40]   ↳ 已存在，跳過 (初洗-First-Laundry-觀塘24小時自助洗衣店.html)
[2026-08-25 09:43:40] [42/106] 水漾衣坊 water laundry | https://whalewashmk.hk/
[2026-08-25 09:43:40] [42/106] 水漾衣坊 water laundry | https://whalewashmk.hk/
[2026-08-25 09:43:40]   ↳ 已存在，跳過 (水漾衣坊-water-laundry.html)
[2026-08-25 09:43:40]   ↳ 已存在，跳過 (水漾衣坊-water-laundry.html)
[2026-08-25 09:43:40] [43/106] FLORISTRY by ART OF LIVING | http://www.floristrybyartofliving.com/
[2026-08-25 09:43:40] [43/106] FLORISTRY by ART OF LIVING | http://www.floristrybyartofliving.com/
[2026-08-25 09:43:40]   ↳ 已存在，跳過 (FLORISTRY-by-ART-OF-LIVING.html)
[2026-08-25 09:43:40]   ↳ 已存在，跳過 (FLORISTRY-by-ART-OF-LIVING.html)
[2026-08-25 09:43:40] [44/106] 花籃 450 - Flower 450 | https://flower450.com/
[2026-08-25 09:43:40] [44/106] 花籃 450 - Flower 450 | https://flower450.com/
[2026-08-25 09:43:40]   ↳ 已存在，跳過 (花籃-450---Flower-450.html)
[2026-08-25 09:43:40]   ↳ 已存在，跳過 (花籃-450---Flower-450.html)
[2026-08-25 09:43:40] [45/106] 優之花鋪-U Flower Shop | https://www.uflowershop.com/
[2026-08-25 09:43:40] [45/106] 優之花鋪-U Flower Shop | https://www.uflowershop.com/
[2026-08-25 09:43:40]   ↳ 已存在，跳過 (優之花鋪-U-Flower-Shop.html)
[2026-08-25 09:43:40]   ↳ 已存在，跳過 (優之花鋪-U-Flower-Shop.html)
[2026-08-25 09:43:40] [46/106] Eternal Flora hk | https://www.eternalflorahk.com/
[2026-08-25 09:43:40] [46/106] Eternal Flora hk | https://www.eternalflorahk.com/
[2026-08-25 09:43:40]   ↳ 已存在，跳過 (Eternal-Flora-hk.html)
[2026-08-25 09:43:40]   ↳ 已存在，跳過 (Eternal-Flora-hk.html)
[2026-08-25 09:43:40] [47/106] FDHK - Flower Delivery Hong Ko | https://flowerdeliveryhongkong.com/
[2026-08-25 09:43:40] [47/106] FDHK - Flower Delivery Hong Ko | https://flowerdeliveryhongkong.com/
[2026-08-25 09:43:40]   ↳ 已存在，跳過 (FDHK---Flower-Delivery-Hong-Kong.html)
[2026-08-25 09:43:40]   ↳ 已存在，跳過 (FDHK---Flower-Delivery-Hong-Kong.html)
[2026-08-25 09:43:40] [48/106] Joseph Photo 香港專業攝影工作室 | https://josephphoto.hk/
[2026-08-25 09:43:40] [48/106] Joseph Photo 香港專業攝影工作室 | https://josephphoto.hk/
[2026-08-25 09:43:40]   ↳ 已存在，跳過 (Joseph-Photo-香港專業攝影工作室.html)
[2026-08-25 09:43:40]   ↳ 已存在，跳過 (Joseph-Photo-香港專業攝影工作室.html)
[2026-08-25 09:43:40] [49/106] Majesty Professional Photo殿堂館- | https://www.majestyprofessional.com/
[2026-08-25 09:43:40] [49/106] Majesty Professional Photo殿堂館- | https://www.majestyprofessional.com/
[2026-08-25 09:43:40]   ↳ 已存在，跳過 (Majesty-Professional-Photo殿堂館-專業照首選.html)
[2026-08-25 09:43:40]   ↳ 已存在，跳過 (Majesty-Professional-Photo殿堂館-專業照首選.html)
[2026-08-25 09:43:40] [50/106] Owl Photo Studio 貓頭鷹照相館 | https://www.owlphoto.hk/
[2026-08-25 09:43:40] [50/106] Owl Photo Studio 貓頭鷹照相館 | https://www.owlphoto.hk/
[2026-08-25 09:43:40]   ↳ 已存在，跳過 (Owl-Photo-Studio-貓頭鷹照相館.html)
[2026-08-25 09:43:40]   ↳ 已存在，跳過 (Owl-Photo-Studio-貓頭鷹照相館.html)
[2026-08-25 09:43:40] [51/106] Yat Tung Heen - Eaton HK | https://www.yattungheen.com/
[2026-08-25 09:43:40] [51/106] Yat Tung Heen - Eaton HK | https://www.yattungheen.com/
[2026-08-25 09:43:40]   ↳ 已存在，跳過 (Yat-Tung-Heen---Eaton-HK.html)
[2026-08-25 09:43:40]   ↳ 已存在，跳過 (Yat-Tung-Heen---Eaton-HK.html)
[2026-08-25 09:43:40] [52/106] Hair Quest Hair salon Central | https://www.hairquest-hk.com/
[2026-08-25 09:43:40] [52/106] Hair Quest Hair salon Central | https://www.hairquest-hk.com/
[2026-08-25 09:43:40]   ↳ 已存在，跳過 (Hair-Quest-Hair-salon-Central.html)
[2026-08-25 09:43:40]   ↳ 已存在，跳過 (Hair-Quest-Hair-salon-Central.html)
[2026-08-25 09:43:40] [53/106] 天下猫猫一様猫 | https://www.catiscat.com.hk/
[2026-08-25 09:43:40] [53/106] 天下猫猫一様猫 | https://www.catiscat.com.hk/
[2026-08-25 09:43:40]   ↳ 已存在，跳過 (天下猫猫一様猫.html)
[2026-08-25 09:43:40]   ↳ 已存在，跳過 (天下猫猫一様猫.html)
[2026-08-25 09:43:40] [54/106] Bora beauty | https://bora.hk/
[2026-08-25 09:43:40] [54/106] Bora beauty | https://bora.hk/
[2026-08-25 09:43:40]   ↳ 已存在，跳過 (Bora-beauty.html)
[2026-08-25 09:43:40]   ↳ 已存在，跳過 (Bora-beauty.html)
[2026-08-25 09:43:40] [55/106] Dream Scenes Studio | http://dreamscenesstudio.com/
[2026-08-25 09:43:40] [55/106] Dream Scenes Studio | http://dreamscenesstudio.com/
[2026-08-25 09:43:40]   ↳ 已存在，跳過 (Dream-Scenes-Studio.html)
[2026-08-25 09:43:40]   ↳ 已存在，跳過 (Dream-Scenes-Studio.html)
[2026-08-25 09:43:40] [56/106] Dazzling Smile Dental Clinic 瑩 | https://dazzlingsmiledentalclinic.com/
[2026-08-25 09:43:40] [56/106] Dazzling Smile Dental Clinic 瑩 | https://dazzlingsmiledentalclinic.com/
[2026-08-25 09:43:40]   ↳ 已存在，跳過 (Dazzling-Smile-Dental-Clinic-瑩恩牙科診所.html)
[2026-08-25 09:43:40]   ↳ 已存在，跳過 (Dazzling-Smile-Dental-Clinic-瑩恩牙科診所.html)
[2026-08-25 09:43:40] [57/106] Family Smile Limited | http://www.familysmile.hk/
[2026-08-25 09:43:40] [57/106] Family Smile Limited | http://www.familysmile.hk/
[2026-08-25 09:43:40]   ↳ 已存在，跳過 (Family-Smile-Limited.html)
[2026-08-25 09:43:40]   ↳ 已存在，跳過 (Family-Smile-Limited.html)
[2026-08-25 09:43:40] [58/106] INDULGENCE hair & beauty salon | http://www.indulgence.hk/
[2026-08-25 09:43:40] [58/106] INDULGENCE hair & beauty salon | http://www.indulgence.hk/
[2026-08-25 09:43:40]   ↳ 已存在，跳過 (INDULGENCE-hair--beauty-salon.html)
[2026-08-25 09:43:40]   ↳ 已存在，跳過 (INDULGENCE-hair--beauty-salon.html)
[2026-08-25 09:43:40] [59/106] 花店 | 花束專家 | https://www.flowerbouquet.com.hk/
[2026-08-25 09:43:40] [59/106] 花店 | 花束專家 | https://www.flowerbouquet.com.hk/
[2026-08-25 09:43:40]   ↳ 已存在，跳過 (花店-花束專家.html)
[2026-08-25 09:43:40]   ↳ 已存在，跳過 (花店-花束專家.html)
[2026-08-25 09:43:40] [60/106] 網上訂花 ‧ 送花香港 | Fdhk 最高評分即日網上花店 | https://flowerdeliveryhongkong.com/zh
[2026-08-25 09:43:40] [60/106] 網上訂花 ‧ 送花香港 | Fdhk 最高評分即日網上花店 | https://flowerdeliveryhongkong.com/zh
[2026-08-25 09:43:40]   ↳ 已存在，跳過 (網上訂花--送花香港-Fdhk-最高評分即日網上花店.html)
[2026-08-25 09:43:40]   ↳ 已存在，跳過 (網上訂花--送花香港-Fdhk-最高評分即日網上花店.html)
[2026-08-25 09:43:40] [61/106] Rhine Flowers | https://rhineflowers.com/
[2026-08-25 09:43:40] [61/106] Rhine Flowers | https://rhineflowers.com/
[2026-08-25 09:43:40]   ↳ 已存在，跳過 (Rhine-Flowers.html)
[2026-08-25 09:43:40]   ↳ 已存在，跳過 (Rhine-Flowers.html)
[2026-08-25 09:43:40] [62/106] 香港花店｜網上訂花及送花｜Gift Flowers HK | https://giftflowers.com.hk/cn/
[2026-08-25 09:43:40] [62/106] 香港花店｜網上訂花及送花｜Gift Flowers HK | https://giftflowers.com.hk/cn/
[2026-08-25 09:43:40]   ↳ 已存在，跳過 (香港花店網上訂花及送花Gift-Flowers-HK.html)
[2026-08-25 09:43:40]   ↳ 已存在，跳過 (香港花店網上訂花及送花Gift-Flowers-HK.html)
[2026-08-25 09:43:40] [63/106] Flora Floriculture - 花店 | https://www.floraf.com.hk/
[2026-08-25 09:43:40] [63/106] Flora Floriculture - 花店 | https://www.floraf.com.hk/
[2026-08-25 09:43:40]   ↳ 已存在，跳過 (Flora-Floriculture---花店.html)
[2026-08-25 09:43:40]   ↳ 已存在，跳過 (Flora-Floriculture---花店.html)
[2026-08-25 09:43:40] [64/106] 香港花店 | https://www.mrsliuflorist.com/
[2026-08-25 09:43:40] [64/106] 香港花店 | https://www.mrsliuflorist.com/
[2026-08-25 09:43:40]   ↳ 已存在，跳過 (香港花店.html)
[2026-08-25 09:43:40]   ↳ 已存在，跳過 (香港花店.html)
[2026-08-25 09:43:40] [65/106] 網上花店| 網上訂花 | 即日送花 | HKfashop | https://hkfashop.com/
[2026-08-25 09:43:40] [65/106] 網上花店| 網上訂花 | 即日送花 | HKfashop | https://hkfashop.com/
[2026-08-25 09:43:40]   ↳ 已存在，跳過 (網上花店-網上訂花-即日送花-HKfashop.html)
[2026-08-25 09:43:40]   ↳ 已存在，跳過 (網上花店-網上訂花-即日送花-HKfashop.html)
[2026-08-25 09:43:40] [66/106] 【 送花】 ｜訂花｜Flowerbee Florist訂花束 | https://flowerbee-hk.com/zh
[2026-08-25 09:43:40] [66/106] 【 送花】 ｜訂花｜Flowerbee Florist訂花束 | https://flowerbee-hk.com/zh
[2026-08-25 09:43:40]   ↳ 已存在，跳過 (送花-訂花Flowerbee-Florist訂花束---Flowerbee-HK-Florist.html)
[2026-08-25 09:43:40]   ↳ 已存在，跳過 (送花-訂花Flowerbee-Florist訂花束---Flowerbee-HK-Florist.html)
[2026-08-25 09:43:40] [67/106] 花點時間｜香港旺角花墟實體花店：24小時訂花、鮮花花束、開張 | https://www.reflower.com.hk/
[2026-08-25 09:43:40] [67/106] 花點時間｜香港旺角花墟實體花店：24小時訂花、鮮花花束、開張 | https://www.reflower.com.hk/
[2026-08-25 09:43:40]   ↳ 已存在，跳過 (花點時間香港旺角花墟實體花店24小時訂花鮮花花束開張花籃鮮花批發---花點時間-Reflower.html)
[2026-08-25 09:43:40]   ↳ 已存在，跳過 (花點時間香港旺角花墟實體花店24小時訂花鮮花花束開張花籃鮮花批發---花點時間-Reflower.html)
[2026-08-25 09:43:40] [68/106] 香港花店- 首頁花店推薦 - 我們代表和倡導位於香港島、九龍 | https://zh-hk.hk-florist.org/
[2026-08-25 09:43:40] [68/106] 香港花店- 首頁花店推薦 - 我們代表和倡導位於香港島、九龍 | https://zh-hk.hk-florist.org/
[2026-08-25 09:43:40]   ↳ 已存在，跳過 (香港花店--首頁花店推薦---我們代表和倡導位於香港島九龍和新界的花店以及在線花店和鮮花配送公司.html)
[2026-08-25 09:43:40]   ↳ 已存在，跳過 (香港花店--首頁花店推薦---我們代表和倡導位於香港島九龍和新界的花店以及在線花店和鮮花配送公司.html)
[2026-08-25 09:43:40] [69/106] 有花漾 ZH Flowers | https://www.zh-flowers.com/
[2026-08-25 09:43:40] [69/106] 有花漾 ZH Flowers | https://www.zh-flowers.com/
[2026-08-25 09:43:40]   ↳ 已存在，跳過 (有花漾-ZH-Flowers.html)
[2026-08-25 09:43:40]   ↳ 已存在，跳過 (有花漾-ZH-Flowers.html)
[2026-08-25 09:43:40] [70/106] 花店花生花華 | FaSunflower Florist | https://www.fasunflower.com/
[2026-08-25 09:43:40] [70/106] 花店花生花華 | FaSunflower Florist | https://www.fasunflower.com/
[2026-08-25 09:43:40]   ↳ 已存在，跳過 (花店花生花華-FaSunflower-Florist.html)
[2026-08-25 09:43:40]   ↳ 已存在，跳過 (花店花生花華-FaSunflower-Florist.html)
[2026-08-25 09:43:40] [71/106] 格蘭花店 Grand Floral & Gift Shop | https://grand.com.hk/
[2026-08-25 09:43:40] [71/106] 格蘭花店 Grand Floral & Gift Shop | https://grand.com.hk/
[2026-08-25 09:43:40]   ↳ 已存在，跳過 (格蘭花店-Grand-Floral--Gift-Shop.html)
[2026-08-25 09:43:40]   ↳ 已存在，跳過 (格蘭花店-Grand-Floral--Gift-Shop.html)
[2026-08-25 09:43:40] [72/106] WHY Studio - 上環證件相｜學生相｜專業形象照 | https://www.whystudiohk.com/
[2026-08-25 09:43:40] [72/106] WHY Studio - 上環證件相｜學生相｜專業形象照 | https://www.whystudiohk.com/
[2026-08-25 09:43:40]   ↳ 已存在，跳過 (WHY-Studio---上環證件相學生相專業形象照.html)
[2026-08-25 09:43:40]   ↳ 已存在，跳過 (WHY-Studio---上環證件相學生相專業形象照.html)
[2026-08-25 09:43:40] [73/106] Cat Watt 晴珊猫舎 | http://www.catwatt.com/
[2026-08-25 09:43:40] [73/106] Cat Watt 晴珊猫舎 | http://www.catwatt.com/
[2026-08-25 09:43:40]   ↳ 已存在，跳過 (Cat-Watt-晴珊猫舎.html)
[2026-08-25 09:43:40]   ↳ 已存在，跳過 (Cat-Watt-晴珊猫舎.html)
[2026-08-25 09:43:40] [74/106] 牙齒矯正及兒童齒科中心 (旺角朗豪坊) | Orthodon | https://www.ortho-center.com/
[2026-08-25 09:43:40] [74/106] 牙齒矯正及兒童齒科中心 (旺角朗豪坊) | Orthodon | https://www.ortho-center.com/
[2026-08-25 09:43:40]   ↳ 已存在，跳過 (牙齒矯正及兒童齒科中心-旺角朗豪坊-Orthodontic--Childrens-Dental-Center-Langh.html)
[2026-08-25 09:43:40]   ↳ 已存在，跳過 (牙齒矯正及兒童齒科中心-旺角朗豪坊-Orthodontic--Childrens-Dental-Center-Langh.html)
[2026-08-25 09:43:40] [75/106] HALO Flowers | https://haloflowers.com.hk/zh-hant/
[2026-08-25 09:43:40] [75/106] HALO Flowers | https://haloflowers.com.hk/zh-hant/
[2026-08-25 09:43:40]   ↳ 已存在，跳過 (HALO-Flowers.html)
[2026-08-25 09:43:40]   ↳ 已存在，跳過 (HALO-Flowers.html)
[2026-08-25 09:43:40] [76/106] Pettington 柏靈頓獸醫寵物用品 | https://www.pettington.com/
[2026-08-25 09:43:40] [76/106] Pettington 柏靈頓獸醫寵物用品 | https://www.pettington.com/
[2026-08-25 09:43:40]   ↳ 已存在，跳過 (Pettington-柏靈頓獸醫寵物用品.html)
[2026-08-25 09:43:40]   ↳ 已存在，跳過 (Pettington-柏靈頓獸醫寵物用品.html)
[2026-08-25 09:43:40] [77/106] 皓保牙科診所 Craft Smile Dental Cent | https://zh.drchrischeung.com/
[2026-08-25 09:43:40] [77/106] 皓保牙科診所 Craft Smile Dental Cent | https://zh.drchrischeung.com/
[2026-08-25 09:43:40]   ↳ 已存在，跳過 (皓保牙科診所-Craft-Smile-Dental-Center.html)
[2026-08-25 09:43:40]   ↳ 已存在，跳過 (皓保牙科診所-Craft-Smile-Dental-Center.html)
[2026-08-25 09:43:40] [78/106] Toyota Kowloon Bay Service Cen | https://www.toyota.com.hk/?utm_campaign=gmb&utm_medium=organic&utm_source=local
[2026-08-25 09:43:40] [78/106] Toyota Kowloon Bay Service Cen | https://www.toyota.com.hk/?utm_campaign=gmb&utm_medium=organic&utm_source=local
[2026-08-25 09:43:40]   ↳ 已存在，跳過 (Toyota-Kowloon-Bay-Service-Centre-Mechanical.html)
[2026-08-25 09:43:40]   ↳ 已存在，跳過 (Toyota-Kowloon-Bay-Service-Centre-Mechanical.html)
[2026-08-25 09:43:40] [79/106] Anglo Chinese Florist | http://www.anglochinese.com/
[2026-08-25 09:43:40] [79/106] Anglo Chinese Florist | http://www.anglochinese.com/
[2026-08-25 09:43:40]   ↳ 已存在，跳過 (Anglo-Chinese-Florist.html)
[2026-08-25 09:43:40]   ↳ 已存在，跳過 (Anglo-Chinese-Florist.html)
[2026-08-25 09:43:40] [80/106] Photobi HK 韓式 証件相拍摂工作室 - 湾仔店 | https://photobi.hk/
[2026-08-25 09:43:40] [80/106] Photobi HK 韓式 証件相拍摂工作室 - 湾仔店 | https://photobi.hk/
[2026-08-25 09:43:40]   ↳ 已存在，跳過 (Photobi-HK-韓式-証件相拍摂工作室---湾仔店.html)
[2026-08-25 09:43:40]   ↳ 已存在，跳過 (Photobi-HK-韓式-証件相拍摂工作室---湾仔店.html)
[2026-08-25 09:43:40] [81/106] Advance Pet Food | http://advancepetfood.com/
[2026-08-25 09:43:40] [81/106] Advance Pet Food | http://advancepetfood.com/
[2026-08-25 09:43:40]   ↳ 已存在，跳過 (Advance-Pet-Food.html)
[2026-08-25 09:43:40]   ↳ 已存在，跳過 (Advance-Pet-Food.html)
[2026-08-25 09:43:40] [82/106] Anna Maria Studio | http://annamstudio.com/
[2026-08-25 09:43:40] [82/106] Anna Maria Studio | http://annamstudio.com/
[2026-08-25 09:43:40]   ↳ 已存在，跳過 (Anna-Maria-Studio.html)
[2026-08-25 09:43:40]   ↳ 已存在，跳過 (Anna-Maria-Studio.html)
[2026-08-25 09:43:40] [83/106] 1984 HAIR SALON | https://1984hairsalon.wixsite.com/1984-hairsalon
[2026-08-25 09:43:40] [83/106] 1984 HAIR SALON | https://1984hairsalon.wixsite.com/1984-hairsalon
[2026-08-25 09:43:40]   ↳ 已存在，跳過 (1984-HAIR-SALON.html)
[2026-08-25 09:43:40]   ↳ 已存在，跳過 (1984-HAIR-SALON.html)
[2026-08-25 09:43:40] [84/106] Bulls PPF 専門店 | https://www.ppf.com.hk/
[2026-08-25 09:43:40] [84/106] Bulls PPF 専門店 | https://www.ppf.com.hk/
[2026-08-25 09:43:40]   ↳ 已存在，跳過 (Bulls-PPF-専門店.html)
[2026-08-25 09:43:40]   ↳ 已存在，跳過 (Bulls-PPF-専門店.html)
[2026-08-25 09:43:40] [85/106] LEEKAJA X AMONG Hair Salon Cen | https://www.leekaja.hk/
[2026-08-25 09:43:40] [85/106] LEEKAJA X AMONG Hair Salon Cen | https://www.leekaja.hk/
[2026-08-25 09:43:40]   ↳ 已存在，跳過 (LEEKAJA-X-AMONG-Hair-Salon-Century-Square-in-Hongkong-한국-미용실.html)
[2026-08-25 09:43:40]   ↳ 已存在，跳過 (LEEKAJA-X-AMONG-Hair-Salon-Century-Square-in-Hongkong-한국-미용실.html)
[2026-08-25 09:43:40] [86/106] MEGAPET (Kowloon City Shop) | http://www.megapet.com.hk/
[2026-08-25 09:43:40] [86/106] MEGAPET (Kowloon City Shop) | http://www.megapet.com.hk/
[2026-08-25 09:43:40]   ↳ 已存在，跳過 (MEGAPET-Kowloon-City-Shop.html)
[2026-08-25 09:43:40]   ↳ 已存在，跳過 (MEGAPET-Kowloon-City-Shop.html)
[2026-08-25 09:43:40] [87/106] 仁健牙科 Nixon Dental (太子牙醫/旺角牙醫/洗 | http://www.nixondental.com/
[2026-08-25 09:43:40] [87/106] 仁健牙科 Nixon Dental (太子牙醫/旺角牙醫/洗 | http://www.nixondental.com/
[2026-08-25 09:43:40]   ↳ 已存在，跳過 (仁健牙科-Nixon-Dental-太子牙醫-旺角牙醫-洗牙-補牙-種牙-植牙-杜牙根-智慧齒-箍牙-Invisalig.html)
[2026-08-25 09:43:40]   ↳ 已存在，跳過 (仁健牙科-Nixon-Dental-太子牙醫-旺角牙醫-洗牙-補牙-種牙-植牙-杜牙根-智慧齒-箍牙-Invisalig.html)
[2026-08-25 09:43:40] [88/106] 香港車房及汽車維修 | CarService.hk | https://www.carservice.hk/zh-hk
[2026-08-25 09:43:40] [88/106] 香港車房及汽車維修 | CarService.hk | https://www.carservice.hk/zh-hk
[2026-08-25 09:43:40]   ↳ 已存在，跳過 (香港車房及汽車維修-CarService.hk.html)
[2026-08-25 09:43:40]   ↳ 已存在，跳過 (香港車房及汽車維修-CarService.hk.html)
[2026-08-25 09:43:40] [89/106] 24小時 上門汽車維修保養服務 | https://garage-hk.com/onsite.php
[2026-08-25 09:43:40] [89/106] 24小時 上門汽車維修保養服務 | https://garage-hk.com/onsite.php
[2026-08-25 09:43:40]   ↳ 已存在，跳過 (24小時-上門汽車維修保養服務.html)
[2026-08-25 09:43:40]   ↳ 已存在，跳過 (24小時-上門汽車維修保養服務.html)
[2026-08-25 09:43:40] [90/106] 保養及維修服務 - Dchmsc | https://www.dchmsc.com/zh/maintenance-repair
[2026-08-25 09:43:40] [90/106] 保養及維修服務 - Dchmsc | https://www.dchmsc.com/zh/maintenance-repair
[2026-08-25 09:43:40]   ↳ 已存在，跳過 (保養及維修服務---Dchmsc.html)
[2026-08-25 09:43:40]   ↳ 已存在，跳過 (保養及維修服務---Dchmsc.html)
[2026-08-25 09:43:40] [91/106] Carro Care | https://carro.co/hk/zh-hant-hk/carro-care
[2026-08-25 09:43:40] [91/106] Carro Care | https://carro.co/hk/zh-hant-hk/carro-care
[2026-08-25 09:43:40]   ↳ 已存在，跳過 (Carro-Care.html)
[2026-08-25 09:43:40]   ↳ 已存在，跳過 (Carro-Care.html)
[2026-08-25 09:43:40] [92/106] 車師傅 - 全港認證車師傅總匯 | https://www.mastercar.hk/
[2026-08-25 09:43:40] [92/106] 車師傅 - 全港認證車師傅總匯 | https://www.mastercar.hk/
[2026-08-25 09:43:40]   ↳ 已存在，跳過 (車師傅---全港認證車師傅總匯.html)
[2026-08-25 09:43:40]   ↳ 已存在，跳過 (車師傅---全港認證車師傅總匯.html)
[2026-08-25 09:43:40] [93/106] 堅記車房平台 | https://www.kinkeecar.com/
[2026-08-25 09:43:40] [93/106] 堅記車房平台 | https://www.kinkeecar.com/
[2026-08-25 09:43:40]   ↳ 已存在，跳過 (堅記車房平台.html)
[2026-08-25 09:43:40]   ↳ 已存在，跳過 (堅記車房平台.html)
[2026-08-25 09:43:40] [94/106] 汽車保養及汽車維修 | CarService.hk | https://www.carservice.hk/zh-hk/services/car-servicing
[2026-08-25 09:43:40] [94/106] 汽車保養及汽車維修 | CarService.hk | https://www.carservice.hk/zh-hk/services/car-servicing
[2026-08-25 09:43:40]   ↳ 已存在，跳過 (汽車保養及汽車維修-CarService.hk.html)
[2026-08-25 09:43:40]   ↳ 已存在，跳過 (汽車保養及汽車維修-CarService.hk.html)
[2026-08-25 09:43:40] [95/106] 汽車維修 - Anyone | https://www.anyonehk.com/%E6%B1%BD%E8%BB%8A%E7%B6%AD%E4%BF%AE/
[2026-08-25 09:43:40] [95/106] 汽車維修 - Anyone | https://www.anyonehk.com/%E6%B1%BD%E8%BB%8A%E7%B6%AD%E4%BF%AE/
[2026-08-25 09:43:40]   ↳ 已存在，跳過 (汽車維修---Anyone.html)
[2026-08-25 09:43:40]   ↳ 已存在，跳過 (汽車維修---Anyone.html)
[2026-08-25 09:43:40] [96/106] 香港汽車維修公司名錄 - 新成立/注册及已更改名称的公司名单 | https://hkg.databasesets.com/zh-hant/gongsimingdan/type/Motor_Service
[2026-08-25 09:43:40] [96/106] 香港汽車維修公司名錄 - 新成立/注册及已更改名称的公司名单 | https://hkg.databasesets.com/zh-hant/gongsimingdan/type/Motor_Service
[2026-08-25 09:43:40]   ↳ 已存在，跳過 (香港汽車維修公司名錄---新成立-注册及已更改名称的公司名单.html)
[2026-08-25 09:43:40]   ↳ 已存在，跳過 (香港汽車維修公司名錄---新成立-注册及已更改名称的公司名单.html)
[2026-08-25 09:43:40] [97/106] 汽車服務公司 - Driver.com.hk | https://www.driver.com.hk/service
[2026-08-25 09:43:40] [97/106] 汽車服務公司 - Driver.com.hk | https://www.driver.com.hk/service
[2026-08-25 09:43:40]   ↳ 已存在，跳過 (汽車服務公司---Driver.com.hk.html)
[2026-08-25 09:43:40]   ↳ 已存在，跳過 (汽車服務公司---Driver.com.hk.html)
[2026-08-25 09:43:40] [98/106] 最佳香港花店推介 送花訂花好去處/網上買花 | https://www.timeout.com.hk/hong-kong/hk/%E8%B3%BC%E7%89%A9/%E6%9C%80%E4%BD%B3%E9%A6%99%E6%B8%AF%E8%8A%B1%E5%BA%97%E6%8E%A8%E4%BB%8B-%E9%80%81%E8%8A%B1%E8%A8%82%E8%8A%B1%E5%A5%BD%E5%8E%BB%E8%99%95-%E7%B6%B2%E4%B8%8A%E8%B2%B7%E8%8A%B1
[2026-08-25 09:43:40] [98/106] 最佳香港花店推介 送花訂花好去處/網上買花 | https://www.timeout.com.hk/hong-kong/hk/%E8%B3%BC%E7%89%A9/%E6%9C%80%E4%BD%B3%E9%A6%99%E6%B8%AF%E8%8A%B1%E5%BA%97%E6%8E%A8%E4%BB%8B-%E9%80%81%E8%8A%B1%E8%A8%82%E8%8A%B1%E5%A5%BD%E5%8E%BB%E8%99%95-%E7%B6%B2%E4%B8%8A%E8%B2%B7%E8%8A%B1
[2026-08-25 09:43:40]   ↳ 已存在，跳過 (最佳香港花店推介-送花訂花好去處-網上買花.html)
[2026-08-25 09:43:40]   ↳ 已存在，跳過 (最佳香港花店推介-送花訂花好去處-網上買花.html)
[2026-08-25 09:43:40] [99/106] HK Florist Directory | https://zh-hk.hk-florist.org/hk-florist-directory/
[2026-08-25 09:43:40] [99/106] HK Florist Directory | https://zh-hk.hk-florist.org/hk-florist-directory/
[2026-08-25 09:43:40]   ↳ 已存在，跳過 (HK-Florist-Directory.html)
[2026-08-25 09:43:40]   ↳ 已存在，跳過 (HK-Florist-Directory.html)
[2026-08-25 09:43:40] [100/106] 主頁 | https://shunkeeflowers.com.hk/
[2026-08-25 09:43:40] [100/106] 主頁 | https://shunkeeflowers.com.hk/
[2026-08-25 09:43:40]   ↳ 已存在，跳過 (主頁.html)
[2026-08-25 09:43:40]   ↳ 已存在，跳過 (主頁.html)
[2026-08-25 09:43:40] [101/106] Kushiro | http://www.kushiro.com.hk/
[2026-08-25 09:43:40] [101/106] Kushiro | http://www.kushiro.com.hk/
[2026-08-25 09:43:40]   ↳ 已存在，跳過 (Kushiro.html)
[2026-08-25 09:43:40]   ↳ 已存在，跳過 (Kushiro.html)
[2026-08-25 09:43:40] [102/106] PETNAR LIVING 裝修工程 室內設計 傢俬訂製 | https://petnar-living.com/interior-design/
[2026-08-25 09:43:40] [102/106] PETNAR LIVING 裝修工程 室內設計 傢俬訂製 | https://petnar-living.com/interior-design/
[2026-08-25 09:43:40]   ↳ 已存在，跳過 (PETNAR-LIVING-裝修工程-室內設計-傢俬訂製.html)
[2026-08-25 09:43:40]   ↳ 已存在，跳過 (PETNAR-LIVING-裝修工程-室內設計-傢俬訂製.html)
[2026-08-25 09:43:40] [103/106] 太子中学補習社 - 立方教育 | https://www.ilearndse.com/
[2026-08-25 09:43:40] [103/106] 太子中学補習社 - 立方教育 | https://www.ilearndse.com/
[2026-08-25 09:43:40]   ↳ 已存在，跳過 (太子中学補習社---立方教育.html)
[2026-08-25 09:43:40]   ↳ 已存在，跳過 (太子中学補習社---立方教育.html)
[2026-08-25 09:43:40] [104/106] Speedycat Photo Studio | https://www.speedycat.com.hk/
[2026-08-25 09:43:40] [104/106] Speedycat Photo Studio | https://www.speedycat.com.hk/
[2026-08-25 09:43:40]   ↳ 已存在，跳過 (Speedycat-Photo-Studio.html)
[2026-08-25 09:43:40]   ↳ 已存在，跳過 (Speedycat-Photo-Studio.html)
[2026-08-25 09:43:40] [105/106] 進研教育 - 英文中文數學補習社 (北角分校) | https://www.joinin-education.com/
[2026-08-25 09:43:40] [105/106] 進研教育 - 英文中文數學補習社 (北角分校) | https://www.joinin-education.com/
[2026-08-25 09:43:40]   ↳ 已存在，跳過 (進研教育---英文中文數學補習社-北角分校.html)
[2026-08-25 09:43:40]   ↳ 已存在，跳過 (進研教育---英文中文數學補習社-北角分校.html)
[2026-08-25 09:43:40] [106/106] 聚萌 | https://www.dogatherhk.com/
[2026-08-25 09:43:40] [106/106] 聚萌 | https://www.dogatherhk.com/
[2026-08-25 09:43:40]   ✓ 已儲存 聚萌.html (636KB, requests 648962B)
[2026-08-25 09:43:40]   ✓ 已儲存 聚萌.html (636KB, requests 648962B)
[2026-08-25 09:43:40] == 完成 ==
[2026-08-25 09:43:40] == 完成 ==
[2026-08-25 09:43:40] 成功 106 個，失敗 0 個
[2026-08-25 09:43:40] 成功 106 個，失敗 0 個

── 失敗清單 ──
[2026-08-25 09:43:40] == 開始為 0 間「沒網站但有聯絡」的商家建立一頁式網頁 → /home/ubuntu/.mok/html/project/MokCs ==
[2026-08-25 09:43:40] == 開始為 0 間「沒網站但有聯絡」的商家建立一頁式網頁 → /home/ubuntu/.mok/html/project/MokCs ==
[2026-08-25 09:43:40] == 一頁式網頁完成：0/0 ==
[2026-08-25 09:43:40] == 一頁式網頁完成：0/0 ==
[2026-08-25 10:13:38]   過濾：109 間 → 保留 109 間有 WhatsApp/Email 的商家
[2026-08-25 10:13:38]   過濾：109 間 → 保留 109 間有 WhatsApp/Email 的商家
[2026-08-25 10:13:38] == 開始克隆 109 個商家首頁 → /home/ubuntu/.mok/html/project/MokCs ==
[2026-08-25 10:13:38] == 開始克隆 109 個商家首頁 → /home/ubuntu/.mok/html/project/MokCs ==
[2026-08-25 10:13:38] [1/109] Hutong | https://hutong.com.hk/
[2026-08-25 10:13:38] [1/109] Hutong | https://hutong.com.hk/
[2026-08-25 10:13:38]   ↳ 已存在，跳過 (Hutong.html)
[2026-08-25 10:13:38]   ↳ 已存在，跳過 (Hutong.html)
[2026-08-25 10:13:38] [2/109] The Chairman Restaurant | https://www.thechairmangroup.com/
[2026-08-25 10:13:38] [2/109] The Chairman Restaurant | https://www.thechairmangroup.com/
[2026-08-25 10:13:38]   ↳ 已存在，跳過 (The-Chairman-Restaurant.html)
[2026-08-25 10:13:38]   ↳ 已存在，跳過 (The-Chairman-Restaurant.html)
[2026-08-25 10:13:38] [3/109] 南蛮亭香港店 | http://nanbantei.com.hk/
[2026-08-25 10:13:38] [3/109] 南蛮亭香港店 | http://nanbantei.com.hk/
[2026-08-25 10:13:38]   ↳ 已存在，跳過 (南蛮亭香港店.html)
[2026-08-25 10:13:38]   ↳ 已存在，跳過 (南蛮亭香港店.html)
[2026-08-25 10:13:38] [4/109] 添好運點心專賣店 | https://www.timhowan.com.hk/
[2026-08-25 10:13:38] [4/109] 添好運點心專賣店 | https://www.timhowan.com.hk/
[2026-08-25 10:13:38]   ↳ 已存在，跳過 (添好運點心專賣店.html)
[2026-08-25 10:13:38]   ↳ 已存在，跳過 (添好運點心專賣店.html)
[2026-08-25 10:13:38] [5/109] La Petite Maison (LPM) Hong Ko | https://lpmrestaurants.com/hongkong/
[2026-08-25 10:13:38] [5/109] La Petite Maison (LPM) Hong Ko | https://lpmrestaurants.com/hongkong/
[2026-08-25 10:13:38]   ↳ 已存在，跳過 (La-Petite-Maison-LPM-Hong-Kong.html)
[2026-08-25 10:13:38]   ↳ 已存在，跳過 (La-Petite-Maison-LPM-Hong-Kong.html)
[2026-08-25 10:13:38] [6/109] Glow Hong Kong | https://www.glowspa.hk/
[2026-08-25 10:13:38] [6/109] Glow Hong Kong | https://www.glowspa.hk/
[2026-08-25 10:13:38]   ↳ 已存在，跳過 (Glow-Hong-Kong.html)
[2026-08-25 10:13:38]   ↳ 已存在，跳過 (Glow-Hong-Kong.html)
[2026-08-25 10:13:38] [7/109] Mó The Slow Bloom | https://www.mo-hk.com/
[2026-08-25 10:13:38] [7/109] Mó The Slow Bloom | https://www.mo-hk.com/
[2026-08-25 10:13:38]   ↳ 已存在，跳過 (Mó-The-Slow-Bloom.html)
[2026-08-25 10:13:38]   ↳ 已存在，跳過 (Mó-The-Slow-Bloom.html)
[2026-08-25 10:13:38] [8/109] Lux Medical 医繊美 | https://www.luxbeauty.hk/
[2026-08-25 10:13:38] [8/109] Lux Medical 医繊美 | https://www.luxbeauty.hk/
[2026-08-25 10:13:38]   ↳ 已存在，跳過 (Lux-Medical-医繊美.html)
[2026-08-25 10:13:38]   ↳ 已存在，跳過 (Lux-Medical-医繊美.html)
[2026-08-25 10:13:38] [9/109] 114HAIR | http://www.114hair.com/
[2026-08-25 10:13:38] [9/109] 114HAIR | http://www.114hair.com/
[2026-08-25 10:13:38]   ↳ 已存在，跳過 (114HAIR.html)
[2026-08-25 10:13:38]   ↳ 已存在，跳過 (114HAIR.html)
[2026-08-25 10:13:38] [10/109] Love Hair | http://www.lovehairhk.com/
[2026-08-25 10:13:38] [10/109] Love Hair | http://www.lovehairhk.com/
[2026-08-25 10:13:38]   ↳ 已存在，跳過 (Love-Hair.html)
[2026-08-25 10:13:38]   ↳ 已存在，跳過 (Love-Hair.html)
[2026-08-25 10:13:38] [11/109] TONI&GUY HK | http://www.toniandguyhk.com/
[2026-08-25 10:13:38] [11/109] TONI&GUY HK | http://www.toniandguyhk.com/
[2026-08-25 10:13:38]   ↳ 已存在，跳過 (TONIGUY-HK.html)
[2026-08-25 10:13:38]   ↳ 已存在，跳過 (TONIGUY-HK.html)
[2026-08-25 10:13:38] [12/109] iMPROVE HAiR-尖沙咀salon 尖沙咀剪髮 尖沙 | http://www.ihair.com.hk/
[2026-08-25 10:13:38] [12/109] iMPROVE HAiR-尖沙咀salon 尖沙咀剪髮 尖沙 | http://www.ihair.com.hk/
[2026-08-25 10:13:38]   ↳ 已存在，跳過 (iMPROVE-HAiR-尖沙咀salon-尖沙咀剪髮-尖沙咀髮廊-尖沙咀中藥染髮-尖沙咀假髮-尖沙咀頭皮護理.html)
[2026-08-25 10:13:38]   ↳ 已存在，跳過 (iMPROVE-HAiR-尖沙咀salon-尖沙咀剪髮-尖沙咀髮廊-尖沙咀中藥染髮-尖沙咀假髮-尖沙咀頭皮護理.html)
[2026-08-25 10:13:38] [13/109] 金澱装修工程有限公司 | https://www.palaceengineeringltd.com/
[2026-08-25 10:13:38] [13/109] 金澱装修工程有限公司 | https://www.palaceengineeringltd.com/
[2026-08-25 10:13:38]   ↳ 已存在，跳過 (金澱装修工程有限公司.html)
[2026-08-25 10:13:38]   ↳ 已存在，跳過 (金澱装修工程有限公司.html)
[2026-08-25 10:13:38] [14/109] 鋒主義 - 室內設計公司 | 室內裝修工程 | 工期 報價  | https://www.fungstyle.com.hk/
[2026-08-25 10:13:38] [14/109] 鋒主義 - 室內設計公司 | 室內裝修工程 | 工期 報價  | https://www.fungstyle.com.hk/
[2026-08-25 10:13:38]   ↳ 已存在，跳過 (鋒主義---室內設計公司-室內裝修工程-工期-報價-服務-三大保證.html)
[2026-08-25 10:13:38]   ↳ 已存在，跳過 (鋒主義---室內設計公司-室內裝修工程-工期-報價-服務-三大保證.html)
[2026-08-25 10:13:38] [15/109] 装修兄弟 | http://www.renobro.com.hk/
[2026-08-25 10:13:38] [15/109] 装修兄弟 | http://www.renobro.com.hk/
[2026-08-25 10:13:38]   ↳ 已存在，跳過 (装修兄弟.html)
[2026-08-25 10:13:38]   ↳ 已存在，跳過 (装修兄弟.html)
[2026-08-25 10:13:38] [16/109] 居屋皇 House king | 香港室内設計及装修公司 | http://housekinghk.com/
[2026-08-25 10:13:38] [16/109] 居屋皇 House king | 香港室内設計及装修公司 | http://housekinghk.com/
[2026-08-25 10:13:38]   ↳ 已存在，跳過 (居屋皇-House-king-香港室内設計及装修公司.html)
[2026-08-25 10:13:38]   ↳ 已存在，跳過 (居屋皇-House-king-香港室内設計及装修公司.html)
[2026-08-25 10:13:38] [17/109] Toby 裝修設計平台｜免費裝修報價｜香港裝修公司及室內設計 | https://www.hellotoby.com/zh-hk/id
[2026-08-25 10:13:38] [17/109] Toby 裝修設計平台｜免費裝修報價｜香港裝修公司及室內設計 | https://www.hellotoby.com/zh-hk/id
[2026-08-25 10:13:38]   ↳ 已存在，跳過 (Toby-裝修設計平台免費裝修報價香港裝修公司及室內設計公司.html)
[2026-08-25 10:13:38]   ↳ 已存在，跳過 (Toby-裝修設計平台免費裝修報價香港裝修公司及室內設計公司.html)
[2026-08-25 10:13:38] [18/109] PET HK - Mid Levels Edition | http://pethk.com/
[2026-08-25 10:13:38] [18/109] PET HK - Mid Levels Edition | http://pethk.com/
[2026-08-25 10:13:38]   ↳ 已存在，跳過 (PET-HK---Mid-Levels-Edition.html)
[2026-08-25 10:13:38]   ↳ 已存在，跳過 (PET-HK---Mid-Levels-Edition.html)
[2026-08-25 10:13:38] [19/109] Ruff & Fetch 拉夫寵物生活 (佐敦 Jordan | http://www.ruffandfetch.com/
[2026-08-25 10:13:38] [19/109] Ruff & Fetch 拉夫寵物生活 (佐敦 Jordan | http://www.ruffandfetch.com/
[2026-08-25 10:13:38]   ↳ 已存在，跳過 (Ruff--Fetch-拉夫寵物生活-佐敦-Jordan.html)
[2026-08-25 10:13:38]   ↳ 已存在，跳過 (Ruff--Fetch-拉夫寵物生活-佐敦-Jordan.html)
[2026-08-25 10:13:38] [20/109] HKTA香港導師会 | https://www.hkta.edu.hk/
[2026-08-25 10:13:38] [20/109] HKTA香港導師会 | https://www.hkta.edu.hk/
[2026-08-25 10:13:38]   ↳ 已存在，跳過 (HKTA香港導師会.html)
[2026-08-25 10:13:38]   ↳ 已存在，跳過 (HKTA香港導師会.html)
[2026-08-25 10:13:38] [21/109] 騎士数学 Knight Mathematics - Band | https://knightmaths.edu.hk/
[2026-08-25 10:13:38] [21/109] 騎士数学 Knight Mathematics - Band | https://knightmaths.edu.hk/
[2026-08-25 10:13:38]   ↳ 已存在，跳過 (騎士数学-Knight-Mathematics---Band-1-DSE-数学補習社.html)
[2026-08-25 10:13:38]   ↳ 已存在，跳過 (騎士数学-Knight-Mathematics---Band-1-DSE-数学補習社.html)
[2026-08-25 10:13:38] [22/109] 香港文化教育中心 | https://docs.google.com/forms/d/e/1FAIpQLSdjgsQlR4w8ZgKgE9RgAUPsPwrZzAZpo5SCULDDOgygEdeDnQ/viewform
[2026-08-25 10:13:38] [22/109] 香港文化教育中心 | https://docs.google.com/forms/d/e/1FAIpQLSdjgsQlR4w8ZgKgE9RgAUPsPwrZzAZpo5SCULDDOgygEdeDnQ/viewform
[2026-08-25 10:13:38]   ↳ 已存在，跳過 (香港文化教育中心.html)
[2026-08-25 10:13:38]   ↳ 已存在，跳過 (香港文化教育中心.html)
[2026-08-25 10:13:38] [23/109] GETUTOR 香港導師総会｜上門補習中介平台｜私補導師推介 | https://www.getutor.com.hk/
[2026-08-25 10:13:38] [23/109] GETUTOR 香港導師総会｜上門補習中介平台｜私補導師推介 | https://www.getutor.com.hk/
[2026-08-25 10:13:38]   ↳ 已存在，跳過 (GETUTOR-香港導師総会上門補習中介平台私補導師推介Private-Tutors-AgencyIB-IGCSE-A.html)
[2026-08-25 10:13:38]   ↳ 已存在，跳過 (GETUTOR-香港導師総会上門補習中介平台私補導師推介Private-Tutors-AgencyIB-IGCSE-A.html)
[2026-08-25 10:13:38] [24/109] 英博教学中心 - 数学中文英文補習 - 中小学補習社 | https://eplc.edu.hk/
[2026-08-25 10:13:38] [24/109] 英博教学中心 - 数学中文英文補習 - 中小学補習社 | https://eplc.edu.hk/
[2026-08-25 10:13:38]   ↳ 已存在，跳過 (英博教学中心---数学中文英文補習---中小学補習社.html)
[2026-08-25 10:13:38]   ↳ 已存在，跳過 (英博教学中心---数学中文英文補習---中小学補習社.html)
[2026-08-25 10:13:38] [25/109] 進研教育 - 英文中文数学補習社 | https://joinin-education.com/
[2026-08-25 10:13:38] [25/109] 進研教育 - 英文中文数学補習社 | https://joinin-education.com/
[2026-08-25 10:13:38]   ↳ 已存在，跳過 (進研教育---英文中文数学補習社.html)
[2026-08-25 10:13:38]   ↳ 已存在，跳過 (進研教育---英文中文数学補習社.html)
[2026-08-25 10:13:38] [26/109] 學斯教育(灣仔) | http://hoksi-edu.com/
[2026-08-25 10:13:38] [26/109] 學斯教育(灣仔) | http://hoksi-edu.com/
[2026-08-25 10:13:38]   ↳ 已存在，跳過 (學斯教育灣仔.html)
[2026-08-25 10:13:38]   ↳ 已存在，跳過 (學斯教育灣仔.html)
[2026-08-25 10:13:38] [27/109] 補習社｜学博教育 Learn Smart Education | https://learnsmart.edu.hk/
[2026-08-25 10:13:38] [27/109] 補習社｜学博教育 Learn Smart Education | https://learnsmart.edu.hk/
[2026-08-25 10:13:38]   ↳ 已存在，跳過 (補習社学博教育-Learn-Smart-Education.html)
[2026-08-25 10:13:38]   ↳ 已存在，跳過 (補習社学博教育-Learn-Smart-Education.html)
[2026-08-25 10:13:38] [28/109] 24/7 Fitness Central | http://247.fitness/
[2026-08-25 10:13:38] [28/109] 24/7 Fitness Central | http://247.fitness/
[2026-08-25 10:13:38]   ↳ 已存在，跳過 (24-7-Fitness-Central.html)
[2026-08-25 10:13:38]   ↳ 已存在，跳過 (24-7-Fitness-Central.html)
[2026-08-25 10:13:38] [29/109] 啓弘牙科（旺角店）丨九龍/旺角牙医/智慧歯/箍牙/隠式美/全 | https://omnesdental.com/
[2026-08-25 10:13:38] [29/109] 啓弘牙科（旺角店）丨九龍/旺角牙医/智慧歯/箍牙/隠式美/全 | https://omnesdental.com/
[2026-08-25 10:13:38]   ↳ 已存在，跳過 (啓弘牙科旺角店丨九龍-旺角牙医-智慧歯-箍牙-隠式美-全方位牙科服務-専業治療牙痛-種植牙-補牙-剥牙-洗牙.html)
[2026-08-25 10:13:38]   ↳ 已存在，跳過 (啓弘牙科旺角店丨九龍-旺角牙医-智慧歯-箍牙-隠式美-全方位牙科服務-専業治療牙痛-種植牙-補牙-剥牙-洗牙.html)
[2026-08-25 10:13:38] [30/109] Smith & Jain Dentists 史密夫和鄭牙醫診 | https://smithandjaindentists.com/
[2026-08-25 10:13:38] [30/109] Smith & Jain Dentists 史密夫和鄭牙醫診 | https://smithandjaindentists.com/
[2026-08-25 10:13:38]   ↳ 已存在，跳過 (Smith--Jain-Dentists-史密夫和鄭牙醫診所.html)
[2026-08-25 10:13:38]   ↳ 已存在，跳過 (Smith--Jain-Dentists-史密夫和鄭牙醫診所.html)
[2026-08-25 10:13:38] [31/109] Home Dental (Tsim Sha Tsui Bra | https://homedentalhk.com/cn/contact-us/tst
[2026-08-25 10:13:38] [31/109] Home Dental (Tsim Sha Tsui Bra | https://homedentalhk.com/cn/contact-us/tst
[2026-08-25 10:13:38]   ↳ 已存在，跳過 (Home-Dental-Tsim-Sha-Tsui-Branch.html)
[2026-08-25 10:13:38]   ↳ 已存在，跳過 (Home-Dental-Tsim-Sha-Tsui-Branch.html)
[2026-08-25 10:13:38] [32/109] 伍裕彤牙医 | https://trucaredental.hk/
[2026-08-25 10:13:38] [32/109] 伍裕彤牙医 | https://trucaredental.hk/
[2026-08-25 10:13:38]   ↳ 已存在，跳過 (伍裕彤牙医.html)
[2026-08-25 10:13:38]   ↳ 已存在，跳過 (伍裕彤牙医.html)
[2026-08-25 10:13:38] [33/109] Home Dental | https://homedentalhk.com/cn/contact-us/cwb
[2026-08-25 10:13:38] [33/109] Home Dental | https://homedentalhk.com/cn/contact-us/cwb
[2026-08-25 10:13:38]   ↳ 已存在，跳過 (Home-Dental.html)
[2026-08-25 10:13:38]   ↳ 已存在，跳過 (Home-Dental.html)
[2026-08-25 10:13:38] [34/109] T.O.P Dental by Family Smile L | http://www.topdental.hk/
[2026-08-25 10:13:38] [34/109] T.O.P Dental by Family Smile L | http://www.topdental.hk/
[2026-08-25 10:13:38]   ↳ 已存在，跳過 (T.O.P-Dental-by-Family-Smile-Ltd-香港牙科醫療集團-旺角太子牙醫中心.html)
[2026-08-25 10:13:38]   ↳ 已存在，跳過 (T.O.P-Dental-by-Family-Smile-Ltd-香港牙科醫療集團-旺角太子牙醫中心.html)
[2026-08-25 10:13:38] [35/109] Metro Dental 城健総合牙科医療中心 | https://www.metrodental.com.hk/
[2026-08-25 10:13:38] [35/109] Metro Dental 城健総合牙科医療中心 | https://www.metrodental.com.hk/
[2026-08-25 10:13:38]   ↳ 已存在，跳過 (Metro-Dental-城健総合牙科医療中心.html)
[2026-08-25 10:13:38]   ↳ 已存在，跳過 (Metro-Dental-城健総合牙科医療中心.html)
[2026-08-25 10:13:38] [36/109] 大国手 汽車車身維修 Grand Tycoon Automo | http://grandtycoon.com/
[2026-08-25 10:13:38] [36/109] 大国手 汽車車身維修 Grand Tycoon Automo | http://grandtycoon.com/
[2026-08-25 10:13:38]   ↳ 已存在，跳過 (大国手-汽車車身維修-Grand-Tycoon-Automotive-Repair-Shop.html)
[2026-08-25 10:13:38]   ↳ 已存在，跳過 (大国手-汽車車身維修-Grand-Tycoon-Automotive-Repair-Shop.html)
[2026-08-25 10:13:38] [37/109] AutoMate | Sham Shui Po Shop | https://www.automate-app.com/auto-shop
[2026-08-25 10:13:38] [37/109] AutoMate | Sham Shui Po Shop | https://www.automate-app.com/auto-shop
[2026-08-25 10:13:38]   ↳ 已存在，跳過 (AutoMate-Sham-Shui-Po-Shop.html)
[2026-08-25 10:13:38]   ↳ 已存在，跳過 (AutoMate-Sham-Shui-Po-Shop.html)
[2026-08-25 10:13:38] [38/109] Carol Garage Limited | http://www.carolgarage.com.hk/
[2026-08-25 10:13:38] [38/109] Carol Garage Limited | http://www.carolgarage.com.hk/
[2026-08-25 10:13:38]   ↳ 已存在，跳過 (Carol-Garage-Limited.html)
[2026-08-25 10:13:38]   ↳ 已存在，跳過 (Carol-Garage-Limited.html)
[2026-08-25 10:13:38] [39/109] 八方汽車 | Power Moto Limited | http://www.power-moto.hk/
[2026-08-25 10:13:38] [39/109] 八方汽車 | Power Moto Limited | http://www.power-moto.hk/
[2026-08-25 10:13:38]   ↳ 已存在，跳過 (八方汽車-Power-Moto-Limited.html)
[2026-08-25 10:13:38]   ↳ 已存在，跳過 (八方汽車-Power-Moto-Limited.html)
[2026-08-25 10:13:38] [40/109] Flow & Roll Laundry 自助洗衣 (中環 C | https://flowandroll.com/
[2026-08-25 10:13:38] [40/109] Flow & Roll Laundry 自助洗衣 (中環 C | https://flowandroll.com/
[2026-08-25 10:13:38]   ↳ 已存在，跳過 (Flow--Roll-Laundry-自助洗衣-中環-Central.html)
[2026-08-25 10:13:38]   ↳ 已存在，跳過 (Flow--Roll-Laundry-自助洗衣-中環-Central.html)
[2026-08-25 10:13:38] [41/109] 初洗 First Laundry 觀塘24小時自助洗衣店 | https://wa.me/85268716550
[2026-08-25 10:13:38] [41/109] 初洗 First Laundry 觀塘24小時自助洗衣店 | https://wa.me/85268716550
[2026-08-25 10:13:38]   ↳ 已存在，跳過 (初洗-First-Laundry-觀塘24小時自助洗衣店.html)
[2026-08-25 10:13:38]   ↳ 已存在，跳過 (初洗-First-Laundry-觀塘24小時自助洗衣店.html)
[2026-08-25 10:13:38] [42/109] 水漾衣坊 water laundry | https://whalewashmk.hk/
[2026-08-25 10:13:38] [42/109] 水漾衣坊 water laundry | https://whalewashmk.hk/
[2026-08-25 10:13:38]   ↳ 已存在，跳過 (水漾衣坊-water-laundry.html)
[2026-08-25 10:13:38]   ↳ 已存在，跳過 (水漾衣坊-water-laundry.html)
[2026-08-25 10:13:38] [43/109] FLORISTRY by ART OF LIVING | http://www.floristrybyartofliving.com/
[2026-08-25 10:13:38] [43/109] FLORISTRY by ART OF LIVING | http://www.floristrybyartofliving.com/
[2026-08-25 10:13:38]   ↳ 已存在，跳過 (FLORISTRY-by-ART-OF-LIVING.html)
[2026-08-25 10:13:38]   ↳ 已存在，跳過 (FLORISTRY-by-ART-OF-LIVING.html)
[2026-08-25 10:13:38] [44/109] 花籃 450 - Flower 450 | https://flower450.com/
[2026-08-25 10:13:38] [44/109] 花籃 450 - Flower 450 | https://flower450.com/
[2026-08-25 10:13:38]   ↳ 已存在，跳過 (花籃-450---Flower-450.html)
[2026-08-25 10:13:38]   ↳ 已存在，跳過 (花籃-450---Flower-450.html)
[2026-08-25 10:13:38] [45/109] 優之花鋪-U Flower Shop | https://www.uflowershop.com/
[2026-08-25 10:13:38] [45/109] 優之花鋪-U Flower Shop | https://www.uflowershop.com/
[2026-08-25 10:13:38]   ↳ 已存在，跳過 (優之花鋪-U-Flower-Shop.html)
[2026-08-25 10:13:38]   ↳ 已存在，跳過 (優之花鋪-U-Flower-Shop.html)
[2026-08-25 10:13:38] [46/109] Eternal Flora hk | https://www.eternalflorahk.com/
[2026-08-25 10:13:38] [46/109] Eternal Flora hk | https://www.eternalflorahk.com/
[2026-08-25 10:13:38]   ↳ 已存在，跳過 (Eternal-Flora-hk.html)
[2026-08-25 10:13:38]   ↳ 已存在，跳過 (Eternal-Flora-hk.html)
[2026-08-25 10:13:38] [47/109] FDHK - Flower Delivery Hong Ko | https://flowerdeliveryhongkong.com/
[2026-08-25 10:13:38] [47/109] FDHK - Flower Delivery Hong Ko | https://flowerdeliveryhongkong.com/
[2026-08-25 10:13:38]   ↳ 已存在，跳過 (FDHK---Flower-Delivery-Hong-Kong.html)
[2026-08-25 10:13:38]   ↳ 已存在，跳過 (FDHK---Flower-Delivery-Hong-Kong.html)
[2026-08-25 10:13:38] [48/109] Joseph Photo 香港專業攝影工作室 | https://josephphoto.hk/
[2026-08-25 10:13:38] [48/109] Joseph Photo 香港專業攝影工作室 | https://josephphoto.hk/
[2026-08-25 10:13:38]   ↳ 已存在，跳過 (Joseph-Photo-香港專業攝影工作室.html)
[2026-08-25 10:13:38]   ↳ 已存在，跳過 (Joseph-Photo-香港專業攝影工作室.html)
[2026-08-25 10:13:38] [49/109] Majesty Professional Photo殿堂館- | https://www.majestyprofessional.com/
[2026-08-25 10:13:38] [49/109] Majesty Professional Photo殿堂館- | https://www.majestyprofessional.com/
[2026-08-25 10:13:38]   ↳ 已存在，跳過 (Majesty-Professional-Photo殿堂館-專業照首選.html)
[2026-08-25 10:13:38]   ↳ 已存在，跳過 (Majesty-Professional-Photo殿堂館-專業照首選.html)
[2026-08-25 10:13:38] [50/109] Owl Photo Studio 貓頭鷹照相館 | https://www.owlphoto.hk/
[2026-08-25 10:13:38] [50/109] Owl Photo Studio 貓頭鷹照相館 | https://www.owlphoto.hk/
[2026-08-25 10:13:38]   ↳ 已存在，跳過 (Owl-Photo-Studio-貓頭鷹照相館.html)
[2026-08-25 10:13:38]   ↳ 已存在，跳過 (Owl-Photo-Studio-貓頭鷹照相館.html)
[2026-08-25 10:13:38] [51/109] Yat Tung Heen - Eaton HK | https://www.yattungheen.com/
[2026-08-25 10:13:38] [51/109] Yat Tung Heen - Eaton HK | https://www.yattungheen.com/
[2026-08-25 10:13:38]   ↳ 已存在，跳過 (Yat-Tung-Heen---Eaton-HK.html)
[2026-08-25 10:13:38]   ↳ 已存在，跳過 (Yat-Tung-Heen---Eaton-HK.html)
[2026-08-25 10:13:38] [52/109] Hair Quest Hair salon Central | https://www.hairquest-hk.com/
[2026-08-25 10:13:38] [52/109] Hair Quest Hair salon Central | https://www.hairquest-hk.com/
[2026-08-25 10:13:38]   ↳ 已存在，跳過 (Hair-Quest-Hair-salon-Central.html)
[2026-08-25 10:13:38]   ↳ 已存在，跳過 (Hair-Quest-Hair-salon-Central.html)
[2026-08-25 10:13:38] [53/109] 天下猫猫一様猫 | https://www.catiscat.com.hk/
[2026-08-25 10:13:38] [53/109] 天下猫猫一様猫 | https://www.catiscat.com.hk/
[2026-08-25 10:13:38]   ↳ 已存在，跳過 (天下猫猫一様猫.html)
[2026-08-25 10:13:38]   ↳ 已存在，跳過 (天下猫猫一様猫.html)
[2026-08-25 10:13:38] [54/109] Bora beauty | https://bora.hk/
[2026-08-25 10:13:38] [54/109] Bora beauty | https://bora.hk/
[2026-08-25 10:13:38]   ↳ 已存在，跳過 (Bora-beauty.html)
[2026-08-25 10:13:38]   ↳ 已存在，跳過 (Bora-beauty.html)
[2026-08-25 10:13:38] [55/109] Dream Scenes Studio | http://dreamscenesstudio.com/
[2026-08-25 10:13:38] [55/109] Dream Scenes Studio | http://dreamscenesstudio.com/
[2026-08-25 10:13:38]   ↳ 已存在，跳過 (Dream-Scenes-Studio.html)
[2026-08-25 10:13:38]   ↳ 已存在，跳過 (Dream-Scenes-Studio.html)
[2026-08-25 10:13:38] [56/109] Dazzling Smile Dental Clinic 瑩 | https://dazzlingsmiledentalclinic.com/
[2026-08-25 10:13:38] [56/109] Dazzling Smile Dental Clinic 瑩 | https://dazzlingsmiledentalclinic.com/
[2026-08-25 10:13:38]   ↳ 已存在，跳過 (Dazzling-Smile-Dental-Clinic-瑩恩牙科診所.html)
[2026-08-25 10:13:38]   ↳ 已存在，跳過 (Dazzling-Smile-Dental-Clinic-瑩恩牙科診所.html)
[2026-08-25 10:13:38] [57/109] Family Smile Limited | http://www.familysmile.hk/
[2026-08-25 10:13:38] [57/109] Family Smile Limited | http://www.familysmile.hk/
[2026-08-25 10:13:38]   ↳ 已存在，跳過 (Family-Smile-Limited.html)
[2026-08-25 10:13:38]   ↳ 已存在，跳過 (Family-Smile-Limited.html)
[2026-08-25 10:13:38] [58/109] INDULGENCE hair & beauty salon | http://www.indulgence.hk/
[2026-08-25 10:13:38] [58/109] INDULGENCE hair & beauty salon | http://www.indulgence.hk/
[2026-08-25 10:13:38]   ↳ 已存在，跳過 (INDULGENCE-hair--beauty-salon.html)
[2026-08-25 10:13:38]   ↳ 已存在，跳過 (INDULGENCE-hair--beauty-salon.html)
[2026-08-25 10:13:38] [59/109] 花店 | 花束專家 | https://www.flowerbouquet.com.hk/
[2026-08-25 10:13:38] [59/109] 花店 | 花束專家 | https://www.flowerbouquet.com.hk/
[2026-08-25 10:13:38]   ↳ 已存在，跳過 (花店-花束專家.html)
[2026-08-25 10:13:38]   ↳ 已存在，跳過 (花店-花束專家.html)
[2026-08-25 10:13:38] [60/109] 網上訂花 ‧ 送花香港 | Fdhk 最高評分即日網上花店 | https://flowerdeliveryhongkong.com/zh
[2026-08-25 10:13:38] [60/109] 網上訂花 ‧ 送花香港 | Fdhk 最高評分即日網上花店 | https://flowerdeliveryhongkong.com/zh
[2026-08-25 10:13:38]   ↳ 已存在，跳過 (網上訂花--送花香港-Fdhk-最高評分即日網上花店.html)
[2026-08-25 10:13:38]   ↳ 已存在，跳過 (網上訂花--送花香港-Fdhk-最高評分即日網上花店.html)
[2026-08-25 10:13:38] [61/109] Rhine Flowers | https://rhineflowers.com/
[2026-08-25 10:13:38] [61/109] Rhine Flowers | https://rhineflowers.com/
[2026-08-25 10:13:38]   ↳ 已存在，跳過 (Rhine-Flowers.html)
[2026-08-25 10:13:38]   ↳ 已存在，跳過 (Rhine-Flowers.html)
[2026-08-25 10:13:38] [62/109] 香港花店｜網上訂花及送花｜Gift Flowers HK | https://giftflowers.com.hk/cn/
[2026-08-25 10:13:38] [62/109] 香港花店｜網上訂花及送花｜Gift Flowers HK | https://giftflowers.com.hk/cn/
[2026-08-25 10:13:38]   ↳ 已存在，跳過 (香港花店網上訂花及送花Gift-Flowers-HK.html)
[2026-08-25 10:13:38]   ↳ 已存在，跳過 (香港花店網上訂花及送花Gift-Flowers-HK.html)
[2026-08-25 10:13:38] [63/109] Flora Floriculture - 花店 | https://www.floraf.com.hk/
[2026-08-25 10:13:38] [63/109] Flora Floriculture - 花店 | https://www.floraf.com.hk/
[2026-08-25 10:13:38]   ↳ 已存在，跳過 (Flora-Floriculture---花店.html)
[2026-08-25 10:13:38]   ↳ 已存在，跳過 (Flora-Floriculture---花店.html)
[2026-08-25 10:13:38] [64/109] 香港花店 | https://www.mrsliuflorist.com/
[2026-08-25 10:13:38] [64/109] 香港花店 | https://www.mrsliuflorist.com/
[2026-08-25 10:13:38]   ↳ 已存在，跳過 (香港花店.html)
[2026-08-25 10:13:38]   ↳ 已存在，跳過 (香港花店.html)
[2026-08-25 10:13:38] [65/109] 網上花店| 網上訂花 | 即日送花 | HKfashop | https://hkfashop.com/
[2026-08-25 10:13:38] [65/109] 網上花店| 網上訂花 | 即日送花 | HKfashop | https://hkfashop.com/
[2026-08-25 10:13:38]   ↳ 已存在，跳過 (網上花店-網上訂花-即日送花-HKfashop.html)
[2026-08-25 10:13:38]   ↳ 已存在，跳過 (網上花店-網上訂花-即日送花-HKfashop.html)
[2026-08-25 10:13:38] [66/109] 【 送花】 ｜訂花｜Flowerbee Florist訂花束 | https://flowerbee-hk.com/zh
[2026-08-25 10:13:38] [66/109] 【 送花】 ｜訂花｜Flowerbee Florist訂花束 | https://flowerbee-hk.com/zh
[2026-08-25 10:13:38]   ↳ 已存在，跳過 (送花-訂花Flowerbee-Florist訂花束---Flowerbee-HK-Florist.html)
[2026-08-25 10:13:38]   ↳ 已存在，跳過 (送花-訂花Flowerbee-Florist訂花束---Flowerbee-HK-Florist.html)
[2026-08-25 10:13:38] [67/109] 花點時間｜香港旺角花墟實體花店：24小時訂花、鮮花花束、開張 | https://www.reflower.com.hk/
[2026-08-25 10:13:38] [67/109] 花點時間｜香港旺角花墟實體花店：24小時訂花、鮮花花束、開張 | https://www.reflower.com.hk/
[2026-08-25 10:13:38]   ↳ 已存在，跳過 (花點時間香港旺角花墟實體花店24小時訂花鮮花花束開張花籃鮮花批發---花點時間-Reflower.html)
[2026-08-25 10:13:38]   ↳ 已存在，跳過 (花點時間香港旺角花墟實體花店24小時訂花鮮花花束開張花籃鮮花批發---花點時間-Reflower.html)
[2026-08-25 10:13:38] [68/109] 香港花店- 首頁花店推薦 - 我們代表和倡導位於香港島、九龍 | https://zh-hk.hk-florist.org/
[2026-08-25 10:13:38] [68/109] 香港花店- 首頁花店推薦 - 我們代表和倡導位於香港島、九龍 | https://zh-hk.hk-florist.org/
[2026-08-25 10:13:38]   ↳ 已存在，跳過 (香港花店--首頁花店推薦---我們代表和倡導位於香港島九龍和新界的花店以及在線花店和鮮花配送公司.html)
[2026-08-25 10:13:38]   ↳ 已存在，跳過 (香港花店--首頁花店推薦---我們代表和倡導位於香港島九龍和新界的花店以及在線花店和鮮花配送公司.html)
[2026-08-25 10:13:38] [69/109] 有花漾 ZH Flowers | https://www.zh-flowers.com/
[2026-08-25 10:13:38] [69/109] 有花漾 ZH Flowers | https://www.zh-flowers.com/
[2026-08-25 10:13:38]   ↳ 已存在，跳過 (有花漾-ZH-Flowers.html)
[2026-08-25 10:13:38]   ↳ 已存在，跳過 (有花漾-ZH-Flowers.html)
[2026-08-25 10:13:38] [70/109] 花店花生花華 | FaSunflower Florist | https://www.fasunflower.com/
[2026-08-25 10:13:38] [70/109] 花店花生花華 | FaSunflower Florist | https://www.fasunflower.com/
[2026-08-25 10:13:38]   ↳ 已存在，跳過 (花店花生花華-FaSunflower-Florist.html)
[2026-08-25 10:13:38]   ↳ 已存在，跳過 (花店花生花華-FaSunflower-Florist.html)
[2026-08-25 10:13:38] [71/109] 格蘭花店 Grand Floral & Gift Shop | https://grand.com.hk/
[2026-08-25 10:13:38] [71/109] 格蘭花店 Grand Floral & Gift Shop | https://grand.com.hk/
[2026-08-25 10:13:38]   ↳ 已存在，跳過 (格蘭花店-Grand-Floral--Gift-Shop.html)
[2026-08-25 10:13:38]   ↳ 已存在，跳過 (格蘭花店-Grand-Floral--Gift-Shop.html)
[2026-08-25 10:13:38] [72/109] WHY Studio - 上環證件相｜學生相｜專業形象照 | https://www.whystudiohk.com/
[2026-08-25 10:13:38] [72/109] WHY Studio - 上環證件相｜學生相｜專業形象照 | https://www.whystudiohk.com/
[2026-08-25 10:13:38]   ↳ 已存在，跳過 (WHY-Studio---上環證件相學生相專業形象照.html)
[2026-08-25 10:13:38]   ↳ 已存在，跳過 (WHY-Studio---上環證件相學生相專業形象照.html)
[2026-08-25 10:13:38] [73/109] Cat Watt 晴珊猫舎 | http://www.catwatt.com/
[2026-08-25 10:13:38] [73/109] Cat Watt 晴珊猫舎 | http://www.catwatt.com/
[2026-08-25 10:13:38]   ↳ 已存在，跳過 (Cat-Watt-晴珊猫舎.html)
[2026-08-25 10:13:38]   ↳ 已存在，跳過 (Cat-Watt-晴珊猫舎.html)
[2026-08-25 10:13:38] [74/109] 牙齒矯正及兒童齒科中心 (旺角朗豪坊) | Orthodon | https://www.ortho-center.com/
[2026-08-25 10:13:38] [74/109] 牙齒矯正及兒童齒科中心 (旺角朗豪坊) | Orthodon | https://www.ortho-center.com/
[2026-08-25 10:13:38]   ↳ 已存在，跳過 (牙齒矯正及兒童齒科中心-旺角朗豪坊-Orthodontic--Childrens-Dental-Center-Langh.html)
[2026-08-25 10:13:38]   ↳ 已存在，跳過 (牙齒矯正及兒童齒科中心-旺角朗豪坊-Orthodontic--Childrens-Dental-Center-Langh.html)
[2026-08-25 10:13:38] [75/109] HALO Flowers | https://haloflowers.com.hk/zh-hant/
[2026-08-25 10:13:38] [75/109] HALO Flowers | https://haloflowers.com.hk/zh-hant/
[2026-08-25 10:13:38]   ↳ 已存在，跳過 (HALO-Flowers.html)
[2026-08-25 10:13:38]   ↳ 已存在，跳過 (HALO-Flowers.html)
[2026-08-25 10:13:38] [76/109] Pettington 柏靈頓獸醫寵物用品 | https://www.pettington.com/
[2026-08-25 10:13:38] [76/109] Pettington 柏靈頓獸醫寵物用品 | https://www.pettington.com/
[2026-08-25 10:13:38]   ↳ 已存在，跳過 (Pettington-柏靈頓獸醫寵物用品.html)
[2026-08-25 10:13:38]   ↳ 已存在，跳過 (Pettington-柏靈頓獸醫寵物用品.html)
[2026-08-25 10:13:38] [77/109] 皓保牙科診所 Craft Smile Dental Cent | https://zh.drchrischeung.com/
[2026-08-25 10:13:38] [77/109] 皓保牙科診所 Craft Smile Dental Cent | https://zh.drchrischeung.com/
[2026-08-25 10:13:38]   ↳ 已存在，跳過 (皓保牙科診所-Craft-Smile-Dental-Center.html)
[2026-08-25 10:13:38]   ↳ 已存在，跳過 (皓保牙科診所-Craft-Smile-Dental-Center.html)
[2026-08-25 10:13:38] [78/109] Toyota Kowloon Bay Service Cen | https://www.toyota.com.hk/?utm_campaign=gmb&utm_medium=organic&utm_source=local
[2026-08-25 10:13:38] [78/109] Toyota Kowloon Bay Service Cen | https://www.toyota.com.hk/?utm_campaign=gmb&utm_medium=organic&utm_source=local
[2026-08-25 10:13:38]   ↳ 已存在，跳過 (Toyota-Kowloon-Bay-Service-Centre-Mechanical.html)
[2026-08-25 10:13:38]   ↳ 已存在，跳過 (Toyota-Kowloon-Bay-Service-Centre-Mechanical.html)
[2026-08-25 10:13:38] [79/109] Anglo Chinese Florist | http://www.anglochinese.com/
[2026-08-25 10:13:38] [79/109] Anglo Chinese Florist | http://www.anglochinese.com/
[2026-08-25 10:13:38]   ↳ 已存在，跳過 (Anglo-Chinese-Florist.html)
[2026-08-25 10:13:38]   ↳ 已存在，跳過 (Anglo-Chinese-Florist.html)
[2026-08-25 10:13:38] [80/109] Photobi HK 韓式 証件相拍摂工作室 - 湾仔店 | https://photobi.hk/
[2026-08-25 10:13:38] [80/109] Photobi HK 韓式 証件相拍摂工作室 - 湾仔店 | https://photobi.hk/
[2026-08-25 10:13:38]   ↳ 已存在，跳過 (Photobi-HK-韓式-証件相拍摂工作室---湾仔店.html)
[2026-08-25 10:13:38]   ↳ 已存在，跳過 (Photobi-HK-韓式-証件相拍摂工作室---湾仔店.html)
[2026-08-25 10:13:38] [81/109] Advance Pet Food | http://advancepetfood.com/
[2026-08-25 10:13:38] [81/109] Advance Pet Food | http://advancepetfood.com/
[2026-08-25 10:13:38]   ↳ 已存在，跳過 (Advance-Pet-Food.html)
[2026-08-25 10:13:38]   ↳ 已存在，跳過 (Advance-Pet-Food.html)
[2026-08-25 10:13:38] [82/109] Anna Maria Studio | http://annamstudio.com/
[2026-08-25 10:13:38] [82/109] Anna Maria Studio | http://annamstudio.com/
[2026-08-25 10:13:38]   ↳ 已存在，跳過 (Anna-Maria-Studio.html)
[2026-08-25 10:13:38]   ↳ 已存在，跳過 (Anna-Maria-Studio.html)
[2026-08-25 10:13:38] [83/109] 1984 HAIR SALON | https://1984hairsalon.wixsite.com/1984-hairsalon
[2026-08-25 10:13:38] [83/109] 1984 HAIR SALON | https://1984hairsalon.wixsite.com/1984-hairsalon
[2026-08-25 10:13:38]   ↳ 已存在，跳過 (1984-HAIR-SALON.html)
[2026-08-25 10:13:38]   ↳ 已存在，跳過 (1984-HAIR-SALON.html)
[2026-08-25 10:13:38] [84/109] Bulls PPF 専門店 | https://www.ppf.com.hk/
[2026-08-25 10:13:38] [84/109] Bulls PPF 専門店 | https://www.ppf.com.hk/
[2026-08-25 10:13:38]   ↳ 已存在，跳過 (Bulls-PPF-専門店.html)
[2026-08-25 10:13:38]   ↳ 已存在，跳過 (Bulls-PPF-専門店.html)
[2026-08-25 10:13:38] [85/109] LEEKAJA X AMONG Hair Salon Cen | https://www.leekaja.hk/
[2026-08-25 10:13:38] [85/109] LEEKAJA X AMONG Hair Salon Cen | https://www.leekaja.hk/
[2026-08-25 10:13:38]   ↳ 已存在，跳過 (LEEKAJA-X-AMONG-Hair-Salon-Century-Square-in-Hongkong-한국-미용실.html)
[2026-08-25 10:13:38]   ↳ 已存在，跳過 (LEEKAJA-X-AMONG-Hair-Salon-Century-Square-in-Hongkong-한국-미용실.html)
[2026-08-25 10:13:38] [86/109] MEGAPET (Kowloon City Shop) | http://www.megapet.com.hk/
[2026-08-25 10:13:38] [86/109] MEGAPET (Kowloon City Shop) | http://www.megapet.com.hk/
[2026-08-25 10:13:38]   ↳ 已存在，跳過 (MEGAPET-Kowloon-City-Shop.html)
[2026-08-25 10:13:38]   ↳ 已存在，跳過 (MEGAPET-Kowloon-City-Shop.html)
[2026-08-25 10:13:38] [87/109] 仁健牙科 Nixon Dental (太子牙醫/旺角牙醫/洗 | http://www.nixondental.com/
[2026-08-25 10:13:38] [87/109] 仁健牙科 Nixon Dental (太子牙醫/旺角牙醫/洗 | http://www.nixondental.com/
[2026-08-25 10:13:38]   ↳ 已存在，跳過 (仁健牙科-Nixon-Dental-太子牙醫-旺角牙醫-洗牙-補牙-種牙-植牙-杜牙根-智慧齒-箍牙-Invisalig.html)
[2026-08-25 10:13:38]   ↳ 已存在，跳過 (仁健牙科-Nixon-Dental-太子牙醫-旺角牙醫-洗牙-補牙-種牙-植牙-杜牙根-智慧齒-箍牙-Invisalig.html)
[2026-08-25 10:13:38] [88/109] 香港車房及汽車維修 | CarService.hk | https://www.carservice.hk/zh-hk
[2026-08-25 10:13:38] [88/109] 香港車房及汽車維修 | CarService.hk | https://www.carservice.hk/zh-hk
[2026-08-25 10:13:38]   ↳ 已存在，跳過 (香港車房及汽車維修-CarService.hk.html)
[2026-08-25 10:13:38]   ↳ 已存在，跳過 (香港車房及汽車維修-CarService.hk.html)
[2026-08-25 10:13:38] [89/109] 24小時 上門汽車維修保養服務 | https://garage-hk.com/onsite.php
[2026-08-25 10:13:38] [89/109] 24小時 上門汽車維修保養服務 | https://garage-hk.com/onsite.php
[2026-08-25 10:13:38]   ↳ 已存在，跳過 (24小時-上門汽車維修保養服務.html)
[2026-08-25 10:13:38]   ↳ 已存在，跳過 (24小時-上門汽車維修保養服務.html)
[2026-08-25 10:13:38] [90/109] 保養及維修服務 - Dchmsc | https://www.dchmsc.com/zh/maintenance-repair
[2026-08-25 10:13:38] [90/109] 保養及維修服務 - Dchmsc | https://www.dchmsc.com/zh/maintenance-repair
[2026-08-25 10:13:38]   ↳ 已存在，跳過 (保養及維修服務---Dchmsc.html)
[2026-08-25 10:13:38]   ↳ 已存在，跳過 (保養及維修服務---Dchmsc.html)
[2026-08-25 10:13:38] [91/109] Carro Care | https://carro.co/hk/zh-hant-hk/carro-care
[2026-08-25 10:13:38] [91/109] Carro Care | https://carro.co/hk/zh-hant-hk/carro-care
[2026-08-25 10:13:38]   ↳ 已存在，跳過 (Carro-Care.html)
[2026-08-25 10:13:38]   ↳ 已存在，跳過 (Carro-Care.html)
[2026-08-25 10:13:38] [92/109] 車師傅 - 全港認證車師傅總匯 | https://www.mastercar.hk/
[2026-08-25 10:13:38] [92/109] 車師傅 - 全港認證車師傅總匯 | https://www.mastercar.hk/
[2026-08-25 10:13:38]   ↳ 已存在，跳過 (車師傅---全港認證車師傅總匯.html)
[2026-08-25 10:13:38]   ↳ 已存在，跳過 (車師傅---全港認證車師傅總匯.html)
[2026-08-25 10:13:38] [93/109] 堅記車房平台 | https://www.kinkeecar.com/
[2026-08-25 10:13:38] [93/109] 堅記車房平台 | https://www.kinkeecar.com/
[2026-08-25 10:13:38]   ↳ 已存在，跳過 (堅記車房平台.html)
[2026-08-25 10:13:38]   ↳ 已存在，跳過 (堅記車房平台.html)
[2026-08-25 10:13:38] [94/109] 汽車保養及汽車維修 | CarService.hk | https://www.carservice.hk/zh-hk/services/car-servicing
[2026-08-25 10:13:38] [94/109] 汽車保養及汽車維修 | CarService.hk | https://www.carservice.hk/zh-hk/services/car-servicing
[2026-08-25 10:13:38]   ↳ 已存在，跳過 (汽車保養及汽車維修-CarService.hk.html)
[2026-08-25 10:13:38]   ↳ 已存在，跳過 (汽車保養及汽車維修-CarService.hk.html)
[2026-08-25 10:13:38] [95/109] 汽車維修 - Anyone | https://www.anyonehk.com/%E6%B1%BD%E8%BB%8A%E7%B6%AD%E4%BF%AE/
[2026-08-25 10:13:38] [95/109] 汽車維修 - Anyone | https://www.anyonehk.com/%E6%B1%BD%E8%BB%8A%E7%B6%AD%E4%BF%AE/
[2026-08-25 10:13:38]   ↳ 已存在，跳過 (汽車維修---Anyone.html)
[2026-08-25 10:13:38]   ↳ 已存在，跳過 (汽車維修---Anyone.html)
[2026-08-25 10:13:38] [96/109] 香港汽車維修公司名錄 - 新成立/注册及已更改名称的公司名单 | https://hkg.databasesets.com/zh-hant/gongsimingdan/type/Motor_Service
[2026-08-25 10:13:38] [96/109] 香港汽車維修公司名錄 - 新成立/注册及已更改名称的公司名单 | https://hkg.databasesets.com/zh-hant/gongsimingdan/type/Motor_Service
[2026-08-25 10:13:38]   ↳ 已存在，跳過 (香港汽車維修公司名錄---新成立-注册及已更改名称的公司名单.html)
[2026-08-25 10:13:38]   ↳ 已存在，跳過 (香港汽車維修公司名錄---新成立-注册及已更改名称的公司名单.html)
[2026-08-25 10:13:38] [97/109] 汽車服務公司 - Driver.com.hk | https://www.driver.com.hk/service
[2026-08-25 10:13:38] [97/109] 汽車服務公司 - Driver.com.hk | https://www.driver.com.hk/service
[2026-08-25 10:13:38]   ↳ 已存在，跳過 (汽車服務公司---Driver.com.hk.html)
[2026-08-25 10:13:38]   ↳ 已存在，跳過 (汽車服務公司---Driver.com.hk.html)
[2026-08-25 10:13:38] [98/109] 最佳香港花店推介 送花訂花好去處/網上買花 | https://www.timeout.com.hk/hong-kong/hk/%E8%B3%BC%E7%89%A9/%E6%9C%80%E4%BD%B3%E9%A6%99%E6%B8%AF%E8%8A%B1%E5%BA%97%E6%8E%A8%E4%BB%8B-%E9%80%81%E8%8A%B1%E8%A8%82%E8%8A%B1%E5%A5%BD%E5%8E%BB%E8%99%95-%E7%B6%B2%E4%B8%8A%E8%B2%B7%E8%8A%B1
[2026-08-25 10:13:38] [98/109] 最佳香港花店推介 送花訂花好去處/網上買花 | https://www.timeout.com.hk/hong-kong/hk/%E8%B3%BC%E7%89%A9/%E6%9C%80%E4%BD%B3%E9%A6%99%E6%B8%AF%E8%8A%B1%E5%BA%97%E6%8E%A8%E4%BB%8B-%E9%80%81%E8%8A%B1%E8%A8%82%E8%8A%B1%E5%A5%BD%E5%8E%BB%E8%99%95-%E7%B6%B2%E4%B8%8A%E8%B2%B7%E8%8A%B1
[2026-08-25 10:13:38]   ↳ 已存在，跳過 (最佳香港花店推介-送花訂花好去處-網上買花.html)
[2026-08-25 10:13:38]   ↳ 已存在，跳過 (最佳香港花店推介-送花訂花好去處-網上買花.html)
[2026-08-25 10:13:38] [99/109] HK Florist Directory | https://zh-hk.hk-florist.org/hk-florist-directory/
[2026-08-25 10:13:38] [99/109] HK Florist Directory | https://zh-hk.hk-florist.org/hk-florist-directory/
[2026-08-25 10:13:38]   ↳ 已存在，跳過 (HK-Florist-Directory.html)
[2026-08-25 10:13:38]   ↳ 已存在，跳過 (HK-Florist-Directory.html)
[2026-08-25 10:13:38] [100/109] 主頁 | https://shunkeeflowers.com.hk/
[2026-08-25 10:13:38] [100/109] 主頁 | https://shunkeeflowers.com.hk/
[2026-08-25 10:13:38]   ↳ 已存在，跳過 (主頁.html)
[2026-08-25 10:13:38]   ↳ 已存在，跳過 (主頁.html)
[2026-08-25 10:13:38] [101/109] Kushiro | http://www.kushiro.com.hk/
[2026-08-25 10:13:38] [101/109] Kushiro | http://www.kushiro.com.hk/
[2026-08-25 10:13:38]   ↳ 已存在，跳過 (Kushiro.html)
[2026-08-25 10:13:38]   ↳ 已存在，跳過 (Kushiro.html)
[2026-08-25 10:13:38] [102/109] PETNAR LIVING 裝修工程 室內設計 傢俬訂製 | https://petnar-living.com/interior-design/
[2026-08-25 10:13:38] [102/109] PETNAR LIVING 裝修工程 室內設計 傢俬訂製 | https://petnar-living.com/interior-design/
[2026-08-25 10:13:38]   ↳ 已存在，跳過 (PETNAR-LIVING-裝修工程-室內設計-傢俬訂製.html)
[2026-08-25 10:13:38]   ↳ 已存在，跳過 (PETNAR-LIVING-裝修工程-室內設計-傢俬訂製.html)
[2026-08-25 10:13:38] [103/109] 太子中学補習社 - 立方教育 | https://www.ilearndse.com/
[2026-08-25 10:13:38] [103/109] 太子中学補習社 - 立方教育 | https://www.ilearndse.com/
[2026-08-25 10:13:38]   ↳ 已存在，跳過 (太子中学補習社---立方教育.html)
[2026-08-25 10:13:38]   ↳ 已存在，跳過 (太子中学補習社---立方教育.html)
[2026-08-25 10:13:38] [104/109] Speedycat Photo Studio | https://www.speedycat.com.hk/
[2026-08-25 10:13:38] [104/109] Speedycat Photo Studio | https://www.speedycat.com.hk/
[2026-08-25 10:13:38]   ↳ 已存在，跳過 (Speedycat-Photo-Studio.html)
[2026-08-25 10:13:38]   ↳ 已存在，跳過 (Speedycat-Photo-Studio.html)
[2026-08-25 10:13:38] [105/109] 進研教育 - 英文中文數學補習社 (北角分校) | https://www.joinin-education.com/
[2026-08-25 10:13:38] [105/109] 進研教育 - 英文中文數學補習社 (北角分校) | https://www.joinin-education.com/
[2026-08-25 10:13:38]   ↳ 已存在，跳過 (進研教育---英文中文數學補習社-北角分校.html)
[2026-08-25 10:13:38]   ↳ 已存在，跳過 (進研教育---英文中文數學補習社-北角分校.html)
[2026-08-25 10:13:38] [106/109] 聚萌 | https://www.dogatherhk.com/
[2026-08-25 10:13:38] [106/109] 聚萌 | https://www.dogatherhk.com/
[2026-08-25 10:13:38]   ↳ 已存在，跳過 (聚萌.html)
[2026-08-25 10:13:38]   ↳ 已存在，跳過 (聚萌.html)
[2026-08-25 10:13:38] [107/109] The Factory Hair剪髮染髮電髮專門店 | http://haircuthk.com/
[2026-08-25 10:13:38] [107/109] The Factory Hair剪髮染髮電髮專門店 | http://haircuthk.com/
[2026-08-25 10:13:41]   ✓ 已儲存 The-Factory-Hair剪髮染髮電髮專門店.html (688KB, requests 656323B)
[2026-08-25 10:13:41]   ✓ 已儲存 The-Factory-Hair剪髮染髮電髮專門店.html (688KB, requests 656323B)
[2026-08-25 10:13:42] [108/109] EcHouse 装修配対平台 | 装修報価 | 室内設計 | | https://www.echouse.com.hk/
[2026-08-25 10:13:42] [108/109] EcHouse 装修配対平台 | 装修報価 | 室内設計 | | https://www.echouse.com.hk/
[2026-08-25 10:13:44]   ✓ 已儲存 EcHouse-装修配対平台-装修報価-室内設計-装修設計.html (174KB, requests 165762B)
[2026-08-25 10:13:44]   ✓ 已儲存 EcHouse-装修配対平台-装修報価-室内設計-装修設計.html (174KB, requests 165762B)
[2026-08-25 10:13:45] [109/109] Element Dental Centre 弘悅牙科 | https://www.elementdentalhk.com/
[2026-08-25 10:13:45] [109/109] Element Dental Centre 弘悅牙科 | https://www.elementdentalhk.com/
[2026-08-25 10:13:45]   ✓ 已儲存 Element-Dental-Centre-弘悅牙科.html (150KB, requests 149936B)
[2026-08-25 10:13:45]   ✓ 已儲存 Element-Dental-Centre-弘悅牙科.html (150KB, requests 149936B)
[2026-08-25 10:13:45] == 完成 ==
[2026-08-25 10:13:45] == 完成 ==
[2026-08-25 10:13:45] 成功 109 個，失敗 0 個
[2026-08-25 10:13:45] 成功 109 個，失敗 0 個

── 失敗清單 ──
[2026-08-25 10:13:45] == 開始為 0 間「沒網站但有聯絡」的商家建立一頁式網頁 → /home/ubuntu/.mok/html/project/MokCs ==
[2026-08-25 10:13:45] == 開始為 0 間「沒網站但有聯絡」的商家建立一頁式網頁 → /home/ubuntu/.mok/html/project/MokCs ==
[2026-08-25 10:13:45] == 一頁式網頁完成：0/0 ==
[2026-08-25 10:13:45] == 一頁式網頁完成：0/0 ==
[2026-08-25 10:43:28]   過濾：111 間 → 保留 111 間有 WhatsApp/Email 的商家
[2026-08-25 10:43:28]   過濾：111 間 → 保留 111 間有 WhatsApp/Email 的商家
[2026-08-25 10:43:28] == 開始克隆 111 個商家首頁 → /home/ubuntu/.mok/html/project/MokCs ==
[2026-08-25 10:43:28] == 開始克隆 111 個商家首頁 → /home/ubuntu/.mok/html/project/MokCs ==
[2026-08-25 10:43:28] [1/111] Hutong | https://hutong.com.hk/
[2026-08-25 10:43:28] [1/111] Hutong | https://hutong.com.hk/
[2026-08-25 10:43:28]   ↳ 已存在，跳過 (Hutong.html)
[2026-08-25 10:43:28]   ↳ 已存在，跳過 (Hutong.html)
[2026-08-25 10:43:28] [2/111] The Chairman Restaurant | https://www.thechairmangroup.com/
[2026-08-25 10:43:28] [2/111] The Chairman Restaurant | https://www.thechairmangroup.com/
[2026-08-25 10:43:28]   ↳ 已存在，跳過 (The-Chairman-Restaurant.html)
[2026-08-25 10:43:28]   ↳ 已存在，跳過 (The-Chairman-Restaurant.html)
[2026-08-25 10:43:28] [3/111] 南蛮亭香港店 | http://nanbantei.com.hk/
[2026-08-25 10:43:28] [3/111] 南蛮亭香港店 | http://nanbantei.com.hk/
[2026-08-25 10:43:28]   ↳ 已存在，跳過 (南蛮亭香港店.html)
[2026-08-25 10:43:28]   ↳ 已存在，跳過 (南蛮亭香港店.html)
[2026-08-25 10:43:28] [4/111] 添好運點心專賣店 | https://www.timhowan.com.hk/
[2026-08-25 10:43:28] [4/111] 添好運點心專賣店 | https://www.timhowan.com.hk/
[2026-08-25 10:43:28]   ↳ 已存在，跳過 (添好運點心專賣店.html)
[2026-08-25 10:43:28]   ↳ 已存在，跳過 (添好運點心專賣店.html)
[2026-08-25 10:43:28] [5/111] La Petite Maison (LPM) Hong Ko | https://lpmrestaurants.com/hongkong/
[2026-08-25 10:43:28] [5/111] La Petite Maison (LPM) Hong Ko | https://lpmrestaurants.com/hongkong/
[2026-08-25 10:43:28]   ↳ 已存在，跳過 (La-Petite-Maison-LPM-Hong-Kong.html)
[2026-08-25 10:43:28]   ↳ 已存在，跳過 (La-Petite-Maison-LPM-Hong-Kong.html)
[2026-08-25 10:43:28] [6/111] Glow Hong Kong | https://www.glowspa.hk/
[2026-08-25 10:43:28] [6/111] Glow Hong Kong | https://www.glowspa.hk/
[2026-08-25 10:43:28]   ↳ 已存在，跳過 (Glow-Hong-Kong.html)
[2026-08-25 10:43:28]   ↳ 已存在，跳過 (Glow-Hong-Kong.html)
[2026-08-25 10:43:28] [7/111] Mó The Slow Bloom | https://www.mo-hk.com/
[2026-08-25 10:43:28] [7/111] Mó The Slow Bloom | https://www.mo-hk.com/
[2026-08-25 10:43:28]   ↳ 已存在，跳過 (Mó-The-Slow-Bloom.html)
[2026-08-25 10:43:28]   ↳ 已存在，跳過 (Mó-The-Slow-Bloom.html)
[2026-08-25 10:43:28] [8/111] Lux Medical 医繊美 | https://www.luxbeauty.hk/
[2026-08-25 10:43:28] [8/111] Lux Medical 医繊美 | https://www.luxbeauty.hk/
[2026-08-25 10:43:28]   ↳ 已存在，跳過 (Lux-Medical-医繊美.html)
[2026-08-25 10:43:28]   ↳ 已存在，跳過 (Lux-Medical-医繊美.html)
[2026-08-25 10:43:28] [9/111] 114HAIR | http://www.114hair.com/
[2026-08-25 10:43:28] [9/111] 114HAIR | http://www.114hair.com/
[2026-08-25 10:43:28]   ↳ 已存在，跳過 (114HAIR.html)
[2026-08-25 10:43:28]   ↳ 已存在，跳過 (114HAIR.html)
[2026-08-25 10:43:28] [10/111] Love Hair | http://www.lovehairhk.com/
[2026-08-25 10:43:28] [10/111] Love Hair | http://www.lovehairhk.com/
[2026-08-25 10:43:28]   ↳ 已存在，跳過 (Love-Hair.html)
[2026-08-25 10:43:28]   ↳ 已存在，跳過 (Love-Hair.html)
[2026-08-25 10:43:28] [11/111] TONI&GUY HK | http://www.toniandguyhk.com/
[2026-08-25 10:43:28] [11/111] TONI&GUY HK | http://www.toniandguyhk.com/
[2026-08-25 10:43:28]   ↳ 已存在，跳過 (TONIGUY-HK.html)
[2026-08-25 10:43:28]   ↳ 已存在，跳過 (TONIGUY-HK.html)
[2026-08-25 10:43:28] [12/111] iMPROVE HAiR-尖沙咀salon 尖沙咀剪髮 尖沙 | http://www.ihair.com.hk/
[2026-08-25 10:43:28] [12/111] iMPROVE HAiR-尖沙咀salon 尖沙咀剪髮 尖沙 | http://www.ihair.com.hk/
[2026-08-25 10:43:28]   ↳ 已存在，跳過 (iMPROVE-HAiR-尖沙咀salon-尖沙咀剪髮-尖沙咀髮廊-尖沙咀中藥染髮-尖沙咀假髮-尖沙咀頭皮護理.html)
[2026-08-25 10:43:28]   ↳ 已存在，跳過 (iMPROVE-HAiR-尖沙咀salon-尖沙咀剪髮-尖沙咀髮廊-尖沙咀中藥染髮-尖沙咀假髮-尖沙咀頭皮護理.html)
[2026-08-25 10:43:28] [13/111] 金澱装修工程有限公司 | https://www.palaceengineeringltd.com/
[2026-08-25 10:43:28] [13/111] 金澱装修工程有限公司 | https://www.palaceengineeringltd.com/
[2026-08-25 10:43:28]   ↳ 已存在，跳過 (金澱装修工程有限公司.html)
[2026-08-25 10:43:28]   ↳ 已存在，跳過 (金澱装修工程有限公司.html)
[2026-08-25 10:43:28] [14/111] 鋒主義 - 室內設計公司 | 室內裝修工程 | 工期 報價  | https://www.fungstyle.com.hk/
[2026-08-25 10:43:28] [14/111] 鋒主義 - 室內設計公司 | 室內裝修工程 | 工期 報價  | https://www.fungstyle.com.hk/
[2026-08-25 10:43:28]   ↳ 已存在，跳過 (鋒主義---室內設計公司-室內裝修工程-工期-報價-服務-三大保證.html)
[2026-08-25 10:43:28]   ↳ 已存在，跳過 (鋒主義---室內設計公司-室內裝修工程-工期-報價-服務-三大保證.html)
[2026-08-25 10:43:28] [15/111] 装修兄弟 | http://www.renobro.com.hk/
[2026-08-25 10:43:28] [15/111] 装修兄弟 | http://www.renobro.com.hk/
[2026-08-25 10:43:28]   ↳ 已存在，跳過 (装修兄弟.html)
[2026-08-25 10:43:28]   ↳ 已存在，跳過 (装修兄弟.html)
[2026-08-25 10:43:28] [16/111] 居屋皇 House king | 香港室内設計及装修公司 | http://housekinghk.com/
[2026-08-25 10:43:28] [16/111] 居屋皇 House king | 香港室内設計及装修公司 | http://housekinghk.com/
[2026-08-25 10:43:28]   ↳ 已存在，跳過 (居屋皇-House-king-香港室内設計及装修公司.html)
[2026-08-25 10:43:28]   ↳ 已存在，跳過 (居屋皇-House-king-香港室内設計及装修公司.html)
[2026-08-25 10:43:28] [17/111] Toby 裝修設計平台｜免費裝修報價｜香港裝修公司及室內設計 | https://www.hellotoby.com/zh-hk/id
[2026-08-25 10:43:28] [17/111] Toby 裝修設計平台｜免費裝修報價｜香港裝修公司及室內設計 | https://www.hellotoby.com/zh-hk/id
[2026-08-25 10:43:28]   ↳ 已存在，跳過 (Toby-裝修設計平台免費裝修報價香港裝修公司及室內設計公司.html)
[2026-08-25 10:43:28]   ↳ 已存在，跳過 (Toby-裝修設計平台免費裝修報價香港裝修公司及室內設計公司.html)
[2026-08-25 10:43:28] [18/111] PET HK - Mid Levels Edition | http://pethk.com/
[2026-08-25 10:43:28] [18/111] PET HK - Mid Levels Edition | http://pethk.com/
[2026-08-25 10:43:28]   ↳ 已存在，跳過 (PET-HK---Mid-Levels-Edition.html)
[2026-08-25 10:43:28]   ↳ 已存在，跳過 (PET-HK---Mid-Levels-Edition.html)
[2026-08-25 10:43:28] [19/111] Ruff & Fetch 拉夫寵物生活 (佐敦 Jordan | http://www.ruffandfetch.com/
[2026-08-25 10:43:28] [19/111] Ruff & Fetch 拉夫寵物生活 (佐敦 Jordan | http://www.ruffandfetch.com/
[2026-08-25 10:43:28]   ↳ 已存在，跳過 (Ruff--Fetch-拉夫寵物生活-佐敦-Jordan.html)
[2026-08-25 10:43:28]   ↳ 已存在，跳過 (Ruff--Fetch-拉夫寵物生活-佐敦-Jordan.html)
[2026-08-25 10:43:28] [20/111] HKTA香港導師会 | https://www.hkta.edu.hk/
[2026-08-25 10:43:28] [20/111] HKTA香港導師会 | https://www.hkta.edu.hk/
[2026-08-25 10:43:28]   ↳ 已存在，跳過 (HKTA香港導師会.html)
[2026-08-25 10:43:28]   ↳ 已存在，跳過 (HKTA香港導師会.html)
[2026-08-25 10:43:28] [21/111] 騎士数学 Knight Mathematics - Band | https://knightmaths.edu.hk/
[2026-08-25 10:43:28] [21/111] 騎士数学 Knight Mathematics - Band | https://knightmaths.edu.hk/
[2026-08-25 10:43:28]   ↳ 已存在，跳過 (騎士数学-Knight-Mathematics---Band-1-DSE-数学補習社.html)
[2026-08-25 10:43:28]   ↳ 已存在，跳過 (騎士数学-Knight-Mathematics---Band-1-DSE-数学補習社.html)
[2026-08-25 10:43:28] [22/111] 香港文化教育中心 | https://docs.google.com/forms/d/e/1FAIpQLSdjgsQlR4w8ZgKgE9RgAUPsPwrZzAZpo5SCULDDOgygEdeDnQ/viewform
[2026-08-25 10:43:28] [22/111] 香港文化教育中心 | https://docs.google.com/forms/d/e/1FAIpQLSdjgsQlR4w8ZgKgE9RgAUPsPwrZzAZpo5SCULDDOgygEdeDnQ/viewform
[2026-08-25 10:43:28]   ↳ 已存在，跳過 (香港文化教育中心.html)
[2026-08-25 10:43:28]   ↳ 已存在，跳過 (香港文化教育中心.html)
[2026-08-25 10:43:28] [23/111] GETUTOR 香港導師総会｜上門補習中介平台｜私補導師推介 | https://www.getutor.com.hk/
[2026-08-25 10:43:28] [23/111] GETUTOR 香港導師総会｜上門補習中介平台｜私補導師推介 | https://www.getutor.com.hk/
[2026-08-25 10:43:28]   ↳ 已存在，跳過 (GETUTOR-香港導師総会上門補習中介平台私補導師推介Private-Tutors-AgencyIB-IGCSE-A.html)
[2026-08-25 10:43:28]   ↳ 已存在，跳過 (GETUTOR-香港導師総会上門補習中介平台私補導師推介Private-Tutors-AgencyIB-IGCSE-A.html)
[2026-08-25 10:43:28] [24/111] 英博教学中心 - 数学中文英文補習 - 中小学補習社 | https://eplc.edu.hk/
[2026-08-25 10:43:28] [24/111] 英博教学中心 - 数学中文英文補習 - 中小学補習社 | https://eplc.edu.hk/
[2026-08-25 10:43:28]   ↳ 已存在，跳過 (英博教学中心---数学中文英文補習---中小学補習社.html)
[2026-08-25 10:43:28]   ↳ 已存在，跳過 (英博教学中心---数学中文英文補習---中小学補習社.html)
[2026-08-25 10:43:28] [25/111] 進研教育 - 英文中文数学補習社 | https://joinin-education.com/
[2026-08-25 10:43:28] [25/111] 進研教育 - 英文中文数学補習社 | https://joinin-education.com/
[2026-08-25 10:43:28]   ↳ 已存在，跳過 (進研教育---英文中文数学補習社.html)
[2026-08-25 10:43:28]   ↳ 已存在，跳過 (進研教育---英文中文数学補習社.html)
[2026-08-25 10:43:28] [26/111] 學斯教育(灣仔) | http://hoksi-edu.com/
[2026-08-25 10:43:28] [26/111] 學斯教育(灣仔) | http://hoksi-edu.com/
[2026-08-25 10:43:28]   ↳ 已存在，跳過 (學斯教育灣仔.html)
[2026-08-25 10:43:28]   ↳ 已存在，跳過 (學斯教育灣仔.html)
[2026-08-25 10:43:28] [27/111] 補習社｜学博教育 Learn Smart Education | https://learnsmart.edu.hk/
[2026-08-25 10:43:28] [27/111] 補習社｜学博教育 Learn Smart Education | https://learnsmart.edu.hk/
[2026-08-25 10:43:28]   ↳ 已存在，跳過 (補習社学博教育-Learn-Smart-Education.html)
[2026-08-25 10:43:28]   ↳ 已存在，跳過 (補習社学博教育-Learn-Smart-Education.html)
[2026-08-25 10:43:28] [28/111] 24/7 Fitness Central | http://247.fitness/
[2026-08-25 10:43:28] [28/111] 24/7 Fitness Central | http://247.fitness/
[2026-08-25 10:43:28]   ↳ 已存在，跳過 (24-7-Fitness-Central.html)
[2026-08-25 10:43:28]   ↳ 已存在，跳過 (24-7-Fitness-Central.html)
[2026-08-25 10:43:28] [29/111] 啓弘牙科（旺角店）丨九龍/旺角牙医/智慧歯/箍牙/隠式美/全 | https://omnesdental.com/
[2026-08-25 10:43:28] [29/111] 啓弘牙科（旺角店）丨九龍/旺角牙医/智慧歯/箍牙/隠式美/全 | https://omnesdental.com/
[2026-08-25 10:43:28]   ↳ 已存在，跳過 (啓弘牙科旺角店丨九龍-旺角牙医-智慧歯-箍牙-隠式美-全方位牙科服務-専業治療牙痛-種植牙-補牙-剥牙-洗牙.html)
[2026-08-25 10:43:28]   ↳ 已存在，跳過 (啓弘牙科旺角店丨九龍-旺角牙医-智慧歯-箍牙-隠式美-全方位牙科服務-専業治療牙痛-種植牙-補牙-剥牙-洗牙.html)
[2026-08-25 10:43:28] [30/111] Smith & Jain Dentists 史密夫和鄭牙醫診 | https://smithandjaindentists.com/
[2026-08-25 10:43:28] [30/111] Smith & Jain Dentists 史密夫和鄭牙醫診 | https://smithandjaindentists.com/
[2026-08-25 10:43:28]   ↳ 已存在，跳過 (Smith--Jain-Dentists-史密夫和鄭牙醫診所.html)
[2026-08-25 10:43:28]   ↳ 已存在，跳過 (Smith--Jain-Dentists-史密夫和鄭牙醫診所.html)
[2026-08-25 10:43:28] [31/111] Home Dental (Tsim Sha Tsui Bra | https://homedentalhk.com/cn/contact-us/tst
[2026-08-25 10:43:28] [31/111] Home Dental (Tsim Sha Tsui Bra | https://homedentalhk.com/cn/contact-us/tst
[2026-08-25 10:43:28]   ↳ 已存在，跳過 (Home-Dental-Tsim-Sha-Tsui-Branch.html)
[2026-08-25 10:43:28]   ↳ 已存在，跳過 (Home-Dental-Tsim-Sha-Tsui-Branch.html)
[2026-08-25 10:43:28] [32/111] 伍裕彤牙医 | https://trucaredental.hk/
[2026-08-25 10:43:28] [32/111] 伍裕彤牙医 | https://trucaredental.hk/
[2026-08-25 10:43:28]   ↳ 已存在，跳過 (伍裕彤牙医.html)
[2026-08-25 10:43:28]   ↳ 已存在，跳過 (伍裕彤牙医.html)
[2026-08-25 10:43:28] [33/111] Home Dental | https://homedentalhk.com/cn/contact-us/cwb
[2026-08-25 10:43:28] [33/111] Home Dental | https://homedentalhk.com/cn/contact-us/cwb
[2026-08-25 10:43:28]   ↳ 已存在，跳過 (Home-Dental.html)
[2026-08-25 10:43:28]   ↳ 已存在，跳過 (Home-Dental.html)
[2026-08-25 10:43:28] [34/111] T.O.P Dental by Family Smile L | http://www.topdental.hk/
[2026-08-25 10:43:28] [34/111] T.O.P Dental by Family Smile L | http://www.topdental.hk/
[2026-08-25 10:43:28]   ↳ 已存在，跳過 (T.O.P-Dental-by-Family-Smile-Ltd-香港牙科醫療集團-旺角太子牙醫中心.html)
[2026-08-25 10:43:28]   ↳ 已存在，跳過 (T.O.P-Dental-by-Family-Smile-Ltd-香港牙科醫療集團-旺角太子牙醫中心.html)
[2026-08-25 10:43:28] [35/111] Metro Dental 城健総合牙科医療中心 | https://www.metrodental.com.hk/
[2026-08-25 10:43:28] [35/111] Metro Dental 城健総合牙科医療中心 | https://www.metrodental.com.hk/
[2026-08-25 10:43:28]   ↳ 已存在，跳過 (Metro-Dental-城健総合牙科医療中心.html)
[2026-08-25 10:43:28]   ↳ 已存在，跳過 (Metro-Dental-城健総合牙科医療中心.html)
[2026-08-25 10:43:28] [36/111] 大国手 汽車車身維修 Grand Tycoon Automo | http://grandtycoon.com/
[2026-08-25 10:43:28] [36/111] 大国手 汽車車身維修 Grand Tycoon Automo | http://grandtycoon.com/
[2026-08-25 10:43:28]   ↳ 已存在，跳過 (大国手-汽車車身維修-Grand-Tycoon-Automotive-Repair-Shop.html)
[2026-08-25 10:43:28]   ↳ 已存在，跳過 (大国手-汽車車身維修-Grand-Tycoon-Automotive-Repair-Shop.html)
[2026-08-25 10:43:28] [37/111] AutoMate | Sham Shui Po Shop | https://www.automate-app.com/auto-shop
[2026-08-25 10:43:28] [37/111] AutoMate | Sham Shui Po Shop | https://www.automate-app.com/auto-shop
[2026-08-25 10:43:28]   ↳ 已存在，跳過 (AutoMate-Sham-Shui-Po-Shop.html)
[2026-08-25 10:43:28]   ↳ 已存在，跳過 (AutoMate-Sham-Shui-Po-Shop.html)
[2026-08-25 10:43:28] [38/111] Carol Garage Limited | http://www.carolgarage.com.hk/
[2026-08-25 10:43:28] [38/111] Carol Garage Limited | http://www.carolgarage.com.hk/
[2026-08-25 10:43:28]   ↳ 已存在，跳過 (Carol-Garage-Limited.html)
[2026-08-25 10:43:28]   ↳ 已存在，跳過 (Carol-Garage-Limited.html)
[2026-08-25 10:43:28] [39/111] 八方汽車 | Power Moto Limited | http://www.power-moto.hk/
[2026-08-25 10:43:28] [39/111] 八方汽車 | Power Moto Limited | http://www.power-moto.hk/
[2026-08-25 10:43:28]   ↳ 已存在，跳過 (八方汽車-Power-Moto-Limited.html)
[2026-08-25 10:43:28]   ↳ 已存在，跳過 (八方汽車-Power-Moto-Limited.html)
[2026-08-25 10:43:28] [40/111] Flow & Roll Laundry 自助洗衣 (中環 C | https://flowandroll.com/
[2026-08-25 10:43:28] [40/111] Flow & Roll Laundry 自助洗衣 (中環 C | https://flowandroll.com/
[2026-08-25 10:43:28]   ↳ 已存在，跳過 (Flow--Roll-Laundry-自助洗衣-中環-Central.html)
[2026-08-25 10:43:28]   ↳ 已存在，跳過 (Flow--Roll-Laundry-自助洗衣-中環-Central.html)
[2026-08-25 10:43:28] [41/111] 初洗 First Laundry 觀塘24小時自助洗衣店 | https://wa.me/85268716550
[2026-08-25 10:43:28] [41/111] 初洗 First Laundry 觀塘24小時自助洗衣店 | https://wa.me/85268716550
[2026-08-25 10:43:28]   ↳ 已存在，跳過 (初洗-First-Laundry-觀塘24小時自助洗衣店.html)
[2026-08-25 10:43:28]   ↳ 已存在，跳過 (初洗-First-Laundry-觀塘24小時自助洗衣店.html)
[2026-08-25 10:43:28] [42/111] 水漾衣坊 water laundry | https://whalewashmk.hk/
[2026-08-25 10:43:28] [42/111] 水漾衣坊 water laundry | https://whalewashmk.hk/
[2026-08-25 10:43:28]   ↳ 已存在，跳過 (水漾衣坊-water-laundry.html)
[2026-08-25 10:43:28]   ↳ 已存在，跳過 (水漾衣坊-water-laundry.html)
[2026-08-25 10:43:28] [43/111] FLORISTRY by ART OF LIVING | http://www.floristrybyartofliving.com/
[2026-08-25 10:43:28] [43/111] FLORISTRY by ART OF LIVING | http://www.floristrybyartofliving.com/
[2026-08-25 10:43:28]   ↳ 已存在，跳過 (FLORISTRY-by-ART-OF-LIVING.html)
[2026-08-25 10:43:28]   ↳ 已存在，跳過 (FLORISTRY-by-ART-OF-LIVING.html)
[2026-08-25 10:43:28] [44/111] 花籃 450 - Flower 450 | https://flower450.com/
[2026-08-25 10:43:28] [44/111] 花籃 450 - Flower 450 | https://flower450.com/
[2026-08-25 10:43:28]   ↳ 已存在，跳過 (花籃-450---Flower-450.html)
[2026-08-25 10:43:28]   ↳ 已存在，跳過 (花籃-450---Flower-450.html)
[2026-08-25 10:43:28] [45/111] 優之花鋪-U Flower Shop | https://www.uflowershop.com/
[2026-08-25 10:43:28] [45/111] 優之花鋪-U Flower Shop | https://www.uflowershop.com/
[2026-08-25 10:43:28]   ↳ 已存在，跳過 (優之花鋪-U-Flower-Shop.html)
[2026-08-25 10:43:28]   ↳ 已存在，跳過 (優之花鋪-U-Flower-Shop.html)
[2026-08-25 10:43:28] [46/111] Eternal Flora hk | https://www.eternalflorahk.com/
[2026-08-25 10:43:28] [46/111] Eternal Flora hk | https://www.eternalflorahk.com/
[2026-08-25 10:43:28]   ↳ 已存在，跳過 (Eternal-Flora-hk.html)
[2026-08-25 10:43:28]   ↳ 已存在，跳過 (Eternal-Flora-hk.html)
[2026-08-25 10:43:28] [47/111] FDHK - Flower Delivery Hong Ko | https://flowerdeliveryhongkong.com/
[2026-08-25 10:43:28] [47/111] FDHK - Flower Delivery Hong Ko | https://flowerdeliveryhongkong.com/
[2026-08-25 10:43:28]   ↳ 已存在，跳過 (FDHK---Flower-Delivery-Hong-Kong.html)
[2026-08-25 10:43:28]   ↳ 已存在，跳過 (FDHK---Flower-Delivery-Hong-Kong.html)
[2026-08-25 10:43:28] [48/111] Joseph Photo 香港專業攝影工作室 | https://josephphoto.hk/
[2026-08-25 10:43:28] [48/111] Joseph Photo 香港專業攝影工作室 | https://josephphoto.hk/
[2026-08-25 10:43:28]   ↳ 已存在，跳過 (Joseph-Photo-香港專業攝影工作室.html)
[2026-08-25 10:43:28]   ↳ 已存在，跳過 (Joseph-Photo-香港專業攝影工作室.html)
[2026-08-25 10:43:28] [49/111] Majesty Professional Photo殿堂館- | https://www.majestyprofessional.com/
[2026-08-25 10:43:28] [49/111] Majesty Professional Photo殿堂館- | https://www.majestyprofessional.com/
[2026-08-25 10:43:28]   ↳ 已存在，跳過 (Majesty-Professional-Photo殿堂館-專業照首選.html)
[2026-08-25 10:43:28]   ↳ 已存在，跳過 (Majesty-Professional-Photo殿堂館-專業照首選.html)
[2026-08-25 10:43:28] [50/111] Owl Photo Studio 貓頭鷹照相館 | https://www.owlphoto.hk/
[2026-08-25 10:43:28] [50/111] Owl Photo Studio 貓頭鷹照相館 | https://www.owlphoto.hk/
[2026-08-25 10:43:28]   ↳ 已存在，跳過 (Owl-Photo-Studio-貓頭鷹照相館.html)
[2026-08-25 10:43:28]   ↳ 已存在，跳過 (Owl-Photo-Studio-貓頭鷹照相館.html)
[2026-08-25 10:43:28] [51/111] Yat Tung Heen - Eaton HK | https://www.yattungheen.com/
[2026-08-25 10:43:28] [51/111] Yat Tung Heen - Eaton HK | https://www.yattungheen.com/
[2026-08-25 10:43:28]   ↳ 已存在，跳過 (Yat-Tung-Heen---Eaton-HK.html)
[2026-08-25 10:43:28]   ↳ 已存在，跳過 (Yat-Tung-Heen---Eaton-HK.html)
[2026-08-25 10:43:28] [52/111] Hair Quest Hair salon Central | https://www.hairquest-hk.com/
[2026-08-25 10:43:28] [52/111] Hair Quest Hair salon Central | https://www.hairquest-hk.com/
[2026-08-25 10:43:28]   ↳ 已存在，跳過 (Hair-Quest-Hair-salon-Central.html)
[2026-08-25 10:43:28]   ↳ 已存在，跳過 (Hair-Quest-Hair-salon-Central.html)
[2026-08-25 10:43:28] [53/111] 天下猫猫一様猫 | https://www.catiscat.com.hk/
[2026-08-25 10:43:28] [53/111] 天下猫猫一様猫 | https://www.catiscat.com.hk/
[2026-08-25 10:43:28]   ↳ 已存在，跳過 (天下猫猫一様猫.html)
[2026-08-25 10:43:28]   ↳ 已存在，跳過 (天下猫猫一様猫.html)
[2026-08-25 10:43:28] [54/111] Bora beauty | https://bora.hk/
[2026-08-25 10:43:28] [54/111] Bora beauty | https://bora.hk/
[2026-08-25 10:43:28]   ↳ 已存在，跳過 (Bora-beauty.html)
[2026-08-25 10:43:28]   ↳ 已存在，跳過 (Bora-beauty.html)
[2026-08-25 10:43:28] [55/111] Dream Scenes Studio | http://dreamscenesstudio.com/
[2026-08-25 10:43:28] [55/111] Dream Scenes Studio | http://dreamscenesstudio.com/
[2026-08-25 10:43:28]   ↳ 已存在，跳過 (Dream-Scenes-Studio.html)
[2026-08-25 10:43:28]   ↳ 已存在，跳過 (Dream-Scenes-Studio.html)
[2026-08-25 10:43:28] [56/111] Dazzling Smile Dental Clinic 瑩 | https://dazzlingsmiledentalclinic.com/
[2026-08-25 10:43:28] [56/111] Dazzling Smile Dental Clinic 瑩 | https://dazzlingsmiledentalclinic.com/
[2026-08-25 10:43:28]   ↳ 已存在，跳過 (Dazzling-Smile-Dental-Clinic-瑩恩牙科診所.html)
[2026-08-25 10:43:28]   ↳ 已存在，跳過 (Dazzling-Smile-Dental-Clinic-瑩恩牙科診所.html)
[2026-08-25 10:43:28] [57/111] Family Smile Limited | http://www.familysmile.hk/
[2026-08-25 10:43:28] [57/111] Family Smile Limited | http://www.familysmile.hk/
[2026-08-25 10:43:28]   ↳ 已存在，跳過 (Family-Smile-Limited.html)
[2026-08-25 10:43:28]   ↳ 已存在，跳過 (Family-Smile-Limited.html)
[2026-08-25 10:43:28] [58/111] INDULGENCE hair & beauty salon | http://www.indulgence.hk/
[2026-08-25 10:43:28] [58/111] INDULGENCE hair & beauty salon | http://www.indulgence.hk/
[2026-08-25 10:43:28]   ↳ 已存在，跳過 (INDULGENCE-hair--beauty-salon.html)
[2026-08-25 10:43:28]   ↳ 已存在，跳過 (INDULGENCE-hair--beauty-salon.html)
[2026-08-25 10:43:28] [59/111] 花店 | 花束專家 | https://www.flowerbouquet.com.hk/
[2026-08-25 10:43:28] [59/111] 花店 | 花束專家 | https://www.flowerbouquet.com.hk/
[2026-08-25 10:43:28]   ↳ 已存在，跳過 (花店-花束專家.html)
[2026-08-25 10:43:28]   ↳ 已存在，跳過 (花店-花束專家.html)
[2026-08-25 10:43:28] [60/111] 網上訂花 ‧ 送花香港 | Fdhk 最高評分即日網上花店 | https://flowerdeliveryhongkong.com/zh
[2026-08-25 10:43:28] [60/111] 網上訂花 ‧ 送花香港 | Fdhk 最高評分即日網上花店 | https://flowerdeliveryhongkong.com/zh
[2026-08-25 10:43:28]   ↳ 已存在，跳過 (網上訂花--送花香港-Fdhk-最高評分即日網上花店.html)
[2026-08-25 10:43:28]   ↳ 已存在，跳過 (網上訂花--送花香港-Fdhk-最高評分即日網上花店.html)
[2026-08-25 10:43:28] [61/111] Rhine Flowers | https://rhineflowers.com/
[2026-08-25 10:43:28] [61/111] Rhine Flowers | https://rhineflowers.com/
[2026-08-25 10:43:28]   ↳ 已存在，跳過 (Rhine-Flowers.html)
[2026-08-25 10:43:28]   ↳ 已存在，跳過 (Rhine-Flowers.html)
[2026-08-25 10:43:28] [62/111] 香港花店｜網上訂花及送花｜Gift Flowers HK | https://giftflowers.com.hk/cn/
[2026-08-25 10:43:28] [62/111] 香港花店｜網上訂花及送花｜Gift Flowers HK | https://giftflowers.com.hk/cn/
[2026-08-25 10:43:28]   ↳ 已存在，跳過 (香港花店網上訂花及送花Gift-Flowers-HK.html)
[2026-08-25 10:43:28]   ↳ 已存在，跳過 (香港花店網上訂花及送花Gift-Flowers-HK.html)
[2026-08-25 10:43:28] [63/111] Flora Floriculture - 花店 | https://www.floraf.com.hk/
[2026-08-25 10:43:28] [63/111] Flora Floriculture - 花店 | https://www.floraf.com.hk/
[2026-08-25 10:43:28]   ↳ 已存在，跳過 (Flora-Floriculture---花店.html)
[2026-08-25 10:43:28]   ↳ 已存在，跳過 (Flora-Floriculture---花店.html)
[2026-08-25 10:43:28] [64/111] 香港花店 | https://www.mrsliuflorist.com/
[2026-08-25 10:43:28] [64/111] 香港花店 | https://www.mrsliuflorist.com/
[2026-08-25 10:43:28]   ↳ 已存在，跳過 (香港花店.html)
[2026-08-25 10:43:28]   ↳ 已存在，跳過 (香港花店.html)
[2026-08-25 10:43:28] [65/111] 網上花店| 網上訂花 | 即日送花 | HKfashop | https://hkfashop.com/
[2026-08-25 10:43:28] [65/111] 網上花店| 網上訂花 | 即日送花 | HKfashop | https://hkfashop.com/
[2026-08-25 10:43:28]   ↳ 已存在，跳過 (網上花店-網上訂花-即日送花-HKfashop.html)
[2026-08-25 10:43:28]   ↳ 已存在，跳過 (網上花店-網上訂花-即日送花-HKfashop.html)
[2026-08-25 10:43:28] [66/111] 【 送花】 ｜訂花｜Flowerbee Florist訂花束 | https://flowerbee-hk.com/zh
[2026-08-25 10:43:28] [66/111] 【 送花】 ｜訂花｜Flowerbee Florist訂花束 | https://flowerbee-hk.com/zh
[2026-08-25 10:43:28]   ↳ 已存在，跳過 (送花-訂花Flowerbee-Florist訂花束---Flowerbee-HK-Florist.html)
[2026-08-25 10:43:28]   ↳ 已存在，跳過 (送花-訂花Flowerbee-Florist訂花束---Flowerbee-HK-Florist.html)
[2026-08-25 10:43:28] [67/111] 花點時間｜香港旺角花墟實體花店：24小時訂花、鮮花花束、開張 | https://www.reflower.com.hk/
[2026-08-25 10:43:28] [67/111] 花點時間｜香港旺角花墟實體花店：24小時訂花、鮮花花束、開張 | https://www.reflower.com.hk/
[2026-08-25 10:43:28]   ↳ 已存在，跳過 (花點時間香港旺角花墟實體花店24小時訂花鮮花花束開張花籃鮮花批發---花點時間-Reflower.html)
[2026-08-25 10:43:28]   ↳ 已存在，跳過 (花點時間香港旺角花墟實體花店24小時訂花鮮花花束開張花籃鮮花批發---花點時間-Reflower.html)
[2026-08-25 10:43:28] [68/111] 香港花店- 首頁花店推薦 - 我們代表和倡導位於香港島、九龍 | https://zh-hk.hk-florist.org/
[2026-08-25 10:43:28] [68/111] 香港花店- 首頁花店推薦 - 我們代表和倡導位於香港島、九龍 | https://zh-hk.hk-florist.org/
[2026-08-25 10:43:28]   ↳ 已存在，跳過 (香港花店--首頁花店推薦---我們代表和倡導位於香港島九龍和新界的花店以及在線花店和鮮花配送公司.html)
[2026-08-25 10:43:28]   ↳ 已存在，跳過 (香港花店--首頁花店推薦---我們代表和倡導位於香港島九龍和新界的花店以及在線花店和鮮花配送公司.html)
[2026-08-25 10:43:28] [69/111] 有花漾 ZH Flowers | https://www.zh-flowers.com/
[2026-08-25 10:43:28] [69/111] 有花漾 ZH Flowers | https://www.zh-flowers.com/
[2026-08-25 10:43:28]   ↳ 已存在，跳過 (有花漾-ZH-Flowers.html)
[2026-08-25 10:43:28]   ↳ 已存在，跳過 (有花漾-ZH-Flowers.html)
[2026-08-25 10:43:28] [70/111] 花店花生花華 | FaSunflower Florist | https://www.fasunflower.com/
[2026-08-25 10:43:28] [70/111] 花店花生花華 | FaSunflower Florist | https://www.fasunflower.com/
[2026-08-25 10:43:28]   ↳ 已存在，跳過 (花店花生花華-FaSunflower-Florist.html)
[2026-08-25 10:43:28]   ↳ 已存在，跳過 (花店花生花華-FaSunflower-Florist.html)
[2026-08-25 10:43:28] [71/111] 格蘭花店 Grand Floral & Gift Shop | https://grand.com.hk/
[2026-08-25 10:43:28] [71/111] 格蘭花店 Grand Floral & Gift Shop | https://grand.com.hk/
[2026-08-25 10:43:28]   ↳ 已存在，跳過 (格蘭花店-Grand-Floral--Gift-Shop.html)
[2026-08-25 10:43:28]   ↳ 已存在，跳過 (格蘭花店-Grand-Floral--Gift-Shop.html)
[2026-08-25 10:43:28] [72/111] WHY Studio - 上環證件相｜學生相｜專業形象照 | https://www.whystudiohk.com/
[2026-08-25 10:43:28] [72/111] WHY Studio - 上環證件相｜學生相｜專業形象照 | https://www.whystudiohk.com/
[2026-08-25 10:43:28]   ↳ 已存在，跳過 (WHY-Studio---上環證件相學生相專業形象照.html)
[2026-08-25 10:43:28]   ↳ 已存在，跳過 (WHY-Studio---上環證件相學生相專業形象照.html)
[2026-08-25 10:43:28] [73/111] Cat Watt 晴珊猫舎 | http://www.catwatt.com/
[2026-08-25 10:43:28] [73/111] Cat Watt 晴珊猫舎 | http://www.catwatt.com/
[2026-08-25 10:43:28]   ↳ 已存在，跳過 (Cat-Watt-晴珊猫舎.html)
[2026-08-25 10:43:28]   ↳ 已存在，跳過 (Cat-Watt-晴珊猫舎.html)
[2026-08-25 10:43:28] [74/111] 牙齒矯正及兒童齒科中心 (旺角朗豪坊) | Orthodon | https://www.ortho-center.com/
[2026-08-25 10:43:28] [74/111] 牙齒矯正及兒童齒科中心 (旺角朗豪坊) | Orthodon | https://www.ortho-center.com/
[2026-08-25 10:43:28]   ↳ 已存在，跳過 (牙齒矯正及兒童齒科中心-旺角朗豪坊-Orthodontic--Childrens-Dental-Center-Langh.html)
[2026-08-25 10:43:28]   ↳ 已存在，跳過 (牙齒矯正及兒童齒科中心-旺角朗豪坊-Orthodontic--Childrens-Dental-Center-Langh.html)
[2026-08-25 10:43:28] [75/111] HALO Flowers | https://haloflowers.com.hk/zh-hant/
[2026-08-25 10:43:28] [75/111] HALO Flowers | https://haloflowers.com.hk/zh-hant/
[2026-08-25 10:43:28]   ↳ 已存在，跳過 (HALO-Flowers.html)
[2026-08-25 10:43:28]   ↳ 已存在，跳過 (HALO-Flowers.html)
[2026-08-25 10:43:28] [76/111] Pettington 柏靈頓獸醫寵物用品 | https://www.pettington.com/
[2026-08-25 10:43:28] [76/111] Pettington 柏靈頓獸醫寵物用品 | https://www.pettington.com/
[2026-08-25 10:43:28]   ↳ 已存在，跳過 (Pettington-柏靈頓獸醫寵物用品.html)
[2026-08-25 10:43:28]   ↳ 已存在，跳過 (Pettington-柏靈頓獸醫寵物用品.html)
[2026-08-25 10:43:28] [77/111] 皓保牙科診所 Craft Smile Dental Cent | https://zh.drchrischeung.com/
[2026-08-25 10:43:28] [77/111] 皓保牙科診所 Craft Smile Dental Cent | https://zh.drchrischeung.com/
[2026-08-25 10:43:28]   ↳ 已存在，跳過 (皓保牙科診所-Craft-Smile-Dental-Center.html)
[2026-08-25 10:43:28]   ↳ 已存在，跳過 (皓保牙科診所-Craft-Smile-Dental-Center.html)
[2026-08-25 10:43:28] [78/111] Toyota Kowloon Bay Service Cen | https://www.toyota.com.hk/?utm_campaign=gmb&utm_medium=organic&utm_source=local
[2026-08-25 10:43:28] [78/111] Toyota Kowloon Bay Service Cen | https://www.toyota.com.hk/?utm_campaign=gmb&utm_medium=organic&utm_source=local
[2026-08-25 10:43:28]   ↳ 已存在，跳過 (Toyota-Kowloon-Bay-Service-Centre-Mechanical.html)
[2026-08-25 10:43:28]   ↳ 已存在，跳過 (Toyota-Kowloon-Bay-Service-Centre-Mechanical.html)
[2026-08-25 10:43:28] [79/111] Anglo Chinese Florist | http://www.anglochinese.com/
[2026-08-25 10:43:28] [79/111] Anglo Chinese Florist | http://www.anglochinese.com/
[2026-08-25 10:43:28]   ↳ 已存在，跳過 (Anglo-Chinese-Florist.html)
[2026-08-25 10:43:28]   ↳ 已存在，跳過 (Anglo-Chinese-Florist.html)
[2026-08-25 10:43:28] [80/111] Photobi HK 韓式 証件相拍摂工作室 - 湾仔店 | https://photobi.hk/
[2026-08-25 10:43:28] [80/111] Photobi HK 韓式 証件相拍摂工作室 - 湾仔店 | https://photobi.hk/
[2026-08-25 10:43:28]   ↳ 已存在，跳過 (Photobi-HK-韓式-証件相拍摂工作室---湾仔店.html)
[2026-08-25 10:43:28]   ↳ 已存在，跳過 (Photobi-HK-韓式-証件相拍摂工作室---湾仔店.html)
[2026-08-25 10:43:28] [81/111] Advance Pet Food | http://advancepetfood.com/
[2026-08-25 10:43:28] [81/111] Advance Pet Food | http://advancepetfood.com/
[2026-08-25 10:43:28]   ↳ 已存在，跳過 (Advance-Pet-Food.html)
[2026-08-25 10:43:28]   ↳ 已存在，跳過 (Advance-Pet-Food.html)
[2026-08-25 10:43:28] [82/111] Anna Maria Studio | http://annamstudio.com/
[2026-08-25 10:43:28] [82/111] Anna Maria Studio | http://annamstudio.com/
[2026-08-25 10:43:28]   ↳ 已存在，跳過 (Anna-Maria-Studio.html)
[2026-08-25 10:43:28]   ↳ 已存在，跳過 (Anna-Maria-Studio.html)
[2026-08-25 10:43:28] [83/111] 1984 HAIR SALON | https://1984hairsalon.wixsite.com/1984-hairsalon
[2026-08-25 10:43:28] [83/111] 1984 HAIR SALON | https://1984hairsalon.wixsite.com/1984-hairsalon
[2026-08-25 10:43:28]   ↳ 已存在，跳過 (1984-HAIR-SALON.html)
[2026-08-25 10:43:28]   ↳ 已存在，跳過 (1984-HAIR-SALON.html)
[2026-08-25 10:43:28] [84/111] Bulls PPF 専門店 | https://www.ppf.com.hk/
[2026-08-25 10:43:28] [84/111] Bulls PPF 専門店 | https://www.ppf.com.hk/
[2026-08-25 10:43:28]   ↳ 已存在，跳過 (Bulls-PPF-専門店.html)
[2026-08-25 10:43:28]   ↳ 已存在，跳過 (Bulls-PPF-専門店.html)
[2026-08-25 10:43:28] [85/111] LEEKAJA X AMONG Hair Salon Cen | https://www.leekaja.hk/
[2026-08-25 10:43:28] [85/111] LEEKAJA X AMONG Hair Salon Cen | https://www.leekaja.hk/
[2026-08-25 10:43:28]   ↳ 已存在，跳過 (LEEKAJA-X-AMONG-Hair-Salon-Century-Square-in-Hongkong-한국-미용실.html)
[2026-08-25 10:43:28]   ↳ 已存在，跳過 (LEEKAJA-X-AMONG-Hair-Salon-Century-Square-in-Hongkong-한국-미용실.html)
[2026-08-25 10:43:28] [86/111] MEGAPET (Kowloon City Shop) | http://www.megapet.com.hk/
[2026-08-25 10:43:28] [86/111] MEGAPET (Kowloon City Shop) | http://www.megapet.com.hk/
[2026-08-25 10:43:28]   ↳ 已存在，跳過 (MEGAPET-Kowloon-City-Shop.html)
[2026-08-25 10:43:28]   ↳ 已存在，跳過 (MEGAPET-Kowloon-City-Shop.html)
[2026-08-25 10:43:28] [87/111] 仁健牙科 Nixon Dental (太子牙醫/旺角牙醫/洗 | http://www.nixondental.com/
[2026-08-25 10:43:28] [87/111] 仁健牙科 Nixon Dental (太子牙醫/旺角牙醫/洗 | http://www.nixondental.com/
[2026-08-25 10:43:28]   ↳ 已存在，跳過 (仁健牙科-Nixon-Dental-太子牙醫-旺角牙醫-洗牙-補牙-種牙-植牙-杜牙根-智慧齒-箍牙-Invisalig.html)
[2026-08-25 10:43:28]   ↳ 已存在，跳過 (仁健牙科-Nixon-Dental-太子牙醫-旺角牙醫-洗牙-補牙-種牙-植牙-杜牙根-智慧齒-箍牙-Invisalig.html)
[2026-08-25 10:43:28] [88/111] 香港車房及汽車維修 | CarService.hk | https://www.carservice.hk/zh-hk
[2026-08-25 10:43:28] [88/111] 香港車房及汽車維修 | CarService.hk | https://www.carservice.hk/zh-hk
[2026-08-25 10:43:28]   ↳ 已存在，跳過 (香港車房及汽車維修-CarService.hk.html)
[2026-08-25 10:43:28]   ↳ 已存在，跳過 (香港車房及汽車維修-CarService.hk.html)
[2026-08-25 10:43:28] [89/111] 24小時 上門汽車維修保養服務 | https://garage-hk.com/onsite.php
[2026-08-25 10:43:28] [89/111] 24小時 上門汽車維修保養服務 | https://garage-hk.com/onsite.php
[2026-08-25 10:43:28]   ↳ 已存在，跳過 (24小時-上門汽車維修保養服務.html)
[2026-08-25 10:43:28]   ↳ 已存在，跳過 (24小時-上門汽車維修保養服務.html)
[2026-08-25 10:43:28] [90/111] 保養及維修服務 - Dchmsc | https://www.dchmsc.com/zh/maintenance-repair
[2026-08-25 10:43:28] [90/111] 保養及維修服務 - Dchmsc | https://www.dchmsc.com/zh/maintenance-repair
[2026-08-25 10:43:28]   ↳ 已存在，跳過 (保養及維修服務---Dchmsc.html)
[2026-08-25 10:43:28]   ↳ 已存在，跳過 (保養及維修服務---Dchmsc.html)
[2026-08-25 10:43:28] [91/111] Carro Care | https://carro.co/hk/zh-hant-hk/carro-care
[2026-08-25 10:43:28] [91/111] Carro Care | https://carro.co/hk/zh-hant-hk/carro-care
[2026-08-25 10:43:28]   ↳ 已存在，跳過 (Carro-Care.html)
[2026-08-25 10:43:28]   ↳ 已存在，跳過 (Carro-Care.html)
[2026-08-25 10:43:28] [92/111] 車師傅 - 全港認證車師傅總匯 | https://www.mastercar.hk/
[2026-08-25 10:43:28] [92/111] 車師傅 - 全港認證車師傅總匯 | https://www.mastercar.hk/
[2026-08-25 10:43:28]   ↳ 已存在，跳過 (車師傅---全港認證車師傅總匯.html)
[2026-08-25 10:43:28]   ↳ 已存在，跳過 (車師傅---全港認證車師傅總匯.html)
[2026-08-25 10:43:28] [93/111] 堅記車房平台 | https://www.kinkeecar.com/
[2026-08-25 10:43:28] [93/111] 堅記車房平台 | https://www.kinkeecar.com/
[2026-08-25 10:43:28]   ↳ 已存在，跳過 (堅記車房平台.html)
[2026-08-25 10:43:28]   ↳ 已存在，跳過 (堅記車房平台.html)
[2026-08-25 10:43:28] [94/111] 汽車保養及汽車維修 | CarService.hk | https://www.carservice.hk/zh-hk/services/car-servicing
[2026-08-25 10:43:28] [94/111] 汽車保養及汽車維修 | CarService.hk | https://www.carservice.hk/zh-hk/services/car-servicing
[2026-08-25 10:43:28]   ↳ 已存在，跳過 (汽車保養及汽車維修-CarService.hk.html)
[2026-08-25 10:43:28]   ↳ 已存在，跳過 (汽車保養及汽車維修-CarService.hk.html)
[2026-08-25 10:43:28] [95/111] 汽車維修 - Anyone | https://www.anyonehk.com/%E6%B1%BD%E8%BB%8A%E7%B6%AD%E4%BF%AE/
[2026-08-25 10:43:28] [95/111] 汽車維修 - Anyone | https://www.anyonehk.com/%E6%B1%BD%E8%BB%8A%E7%B6%AD%E4%BF%AE/
[2026-08-25 10:43:28]   ↳ 已存在，跳過 (汽車維修---Anyone.html)
[2026-08-25 10:43:28]   ↳ 已存在，跳過 (汽車維修---Anyone.html)
[2026-08-25 10:43:28] [96/111] 香港汽車維修公司名錄 - 新成立/注册及已更改名称的公司名单 | https://hkg.databasesets.com/zh-hant/gongsimingdan/type/Motor_Service
[2026-08-25 10:43:28] [96/111] 香港汽車維修公司名錄 - 新成立/注册及已更改名称的公司名单 | https://hkg.databasesets.com/zh-hant/gongsimingdan/type/Motor_Service
[2026-08-25 10:43:28]   ↳ 已存在，跳過 (香港汽車維修公司名錄---新成立-注册及已更改名称的公司名单.html)
[2026-08-25 10:43:28]   ↳ 已存在，跳過 (香港汽車維修公司名錄---新成立-注册及已更改名称的公司名单.html)
[2026-08-25 10:43:28] [97/111] 汽車服務公司 - Driver.com.hk | https://www.driver.com.hk/service
[2026-08-25 10:43:28] [97/111] 汽車服務公司 - Driver.com.hk | https://www.driver.com.hk/service
[2026-08-25 10:43:28]   ↳ 已存在，跳過 (汽車服務公司---Driver.com.hk.html)
[2026-08-25 10:43:28]   ↳ 已存在，跳過 (汽車服務公司---Driver.com.hk.html)
[2026-08-25 10:43:28] [98/111] 最佳香港花店推介 送花訂花好去處/網上買花 | https://www.timeout.com.hk/hong-kong/hk/%E8%B3%BC%E7%89%A9/%E6%9C%80%E4%BD%B3%E9%A6%99%E6%B8%AF%E8%8A%B1%E5%BA%97%E6%8E%A8%E4%BB%8B-%E9%80%81%E8%8A%B1%E8%A8%82%E8%8A%B1%E5%A5%BD%E5%8E%BB%E8%99%95-%E7%B6%B2%E4%B8%8A%E8%B2%B7%E8%8A%B1
[2026-08-25 10:43:28] [98/111] 最佳香港花店推介 送花訂花好去處/網上買花 | https://www.timeout.com.hk/hong-kong/hk/%E8%B3%BC%E7%89%A9/%E6%9C%80%E4%BD%B3%E9%A6%99%E6%B8%AF%E8%8A%B1%E5%BA%97%E6%8E%A8%E4%BB%8B-%E9%80%81%E8%8A%B1%E8%A8%82%E8%8A%B1%E5%A5%BD%E5%8E%BB%E8%99%95-%E7%B6%B2%E4%B8%8A%E8%B2%B7%E8%8A%B1
[2026-08-25 10:43:28]   ↳ 已存在，跳過 (最佳香港花店推介-送花訂花好去處-網上買花.html)
[2026-08-25 10:43:28]   ↳ 已存在，跳過 (最佳香港花店推介-送花訂花好去處-網上買花.html)
[2026-08-25 10:43:28] [99/111] HK Florist Directory | https://zh-hk.hk-florist.org/hk-florist-directory/
[2026-08-25 10:43:28] [99/111] HK Florist Directory | https://zh-hk.hk-florist.org/hk-florist-directory/
[2026-08-25 10:43:28]   ↳ 已存在，跳過 (HK-Florist-Directory.html)
[2026-08-25 10:43:28]   ↳ 已存在，跳過 (HK-Florist-Directory.html)
[2026-08-25 10:43:28] [100/111] 主頁 | https://shunkeeflowers.com.hk/
[2026-08-25 10:43:28] [100/111] 主頁 | https://shunkeeflowers.com.hk/
[2026-08-25 10:43:28]   ↳ 已存在，跳過 (主頁.html)
[2026-08-25 10:43:28]   ↳ 已存在，跳過 (主頁.html)
[2026-08-25 10:43:28] [101/111] Kushiro | http://www.kushiro.com.hk/
[2026-08-25 10:43:28] [101/111] Kushiro | http://www.kushiro.com.hk/
[2026-08-25 10:43:28]   ↳ 已存在，跳過 (Kushiro.html)
[2026-08-25 10:43:28]   ↳ 已存在，跳過 (Kushiro.html)
[2026-08-25 10:43:28] [102/111] PETNAR LIVING 裝修工程 室內設計 傢俬訂製 | https://petnar-living.com/interior-design/
[2026-08-25 10:43:28] [102/111] PETNAR LIVING 裝修工程 室內設計 傢俬訂製 | https://petnar-living.com/interior-design/
[2026-08-25 10:43:28]   ↳ 已存在，跳過 (PETNAR-LIVING-裝修工程-室內設計-傢俬訂製.html)
[2026-08-25 10:43:28]   ↳ 已存在，跳過 (PETNAR-LIVING-裝修工程-室內設計-傢俬訂製.html)
[2026-08-25 10:43:28] [103/111] 太子中学補習社 - 立方教育 | https://www.ilearndse.com/
[2026-08-25 10:43:28] [103/111] 太子中学補習社 - 立方教育 | https://www.ilearndse.com/
[2026-08-25 10:43:28]   ↳ 已存在，跳過 (太子中学補習社---立方教育.html)
[2026-08-25 10:43:28]   ↳ 已存在，跳過 (太子中学補習社---立方教育.html)
[2026-08-25 10:43:28] [104/111] Speedycat Photo Studio | https://www.speedycat.com.hk/
[2026-08-25 10:43:28] [104/111] Speedycat Photo Studio | https://www.speedycat.com.hk/
[2026-08-25 10:43:28]   ↳ 已存在，跳過 (Speedycat-Photo-Studio.html)
[2026-08-25 10:43:28]   ↳ 已存在，跳過 (Speedycat-Photo-Studio.html)
[2026-08-25 10:43:28] [105/111] 進研教育 - 英文中文數學補習社 (北角分校) | https://www.joinin-education.com/
[2026-08-25 10:43:28] [105/111] 進研教育 - 英文中文數學補習社 (北角分校) | https://www.joinin-education.com/
[2026-08-25 10:43:28]   ↳ 已存在，跳過 (進研教育---英文中文數學補習社-北角分校.html)
[2026-08-25 10:43:28]   ↳ 已存在，跳過 (進研教育---英文中文數學補習社-北角分校.html)
[2026-08-25 10:43:28] [106/111] 聚萌 | https://www.dogatherhk.com/
[2026-08-25 10:43:28] [106/111] 聚萌 | https://www.dogatherhk.com/
[2026-08-25 10:43:28]   ↳ 已存在，跳過 (聚萌.html)
[2026-08-25 10:43:28]   ↳ 已存在，跳過 (聚萌.html)
[2026-08-25 10:43:28] [107/111] The Factory Hair剪髮染髮電髮專門店 | http://haircuthk.com/
[2026-08-25 10:43:28] [107/111] The Factory Hair剪髮染髮電髮專門店 | http://haircuthk.com/
[2026-08-25 10:43:28]   ↳ 已存在，跳過 (The-Factory-Hair剪髮染髮電髮專門店.html)
[2026-08-25 10:43:28]   ↳ 已存在，跳過 (The-Factory-Hair剪髮染髮電髮專門店.html)
[2026-08-25 10:43:28] [108/111] EcHouse 装修配対平台 | 装修報価 | 室内設計 | | https://www.echouse.com.hk/
[2026-08-25 10:43:28] [108/111] EcHouse 装修配対平台 | 装修報価 | 室内設計 | | https://www.echouse.com.hk/
[2026-08-25 10:43:28]   ↳ 已存在，跳過 (EcHouse-装修配対平台-装修報価-室内設計-装修設計.html)
[2026-08-25 10:43:28]   ↳ 已存在，跳過 (EcHouse-装修配対平台-装修報価-室内設計-装修設計.html)
[2026-08-25 10:43:28] [109/111] Element Dental Centre 弘悅牙科 | https://www.elementdentalhk.com/
[2026-08-25 10:43:28] [109/111] Element Dental Centre 弘悅牙科 | https://www.elementdentalhk.com/
[2026-08-25 10:43:28]   ↳ 已存在，跳過 (Element-Dental-Centre-弘悅牙科.html)
[2026-08-25 10:43:28]   ↳ 已存在，跳過 (Element-Dental-Centre-弘悅牙科.html)
[2026-08-25 10:43:28] [110/111] 皆一空間 室内設計 装修工程 | http://arone-space.com/
[2026-08-25 10:43:28] [110/111] 皆一空間 室内設計 装修工程 | http://arone-space.com/
[2026-08-25 10:43:29]   ✓ 已儲存 皆一空間-室内設計-装修工程.html (1471KB, requests 1496686B)
[2026-08-25 10:43:29]   ✓ 已儲存 皆一空間-室内設計-装修工程.html (1471KB, requests 1496686B)
[2026-08-25 10:43:29] [111/111] The Vault Fitness | http://thevault-fitness.com/
[2026-08-25 10:43:29] [111/111] The Vault Fitness | http://thevault-fitness.com/
[2026-08-25 10:43:29]   ✓ 已儲存 The-Vault-Fitness.html (233KB, requests 236034B)
[2026-08-25 10:43:29]   ✓ 已儲存 The-Vault-Fitness.html (233KB, requests 236034B)
[2026-08-25 10:43:30] == 完成 ==
[2026-08-25 10:43:30] == 完成 ==
[2026-08-25 10:43:30] 成功 111 個，失敗 0 個
[2026-08-25 10:43:30] 成功 111 個，失敗 0 個

── 失敗清單 ──
[2026-08-25 10:43:30] == 開始為 0 間「沒網站但有聯絡」的商家建立一頁式網頁 → /home/ubuntu/.mok/html/project/MokCs ==
[2026-08-25 10:43:30] == 開始為 0 間「沒網站但有聯絡」的商家建立一頁式網頁 → /home/ubuntu/.mok/html/project/MokCs ==
[2026-08-25 10:43:30] == 一頁式網頁完成：0/0 ==
[2026-08-25 10:43:30] == 一頁式網頁完成：0/0 ==
[2026-08-25 11:13:51]   過濾：113 間 → 保留 113 間有 WhatsApp/Email 的商家
[2026-08-25 11:13:51]   過濾：113 間 → 保留 113 間有 WhatsApp/Email 的商家
[2026-08-25 11:13:51] == 開始克隆 113 個商家首頁 → /home/ubuntu/.mok/html/project/MokCs ==
[2026-08-25 11:13:51] == 開始克隆 113 個商家首頁 → /home/ubuntu/.mok/html/project/MokCs ==
[2026-08-25 11:13:51] [1/113] Hutong | https://hutong.com.hk/
[2026-08-25 11:13:51] [1/113] Hutong | https://hutong.com.hk/
[2026-08-25 11:13:51]   ↳ 已存在，跳過 (Hutong.html)
[2026-08-25 11:13:51]   ↳ 已存在，跳過 (Hutong.html)
[2026-08-25 11:13:51] [2/113] The Chairman Restaurant | https://www.thechairmangroup.com/
[2026-08-25 11:13:51] [2/113] The Chairman Restaurant | https://www.thechairmangroup.com/
[2026-08-25 11:13:51]   ↳ 已存在，跳過 (The-Chairman-Restaurant.html)
[2026-08-25 11:13:51]   ↳ 已存在，跳過 (The-Chairman-Restaurant.html)
[2026-08-25 11:13:51] [3/113] 南蛮亭香港店 | http://nanbantei.com.hk/
[2026-08-25 11:13:51] [3/113] 南蛮亭香港店 | http://nanbantei.com.hk/
[2026-08-25 11:13:51]   ↳ 已存在，跳過 (南蛮亭香港店.html)
[2026-08-25 11:13:51]   ↳ 已存在，跳過 (南蛮亭香港店.html)
[2026-08-25 11:13:51] [4/113] 添好運點心專賣店 | https://www.timhowan.com.hk/
[2026-08-25 11:13:51] [4/113] 添好運點心專賣店 | https://www.timhowan.com.hk/
[2026-08-25 11:13:51]   ↳ 已存在，跳過 (添好運點心專賣店.html)
[2026-08-25 11:13:51]   ↳ 已存在，跳過 (添好運點心專賣店.html)
[2026-08-25 11:13:51] [5/113] La Petite Maison (LPM) Hong Ko | https://lpmrestaurants.com/hongkong/
[2026-08-25 11:13:51] [5/113] La Petite Maison (LPM) Hong Ko | https://lpmrestaurants.com/hongkong/
[2026-08-25 11:13:51]   ↳ 已存在，跳過 (La-Petite-Maison-LPM-Hong-Kong.html)
[2026-08-25 11:13:51]   ↳ 已存在，跳過 (La-Petite-Maison-LPM-Hong-Kong.html)
[2026-08-25 11:13:51] [6/113] Glow Hong Kong | https://www.glowspa.hk/
[2026-08-25 11:13:51] [6/113] Glow Hong Kong | https://www.glowspa.hk/
[2026-08-25 11:13:51]   ↳ 已存在，跳過 (Glow-Hong-Kong.html)
[2026-08-25 11:13:51]   ↳ 已存在，跳過 (Glow-Hong-Kong.html)
[2026-08-25 11:13:51] [7/113] Mó The Slow Bloom | https://www.mo-hk.com/
[2026-08-25 11:13:51] [7/113] Mó The Slow Bloom | https://www.mo-hk.com/
[2026-08-25 11:13:51]   ↳ 已存在，跳過 (Mó-The-Slow-Bloom.html)
[2026-08-25 11:13:51]   ↳ 已存在，跳過 (Mó-The-Slow-Bloom.html)
[2026-08-25 11:13:51] [8/113] Lux Medical 医繊美 | https://www.luxbeauty.hk/
[2026-08-25 11:13:51] [8/113] Lux Medical 医繊美 | https://www.luxbeauty.hk/
[2026-08-25 11:13:51]   ↳ 已存在，跳過 (Lux-Medical-医繊美.html)
[2026-08-25 11:13:51]   ↳ 已存在，跳過 (Lux-Medical-医繊美.html)
[2026-08-25 11:13:51] [9/113] 114HAIR | http://www.114hair.com/
[2026-08-25 11:13:51] [9/113] 114HAIR | http://www.114hair.com/
[2026-08-25 11:13:51]   ↳ 已存在，跳過 (114HAIR.html)
[2026-08-25 11:13:51]   ↳ 已存在，跳過 (114HAIR.html)
[2026-08-25 11:13:51] [10/113] Love Hair | http://www.lovehairhk.com/
[2026-08-25 11:13:51] [10/113] Love Hair | http://www.lovehairhk.com/
[2026-08-25 11:13:51]   ↳ 已存在，跳過 (Love-Hair.html)
[2026-08-25 11:13:51]   ↳ 已存在，跳過 (Love-Hair.html)
[2026-08-25 11:13:51] [11/113] TONI&GUY HK | http://www.toniandguyhk.com/
[2026-08-25 11:13:51] [11/113] TONI&GUY HK | http://www.toniandguyhk.com/
[2026-08-25 11:13:51]   ↳ 已存在，跳過 (TONIGUY-HK.html)
[2026-08-25 11:13:51]   ↳ 已存在，跳過 (TONIGUY-HK.html)
[2026-08-25 11:13:51] [12/113] iMPROVE HAiR-尖沙咀salon 尖沙咀剪髮 尖沙 | http://www.ihair.com.hk/
[2026-08-25 11:13:51] [12/113] iMPROVE HAiR-尖沙咀salon 尖沙咀剪髮 尖沙 | http://www.ihair.com.hk/
[2026-08-25 11:13:51]   ↳ 已存在，跳過 (iMPROVE-HAiR-尖沙咀salon-尖沙咀剪髮-尖沙咀髮廊-尖沙咀中藥染髮-尖沙咀假髮-尖沙咀頭皮護理.html)
[2026-08-25 11:13:51]   ↳ 已存在，跳過 (iMPROVE-HAiR-尖沙咀salon-尖沙咀剪髮-尖沙咀髮廊-尖沙咀中藥染髮-尖沙咀假髮-尖沙咀頭皮護理.html)
[2026-08-25 11:13:51] [13/113] 金澱装修工程有限公司 | https://www.palaceengineeringltd.com/
[2026-08-25 11:13:51] [13/113] 金澱装修工程有限公司 | https://www.palaceengineeringltd.com/
[2026-08-25 11:13:51]   ↳ 已存在，跳過 (金澱装修工程有限公司.html)
[2026-08-25 11:13:51]   ↳ 已存在，跳過 (金澱装修工程有限公司.html)
[2026-08-25 11:13:51] [14/113] 鋒主義 - 室內設計公司 | 室內裝修工程 | 工期 報價  | https://www.fungstyle.com.hk/
[2026-08-25 11:13:51] [14/113] 鋒主義 - 室內設計公司 | 室內裝修工程 | 工期 報價  | https://www.fungstyle.com.hk/
[2026-08-25 11:13:51]   ↳ 已存在，跳過 (鋒主義---室內設計公司-室內裝修工程-工期-報價-服務-三大保證.html)
[2026-08-25 11:13:51]   ↳ 已存在，跳過 (鋒主義---室內設計公司-室內裝修工程-工期-報價-服務-三大保證.html)
[2026-08-25 11:13:51] [15/113] 装修兄弟 | http://www.renobro.com.hk/
[2026-08-25 11:13:51] [15/113] 装修兄弟 | http://www.renobro.com.hk/
[2026-08-25 11:13:51]   ↳ 已存在，跳過 (装修兄弟.html)
[2026-08-25 11:13:51]   ↳ 已存在，跳過 (装修兄弟.html)
[2026-08-25 11:13:51] [16/113] 居屋皇 House king | 香港室内設計及装修公司 | http://housekinghk.com/
[2026-08-25 11:13:51] [16/113] 居屋皇 House king | 香港室内設計及装修公司 | http://housekinghk.com/
[2026-08-25 11:13:51]   ↳ 已存在，跳過 (居屋皇-House-king-香港室内設計及装修公司.html)
[2026-08-25 11:13:51]   ↳ 已存在，跳過 (居屋皇-House-king-香港室内設計及装修公司.html)
[2026-08-25 11:13:51] [17/113] Toby 裝修設計平台｜免費裝修報價｜香港裝修公司及室內設計 | https://www.hellotoby.com/zh-hk/id
[2026-08-25 11:13:51] [17/113] Toby 裝修設計平台｜免費裝修報價｜香港裝修公司及室內設計 | https://www.hellotoby.com/zh-hk/id
[2026-08-25 11:13:51]   ↳ 已存在，跳過 (Toby-裝修設計平台免費裝修報價香港裝修公司及室內設計公司.html)
[2026-08-25 11:13:51]   ↳ 已存在，跳過 (Toby-裝修設計平台免費裝修報價香港裝修公司及室內設計公司.html)
[2026-08-25 11:13:51] [18/113] PET HK - Mid Levels Edition | http://pethk.com/
[2026-08-25 11:13:51] [18/113] PET HK - Mid Levels Edition | http://pethk.com/
[2026-08-25 11:13:51]   ↳ 已存在，跳過 (PET-HK---Mid-Levels-Edition.html)
[2026-08-25 11:13:51]   ↳ 已存在，跳過 (PET-HK---Mid-Levels-Edition.html)
[2026-08-25 11:13:51] [19/113] Ruff & Fetch 拉夫寵物生活 (佐敦 Jordan | http://www.ruffandfetch.com/
[2026-08-25 11:13:51] [19/113] Ruff & Fetch 拉夫寵物生活 (佐敦 Jordan | http://www.ruffandfetch.com/
[2026-08-25 11:13:51]   ↳ 已存在，跳過 (Ruff--Fetch-拉夫寵物生活-佐敦-Jordan.html)
[2026-08-25 11:13:51]   ↳ 已存在，跳過 (Ruff--Fetch-拉夫寵物生活-佐敦-Jordan.html)
[2026-08-25 11:13:51] [20/113] HKTA香港導師会 | https://www.hkta.edu.hk/
[2026-08-25 11:13:51] [20/113] HKTA香港導師会 | https://www.hkta.edu.hk/
[2026-08-25 11:13:51]   ↳ 已存在，跳過 (HKTA香港導師会.html)
[2026-08-25 11:13:51]   ↳ 已存在，跳過 (HKTA香港導師会.html)
[2026-08-25 11:13:51] [21/113] 騎士数学 Knight Mathematics - Band | https://knightmaths.edu.hk/
[2026-08-25 11:13:51] [21/113] 騎士数学 Knight Mathematics - Band | https://knightmaths.edu.hk/
[2026-08-25 11:13:51]   ↳ 已存在，跳過 (騎士数学-Knight-Mathematics---Band-1-DSE-数学補習社.html)
[2026-08-25 11:13:51]   ↳ 已存在，跳過 (騎士数学-Knight-Mathematics---Band-1-DSE-数学補習社.html)
[2026-08-25 11:13:51] [22/113] 香港文化教育中心 | https://docs.google.com/forms/d/e/1FAIpQLSdjgsQlR4w8ZgKgE9RgAUPsPwrZzAZpo5SCULDDOgygEdeDnQ/viewform
[2026-08-25 11:13:51] [22/113] 香港文化教育中心 | https://docs.google.com/forms/d/e/1FAIpQLSdjgsQlR4w8ZgKgE9RgAUPsPwrZzAZpo5SCULDDOgygEdeDnQ/viewform
[2026-08-25 11:13:51]   ↳ 已存在，跳過 (香港文化教育中心.html)
[2026-08-25 11:13:51]   ↳ 已存在，跳過 (香港文化教育中心.html)
[2026-08-25 11:13:51] [23/113] GETUTOR 香港導師総会｜上門補習中介平台｜私補導師推介 | https://www.getutor.com.hk/
[2026-08-25 11:13:51] [23/113] GETUTOR 香港導師総会｜上門補習中介平台｜私補導師推介 | https://www.getutor.com.hk/
[2026-08-25 11:13:51]   ↳ 已存在，跳過 (GETUTOR-香港導師総会上門補習中介平台私補導師推介Private-Tutors-AgencyIB-IGCSE-A.html)
[2026-08-25 11:13:51]   ↳ 已存在，跳過 (GETUTOR-香港導師総会上門補習中介平台私補導師推介Private-Tutors-AgencyIB-IGCSE-A.html)
[2026-08-25 11:13:51] [24/113] 英博教学中心 - 数学中文英文補習 - 中小学補習社 | https://eplc.edu.hk/
[2026-08-25 11:13:51] [24/113] 英博教学中心 - 数学中文英文補習 - 中小学補習社 | https://eplc.edu.hk/
[2026-08-25 11:13:51]   ↳ 已存在，跳過 (英博教学中心---数学中文英文補習---中小学補習社.html)
[2026-08-25 11:13:51]   ↳ 已存在，跳過 (英博教学中心---数学中文英文補習---中小学補習社.html)
[2026-08-25 11:13:51] [25/113] 進研教育 - 英文中文数学補習社 | https://joinin-education.com/
[2026-08-25 11:13:51] [25/113] 進研教育 - 英文中文数学補習社 | https://joinin-education.com/
[2026-08-25 11:13:51]   ↳ 已存在，跳過 (進研教育---英文中文数学補習社.html)
[2026-08-25 11:13:51]   ↳ 已存在，跳過 (進研教育---英文中文数学補習社.html)
[2026-08-25 11:13:51] [26/113] 學斯教育(灣仔) | http://hoksi-edu.com/
[2026-08-25 11:13:51] [26/113] 學斯教育(灣仔) | http://hoksi-edu.com/
[2026-08-25 11:13:51]   ↳ 已存在，跳過 (學斯教育灣仔.html)
[2026-08-25 11:13:51]   ↳ 已存在，跳過 (學斯教育灣仔.html)
[2026-08-25 11:13:51] [27/113] 補習社｜学博教育 Learn Smart Education | https://learnsmart.edu.hk/
[2026-08-25 11:13:51] [27/113] 補習社｜学博教育 Learn Smart Education | https://learnsmart.edu.hk/
[2026-08-25 11:13:51]   ↳ 已存在，跳過 (補習社学博教育-Learn-Smart-Education.html)
[2026-08-25 11:13:51]   ↳ 已存在，跳過 (補習社学博教育-Learn-Smart-Education.html)
[2026-08-25 11:13:51] [28/113] 24/7 Fitness Central | http://247.fitness/
[2026-08-25 11:13:51] [28/113] 24/7 Fitness Central | http://247.fitness/
[2026-08-25 11:13:51]   ↳ 已存在，跳過 (24-7-Fitness-Central.html)
[2026-08-25 11:13:51]   ↳ 已存在，跳過 (24-7-Fitness-Central.html)
[2026-08-25 11:13:51] [29/113] 啓弘牙科（旺角店）丨九龍/旺角牙医/智慧歯/箍牙/隠式美/全 | https://omnesdental.com/
[2026-08-25 11:13:51] [29/113] 啓弘牙科（旺角店）丨九龍/旺角牙医/智慧歯/箍牙/隠式美/全 | https://omnesdental.com/
[2026-08-25 11:13:51]   ↳ 已存在，跳過 (啓弘牙科旺角店丨九龍-旺角牙医-智慧歯-箍牙-隠式美-全方位牙科服務-専業治療牙痛-種植牙-補牙-剥牙-洗牙.html)
[2026-08-25 11:13:51]   ↳ 已存在，跳過 (啓弘牙科旺角店丨九龍-旺角牙医-智慧歯-箍牙-隠式美-全方位牙科服務-専業治療牙痛-種植牙-補牙-剥牙-洗牙.html)
[2026-08-25 11:13:51] [30/113] Smith & Jain Dentists 史密夫和鄭牙醫診 | https://smithandjaindentists.com/
[2026-08-25 11:13:51] [30/113] Smith & Jain Dentists 史密夫和鄭牙醫診 | https://smithandjaindentists.com/
[2026-08-25 11:13:51]   ↳ 已存在，跳過 (Smith--Jain-Dentists-史密夫和鄭牙醫診所.html)
[2026-08-25 11:13:51]   ↳ 已存在，跳過 (Smith--Jain-Dentists-史密夫和鄭牙醫診所.html)
[2026-08-25 11:13:51] [31/113] Home Dental (Tsim Sha Tsui Bra | https://homedentalhk.com/cn/contact-us/tst
[2026-08-25 11:13:51] [31/113] Home Dental (Tsim Sha Tsui Bra | https://homedentalhk.com/cn/contact-us/tst
[2026-08-25 11:13:51]   ↳ 已存在，跳過 (Home-Dental-Tsim-Sha-Tsui-Branch.html)
[2026-08-25 11:13:51]   ↳ 已存在，跳過 (Home-Dental-Tsim-Sha-Tsui-Branch.html)
[2026-08-25 11:13:51] [32/113] 伍裕彤牙医 | https://trucaredental.hk/
[2026-08-25 11:13:51] [32/113] 伍裕彤牙医 | https://trucaredental.hk/
[2026-08-25 11:13:51]   ↳ 已存在，跳過 (伍裕彤牙医.html)
[2026-08-25 11:13:51]   ↳ 已存在，跳過 (伍裕彤牙医.html)
[2026-08-25 11:13:51] [33/113] Home Dental | https://homedentalhk.com/cn/contact-us/cwb
[2026-08-25 11:13:51] [33/113] Home Dental | https://homedentalhk.com/cn/contact-us/cwb
[2026-08-25 11:13:51]   ↳ 已存在，跳過 (Home-Dental.html)
[2026-08-25 11:13:51]   ↳ 已存在，跳過 (Home-Dental.html)
[2026-08-25 11:13:51] [34/113] T.O.P Dental by Family Smile L | http://www.topdental.hk/
[2026-08-25 11:13:51] [34/113] T.O.P Dental by Family Smile L | http://www.topdental.hk/
[2026-08-25 11:13:51]   ↳ 已存在，跳過 (T.O.P-Dental-by-Family-Smile-Ltd-香港牙科醫療集團-旺角太子牙醫中心.html)
[2026-08-25 11:13:51]   ↳ 已存在，跳過 (T.O.P-Dental-by-Family-Smile-Ltd-香港牙科醫療集團-旺角太子牙醫中心.html)
[2026-08-25 11:13:51] [35/113] Metro Dental 城健総合牙科医療中心 | https://www.metrodental.com.hk/
[2026-08-25 11:13:51] [35/113] Metro Dental 城健総合牙科医療中心 | https://www.metrodental.com.hk/
[2026-08-25 11:13:51]   ↳ 已存在，跳過 (Metro-Dental-城健総合牙科医療中心.html)
[2026-08-25 11:13:51]   ↳ 已存在，跳過 (Metro-Dental-城健総合牙科医療中心.html)
[2026-08-25 11:13:51] [36/113] 大国手 汽車車身維修 Grand Tycoon Automo | http://grandtycoon.com/
[2026-08-25 11:13:51] [36/113] 大国手 汽車車身維修 Grand Tycoon Automo | http://grandtycoon.com/
[2026-08-25 11:13:51]   ↳ 已存在，跳過 (大国手-汽車車身維修-Grand-Tycoon-Automotive-Repair-Shop.html)
[2026-08-25 11:13:51]   ↳ 已存在，跳過 (大国手-汽車車身維修-Grand-Tycoon-Automotive-Repair-Shop.html)
[2026-08-25 11:13:51] [37/113] AutoMate | Sham Shui Po Shop | https://www.automate-app.com/auto-shop
[2026-08-25 11:13:51] [37/113] AutoMate | Sham Shui Po Shop | https://www.automate-app.com/auto-shop
[2026-08-25 11:13:51]   ↳ 已存在，跳過 (AutoMate-Sham-Shui-Po-Shop.html)
[2026-08-25 11:13:51]   ↳ 已存在，跳過 (AutoMate-Sham-Shui-Po-Shop.html)
[2026-08-25 11:13:51] [38/113] Carol Garage Limited | http://www.carolgarage.com.hk/
[2026-08-25 11:13:51] [38/113] Carol Garage Limited | http://www.carolgarage.com.hk/
[2026-08-25 11:13:51]   ↳ 已存在，跳過 (Carol-Garage-Limited.html)
[2026-08-25 11:13:51]   ↳ 已存在，跳過 (Carol-Garage-Limited.html)
[2026-08-25 11:13:51] [39/113] 八方汽車 | Power Moto Limited | http://www.power-moto.hk/
[2026-08-25 11:13:51] [39/113] 八方汽車 | Power Moto Limited | http://www.power-moto.hk/
[2026-08-25 11:13:51]   ↳ 已存在，跳過 (八方汽車-Power-Moto-Limited.html)
[2026-08-25 11:13:51]   ↳ 已存在，跳過 (八方汽車-Power-Moto-Limited.html)
[2026-08-25 11:13:51] [40/113] Flow & Roll Laundry 自助洗衣 (中環 C | https://flowandroll.com/
[2026-08-25 11:13:51] [40/113] Flow & Roll Laundry 自助洗衣 (中環 C | https://flowandroll.com/
[2026-08-25 11:13:51]   ↳ 已存在，跳過 (Flow--Roll-Laundry-自助洗衣-中環-Central.html)
[2026-08-25 11:13:51]   ↳ 已存在，跳過 (Flow--Roll-Laundry-自助洗衣-中環-Central.html)
[2026-08-25 11:13:51] [41/113] 初洗 First Laundry 觀塘24小時自助洗衣店 | https://wa.me/85268716550
[2026-08-25 11:13:51] [41/113] 初洗 First Laundry 觀塘24小時自助洗衣店 | https://wa.me/85268716550
[2026-08-25 11:13:51]   ↳ 已存在，跳過 (初洗-First-Laundry-觀塘24小時自助洗衣店.html)
[2026-08-25 11:13:51]   ↳ 已存在，跳過 (初洗-First-Laundry-觀塘24小時自助洗衣店.html)
[2026-08-25 11:13:51] [42/113] 水漾衣坊 water laundry | https://whalewashmk.hk/
[2026-08-25 11:13:51] [42/113] 水漾衣坊 water laundry | https://whalewashmk.hk/
[2026-08-25 11:13:51]   ↳ 已存在，跳過 (水漾衣坊-water-laundry.html)
[2026-08-25 11:13:51]   ↳ 已存在，跳過 (水漾衣坊-water-laundry.html)
[2026-08-25 11:13:51] [43/113] FLORISTRY by ART OF LIVING | http://www.floristrybyartofliving.com/
[2026-08-25 11:13:51] [43/113] FLORISTRY by ART OF LIVING | http://www.floristrybyartofliving.com/
[2026-08-25 11:13:51]   ↳ 已存在，跳過 (FLORISTRY-by-ART-OF-LIVING.html)
[2026-08-25 11:13:51]   ↳ 已存在，跳過 (FLORISTRY-by-ART-OF-LIVING.html)
[2026-08-25 11:13:51] [44/113] 花籃 450 - Flower 450 | https://flower450.com/
[2026-08-25 11:13:51] [44/113] 花籃 450 - Flower 450 | https://flower450.com/
[2026-08-25 11:13:51]   ↳ 已存在，跳過 (花籃-450---Flower-450.html)
[2026-08-25 11:13:51]   ↳ 已存在，跳過 (花籃-450---Flower-450.html)
[2026-08-25 11:13:51] [45/113] 優之花鋪-U Flower Shop | https://www.uflowershop.com/
[2026-08-25 11:13:51] [45/113] 優之花鋪-U Flower Shop | https://www.uflowershop.com/
[2026-08-25 11:13:51]   ↳ 已存在，跳過 (優之花鋪-U-Flower-Shop.html)
[2026-08-25 11:13:51]   ↳ 已存在，跳過 (優之花鋪-U-Flower-Shop.html)
[2026-08-25 11:13:51] [46/113] Eternal Flora hk | https://www.eternalflorahk.com/
[2026-08-25 11:13:51] [46/113] Eternal Flora hk | https://www.eternalflorahk.com/
[2026-08-25 11:13:51]   ↳ 已存在，跳過 (Eternal-Flora-hk.html)
[2026-08-25 11:13:51]   ↳ 已存在，跳過 (Eternal-Flora-hk.html)
[2026-08-25 11:13:51] [47/113] FDHK - Flower Delivery Hong Ko | https://flowerdeliveryhongkong.com/
[2026-08-25 11:13:51] [47/113] FDHK - Flower Delivery Hong Ko | https://flowerdeliveryhongkong.com/
[2026-08-25 11:13:51]   ↳ 已存在，跳過 (FDHK---Flower-Delivery-Hong-Kong.html)
[2026-08-25 11:13:51]   ↳ 已存在，跳過 (FDHK---Flower-Delivery-Hong-Kong.html)
[2026-08-25 11:13:51] [48/113] Joseph Photo 香港專業攝影工作室 | https://josephphoto.hk/
[2026-08-25 11:13:51] [48/113] Joseph Photo 香港專業攝影工作室 | https://josephphoto.hk/
[2026-08-25 11:13:51]   ↳ 已存在，跳過 (Joseph-Photo-香港專業攝影工作室.html)
[2026-08-25 11:13:51]   ↳ 已存在，跳過 (Joseph-Photo-香港專業攝影工作室.html)
[2026-08-25 11:13:51] [49/113] Majesty Professional Photo殿堂館- | https://www.majestyprofessional.com/
[2026-08-25 11:13:51] [49/113] Majesty Professional Photo殿堂館- | https://www.majestyprofessional.com/
[2026-08-25 11:13:51]   ↳ 已存在，跳過 (Majesty-Professional-Photo殿堂館-專業照首選.html)
[2026-08-25 11:13:51]   ↳ 已存在，跳過 (Majesty-Professional-Photo殿堂館-專業照首選.html)
[2026-08-25 11:13:51] [50/113] Owl Photo Studio 貓頭鷹照相館 | https://www.owlphoto.hk/
[2026-08-25 11:13:51] [50/113] Owl Photo Studio 貓頭鷹照相館 | https://www.owlphoto.hk/
[2026-08-25 11:13:51]   ↳ 已存在，跳過 (Owl-Photo-Studio-貓頭鷹照相館.html)
[2026-08-25 11:13:51]   ↳ 已存在，跳過 (Owl-Photo-Studio-貓頭鷹照相館.html)
[2026-08-25 11:13:51] [51/113] Yat Tung Heen - Eaton HK | https://www.yattungheen.com/
[2026-08-25 11:13:51] [51/113] Yat Tung Heen - Eaton HK | https://www.yattungheen.com/
[2026-08-25 11:13:51]   ↳ 已存在，跳過 (Yat-Tung-Heen---Eaton-HK.html)
[2026-08-25 11:13:51]   ↳ 已存在，跳過 (Yat-Tung-Heen---Eaton-HK.html)
[2026-08-25 11:13:51] [52/113] Hair Quest Hair salon Central | https://www.hairquest-hk.com/
[2026-08-25 11:13:51] [52/113] Hair Quest Hair salon Central | https://www.hairquest-hk.com/
[2026-08-25 11:13:51]   ↳ 已存在，跳過 (Hair-Quest-Hair-salon-Central.html)
[2026-08-25 11:13:51]   ↳ 已存在，跳過 (Hair-Quest-Hair-salon-Central.html)
[2026-08-25 11:13:51] [53/113] 天下猫猫一様猫 | https://www.catiscat.com.hk/
[2026-08-25 11:13:51] [53/113] 天下猫猫一様猫 | https://www.catiscat.com.hk/
[2026-08-25 11:13:51]   ↳ 已存在，跳過 (天下猫猫一様猫.html)
[2026-08-25 11:13:51]   ↳ 已存在，跳過 (天下猫猫一様猫.html)
[2026-08-25 11:13:51] [54/113] Bora beauty | https://bora.hk/
[2026-08-25 11:13:51] [54/113] Bora beauty | https://bora.hk/
[2026-08-25 11:13:51]   ↳ 已存在，跳過 (Bora-beauty.html)
[2026-08-25 11:13:51]   ↳ 已存在，跳過 (Bora-beauty.html)
[2026-08-25 11:13:51] [55/113] Dream Scenes Studio | http://dreamscenesstudio.com/
[2026-08-25 11:13:51] [55/113] Dream Scenes Studio | http://dreamscenesstudio.com/
[2026-08-25 11:13:51]   ↳ 已存在，跳過 (Dream-Scenes-Studio.html)
[2026-08-25 11:13:51]   ↳ 已存在，跳過 (Dream-Scenes-Studio.html)
[2026-08-25 11:13:51] [56/113] Dazzling Smile Dental Clinic 瑩 | https://dazzlingsmiledentalclinic.com/
[2026-08-25 11:13:51] [56/113] Dazzling Smile Dental Clinic 瑩 | https://dazzlingsmiledentalclinic.com/
[2026-08-25 11:13:51]   ↳ 已存在，跳過 (Dazzling-Smile-Dental-Clinic-瑩恩牙科診所.html)
[2026-08-25 11:13:51]   ↳ 已存在，跳過 (Dazzling-Smile-Dental-Clinic-瑩恩牙科診所.html)
[2026-08-25 11:13:51] [57/113] Family Smile Limited | http://www.familysmile.hk/
[2026-08-25 11:13:51] [57/113] Family Smile Limited | http://www.familysmile.hk/
[2026-08-25 11:13:51]   ↳ 已存在，跳過 (Family-Smile-Limited.html)
[2026-08-25 11:13:51]   ↳ 已存在，跳過 (Family-Smile-Limited.html)
[2026-08-25 11:13:51] [58/113] INDULGENCE hair & beauty salon | http://www.indulgence.hk/
[2026-08-25 11:13:51] [58/113] INDULGENCE hair & beauty salon | http://www.indulgence.hk/
[2026-08-25 11:13:51]   ↳ 已存在，跳過 (INDULGENCE-hair--beauty-salon.html)
[2026-08-25 11:13:51]   ↳ 已存在，跳過 (INDULGENCE-hair--beauty-salon.html)
[2026-08-25 11:13:51] [59/113] 花店 | 花束專家 | https://www.flowerbouquet.com.hk/
[2026-08-25 11:13:51] [59/113] 花店 | 花束專家 | https://www.flowerbouquet.com.hk/
[2026-08-25 11:13:51]   ↳ 已存在，跳過 (花店-花束專家.html)
[2026-08-25 11:13:51]   ↳ 已存在，跳過 (花店-花束專家.html)
[2026-08-25 11:13:51] [60/113] 網上訂花 ‧ 送花香港 | Fdhk 最高評分即日網上花店 | https://flowerdeliveryhongkong.com/zh
[2026-08-25 11:13:51] [60/113] 網上訂花 ‧ 送花香港 | Fdhk 最高評分即日網上花店 | https://flowerdeliveryhongkong.com/zh
[2026-08-25 11:13:51]   ↳ 已存在，跳過 (網上訂花--送花香港-Fdhk-最高評分即日網上花店.html)
[2026-08-25 11:13:51]   ↳ 已存在，跳過 (網上訂花--送花香港-Fdhk-最高評分即日網上花店.html)
[2026-08-25 11:13:51] [61/113] Rhine Flowers | https://rhineflowers.com/
[2026-08-25 11:13:51] [61/113] Rhine Flowers | https://rhineflowers.com/
[2026-08-25 11:13:51]   ↳ 已存在，跳過 (Rhine-Flowers.html)
[2026-08-25 11:13:51]   ↳ 已存在，跳過 (Rhine-Flowers.html)
[2026-08-25 11:13:51] [62/113] 香港花店｜網上訂花及送花｜Gift Flowers HK | https://giftflowers.com.hk/cn/
[2026-08-25 11:13:51] [62/113] 香港花店｜網上訂花及送花｜Gift Flowers HK | https://giftflowers.com.hk/cn/
[2026-08-25 11:13:51]   ↳ 已存在，跳過 (香港花店網上訂花及送花Gift-Flowers-HK.html)
[2026-08-25 11:13:51]   ↳ 已存在，跳過 (香港花店網上訂花及送花Gift-Flowers-HK.html)
[2026-08-25 11:13:51] [63/113] Flora Floriculture - 花店 | https://www.floraf.com.hk/
[2026-08-25 11:13:51] [63/113] Flora Floriculture - 花店 | https://www.floraf.com.hk/
[2026-08-25 11:13:51]   ↳ 已存在，跳過 (Flora-Floriculture---花店.html)
[2026-08-25 11:13:51]   ↳ 已存在，跳過 (Flora-Floriculture---花店.html)
[2026-08-25 11:13:51] [64/113] 香港花店 | https://www.mrsliuflorist.com/
[2026-08-25 11:13:51] [64/113] 香港花店 | https://www.mrsliuflorist.com/
[2026-08-25 11:13:51]   ↳ 已存在，跳過 (香港花店.html)
[2026-08-25 11:13:51]   ↳ 已存在，跳過 (香港花店.html)
[2026-08-25 11:13:51] [65/113] 網上花店| 網上訂花 | 即日送花 | HKfashop | https://hkfashop.com/
[2026-08-25 11:13:51] [65/113] 網上花店| 網上訂花 | 即日送花 | HKfashop | https://hkfashop.com/
[2026-08-25 11:13:51]   ↳ 已存在，跳過 (網上花店-網上訂花-即日送花-HKfashop.html)
[2026-08-25 11:13:51]   ↳ 已存在，跳過 (網上花店-網上訂花-即日送花-HKfashop.html)
[2026-08-25 11:13:51] [66/113] 【 送花】 ｜訂花｜Flowerbee Florist訂花束 | https://flowerbee-hk.com/zh
[2026-08-25 11:13:51] [66/113] 【 送花】 ｜訂花｜Flowerbee Florist訂花束 | https://flowerbee-hk.com/zh
[2026-08-25 11:13:51]   ↳ 已存在，跳過 (送花-訂花Flowerbee-Florist訂花束---Flowerbee-HK-Florist.html)
[2026-08-25 11:13:51]   ↳ 已存在，跳過 (送花-訂花Flowerbee-Florist訂花束---Flowerbee-HK-Florist.html)
[2026-08-25 11:13:51] [67/113] 花點時間｜香港旺角花墟實體花店：24小時訂花、鮮花花束、開張 | https://www.reflower.com.hk/
[2026-08-25 11:13:51] [67/113] 花點時間｜香港旺角花墟實體花店：24小時訂花、鮮花花束、開張 | https://www.reflower.com.hk/
[2026-08-25 11:13:51]   ↳ 已存在，跳過 (花點時間香港旺角花墟實體花店24小時訂花鮮花花束開張花籃鮮花批發---花點時間-Reflower.html)
[2026-08-25 11:13:51]   ↳ 已存在，跳過 (花點時間香港旺角花墟實體花店24小時訂花鮮花花束開張花籃鮮花批發---花點時間-Reflower.html)
[2026-08-25 11:13:51] [68/113] 香港花店- 首頁花店推薦 - 我們代表和倡導位於香港島、九龍 | https://zh-hk.hk-florist.org/
[2026-08-25 11:13:51] [68/113] 香港花店- 首頁花店推薦 - 我們代表和倡導位於香港島、九龍 | https://zh-hk.hk-florist.org/
[2026-08-25 11:13:51]   ↳ 已存在，跳過 (香港花店--首頁花店推薦---我們代表和倡導位於香港島九龍和新界的花店以及在線花店和鮮花配送公司.html)
[2026-08-25 11:13:51]   ↳ 已存在，跳過 (香港花店--首頁花店推薦---我們代表和倡導位於香港島九龍和新界的花店以及在線花店和鮮花配送公司.html)
[2026-08-25 11:13:51] [69/113] 有花漾 ZH Flowers | https://www.zh-flowers.com/
[2026-08-25 11:13:51] [69/113] 有花漾 ZH Flowers | https://www.zh-flowers.com/
[2026-08-25 11:13:51]   ↳ 已存在，跳過 (有花漾-ZH-Flowers.html)
[2026-08-25 11:13:51]   ↳ 已存在，跳過 (有花漾-ZH-Flowers.html)
[2026-08-25 11:13:51] [70/113] 花店花生花華 | FaSunflower Florist | https://www.fasunflower.com/
[2026-08-25 11:13:51] [70/113] 花店花生花華 | FaSunflower Florist | https://www.fasunflower.com/
[2026-08-25 11:13:51]   ↳ 已存在，跳過 (花店花生花華-FaSunflower-Florist.html)
[2026-08-25 11:13:51]   ↳ 已存在，跳過 (花店花生花華-FaSunflower-Florist.html)
[2026-08-25 11:13:51] [71/113] 格蘭花店 Grand Floral & Gift Shop | https://grand.com.hk/
[2026-08-25 11:13:51] [71/113] 格蘭花店 Grand Floral & Gift Shop | https://grand.com.hk/
[2026-08-25 11:13:51]   ↳ 已存在，跳過 (格蘭花店-Grand-Floral--Gift-Shop.html)
[2026-08-25 11:13:51]   ↳ 已存在，跳過 (格蘭花店-Grand-Floral--Gift-Shop.html)
[2026-08-25 11:13:51] [72/113] WHY Studio - 上環證件相｜學生相｜專業形象照 | https://www.whystudiohk.com/
[2026-08-25 11:13:51] [72/113] WHY Studio - 上環證件相｜學生相｜專業形象照 | https://www.whystudiohk.com/
[2026-08-25 11:13:51]   ↳ 已存在，跳過 (WHY-Studio---上環證件相學生相專業形象照.html)
[2026-08-25 11:13:51]   ↳ 已存在，跳過 (WHY-Studio---上環證件相學生相專業形象照.html)
[2026-08-25 11:13:51] [73/113] Cat Watt 晴珊猫舎 | http://www.catwatt.com/
[2026-08-25 11:13:51] [73/113] Cat Watt 晴珊猫舎 | http://www.catwatt.com/
[2026-08-25 11:13:51]   ↳ 已存在，跳過 (Cat-Watt-晴珊猫舎.html)
[2026-08-25 11:13:51]   ↳ 已存在，跳過 (Cat-Watt-晴珊猫舎.html)
[2026-08-25 11:13:51] [74/113] 牙齒矯正及兒童齒科中心 (旺角朗豪坊) | Orthodon | https://www.ortho-center.com/
[2026-08-25 11:13:51] [74/113] 牙齒矯正及兒童齒科中心 (旺角朗豪坊) | Orthodon | https://www.ortho-center.com/
[2026-08-25 11:13:51]   ↳ 已存在，跳過 (牙齒矯正及兒童齒科中心-旺角朗豪坊-Orthodontic--Childrens-Dental-Center-Langh.html)
[2026-08-25 11:13:51]   ↳ 已存在，跳過 (牙齒矯正及兒童齒科中心-旺角朗豪坊-Orthodontic--Childrens-Dental-Center-Langh.html)
[2026-08-25 11:13:51] [75/113] HALO Flowers | https://haloflowers.com.hk/zh-hant/
[2026-08-25 11:13:51] [75/113] HALO Flowers | https://haloflowers.com.hk/zh-hant/
[2026-08-25 11:13:51]   ↳ 已存在，跳過 (HALO-Flowers.html)
[2026-08-25 11:13:51]   ↳ 已存在，跳過 (HALO-Flowers.html)
[2026-08-25 11:13:51] [76/113] Pettington 柏靈頓獸醫寵物用品 | https://www.pettington.com/
[2026-08-25 11:13:51] [76/113] Pettington 柏靈頓獸醫寵物用品 | https://www.pettington.com/
[2026-08-25 11:13:51]   ↳ 已存在，跳過 (Pettington-柏靈頓獸醫寵物用品.html)
[2026-08-25 11:13:51]   ↳ 已存在，跳過 (Pettington-柏靈頓獸醫寵物用品.html)
[2026-08-25 11:13:51] [77/113] 皓保牙科診所 Craft Smile Dental Cent | https://zh.drchrischeung.com/
[2026-08-25 11:13:51] [77/113] 皓保牙科診所 Craft Smile Dental Cent | https://zh.drchrischeung.com/
[2026-08-25 11:13:51]   ↳ 已存在，跳過 (皓保牙科診所-Craft-Smile-Dental-Center.html)
[2026-08-25 11:13:51]   ↳ 已存在，跳過 (皓保牙科診所-Craft-Smile-Dental-Center.html)
[2026-08-25 11:13:51] [78/113] Toyota Kowloon Bay Service Cen | https://www.toyota.com.hk/?utm_campaign=gmb&utm_medium=organic&utm_source=local
[2026-08-25 11:13:51] [78/113] Toyota Kowloon Bay Service Cen | https://www.toyota.com.hk/?utm_campaign=gmb&utm_medium=organic&utm_source=local
[2026-08-25 11:13:51]   ↳ 已存在，跳過 (Toyota-Kowloon-Bay-Service-Centre-Mechanical.html)
[2026-08-25 11:13:51]   ↳ 已存在，跳過 (Toyota-Kowloon-Bay-Service-Centre-Mechanical.html)
[2026-08-25 11:13:51] [79/113] Anglo Chinese Florist | http://www.anglochinese.com/
[2026-08-25 11:13:51] [79/113] Anglo Chinese Florist | http://www.anglochinese.com/
[2026-08-25 11:13:51]   ↳ 已存在，跳過 (Anglo-Chinese-Florist.html)
[2026-08-25 11:13:51]   ↳ 已存在，跳過 (Anglo-Chinese-Florist.html)
[2026-08-25 11:13:51] [80/113] Photobi HK 韓式 証件相拍摂工作室 - 湾仔店 | https://photobi.hk/
[2026-08-25 11:13:51] [80/113] Photobi HK 韓式 証件相拍摂工作室 - 湾仔店 | https://photobi.hk/
[2026-08-25 11:13:51]   ↳ 已存在，跳過 (Photobi-HK-韓式-証件相拍摂工作室---湾仔店.html)
[2026-08-25 11:13:51]   ↳ 已存在，跳過 (Photobi-HK-韓式-証件相拍摂工作室---湾仔店.html)
[2026-08-25 11:13:51] [81/113] Advance Pet Food | http://advancepetfood.com/
[2026-08-25 11:13:51] [81/113] Advance Pet Food | http://advancepetfood.com/
[2026-08-25 11:13:51]   ↳ 已存在，跳過 (Advance-Pet-Food.html)
[2026-08-25 11:13:51]   ↳ 已存在，跳過 (Advance-Pet-Food.html)
[2026-08-25 11:13:51] [82/113] Anna Maria Studio | http://annamstudio.com/
[2026-08-25 11:13:51] [82/113] Anna Maria Studio | http://annamstudio.com/
[2026-08-25 11:13:51]   ↳ 已存在，跳過 (Anna-Maria-Studio.html)
[2026-08-25 11:13:51]   ↳ 已存在，跳過 (Anna-Maria-Studio.html)
[2026-08-25 11:13:51] [83/113] 1984 HAIR SALON | https://1984hairsalon.wixsite.com/1984-hairsalon
[2026-08-25 11:13:51] [83/113] 1984 HAIR SALON | https://1984hairsalon.wixsite.com/1984-hairsalon
[2026-08-25 11:13:51]   ↳ 已存在，跳過 (1984-HAIR-SALON.html)
[2026-08-25 11:13:51]   ↳ 已存在，跳過 (1984-HAIR-SALON.html)
[2026-08-25 11:13:51] [84/113] Bulls PPF 専門店 | https://www.ppf.com.hk/
[2026-08-25 11:13:51] [84/113] Bulls PPF 専門店 | https://www.ppf.com.hk/
[2026-08-25 11:13:51]   ↳ 已存在，跳過 (Bulls-PPF-専門店.html)
[2026-08-25 11:13:51]   ↳ 已存在，跳過 (Bulls-PPF-専門店.html)
[2026-08-25 11:13:51] [85/113] LEEKAJA X AMONG Hair Salon Cen | https://www.leekaja.hk/
[2026-08-25 11:13:51] [85/113] LEEKAJA X AMONG Hair Salon Cen | https://www.leekaja.hk/
[2026-08-25 11:13:51]   ↳ 已存在，跳過 (LEEKAJA-X-AMONG-Hair-Salon-Century-Square-in-Hongkong-한국-미용실.html)
[2026-08-25 11:13:51]   ↳ 已存在，跳過 (LEEKAJA-X-AMONG-Hair-Salon-Century-Square-in-Hongkong-한국-미용실.html)
[2026-08-25 11:13:51] [86/113] MEGAPET (Kowloon City Shop) | http://www.megapet.com.hk/
[2026-08-25 11:13:51] [86/113] MEGAPET (Kowloon City Shop) | http://www.megapet.com.hk/
[2026-08-25 11:13:51]   ↳ 已存在，跳過 (MEGAPET-Kowloon-City-Shop.html)
[2026-08-25 11:13:51]   ↳ 已存在，跳過 (MEGAPET-Kowloon-City-Shop.html)
[2026-08-25 11:13:51] [87/113] 仁健牙科 Nixon Dental (太子牙醫/旺角牙醫/洗 | http://www.nixondental.com/
[2026-08-25 11:13:51] [87/113] 仁健牙科 Nixon Dental (太子牙醫/旺角牙醫/洗 | http://www.nixondental.com/
[2026-08-25 11:13:51]   ↳ 已存在，跳過 (仁健牙科-Nixon-Dental-太子牙醫-旺角牙醫-洗牙-補牙-種牙-植牙-杜牙根-智慧齒-箍牙-Invisalig.html)
[2026-08-25 11:13:51]   ↳ 已存在，跳過 (仁健牙科-Nixon-Dental-太子牙醫-旺角牙醫-洗牙-補牙-種牙-植牙-杜牙根-智慧齒-箍牙-Invisalig.html)
[2026-08-25 11:13:51] [88/113] 香港車房及汽車維修 | CarService.hk | https://www.carservice.hk/zh-hk
[2026-08-25 11:13:51] [88/113] 香港車房及汽車維修 | CarService.hk | https://www.carservice.hk/zh-hk
[2026-08-25 11:13:51]   ↳ 已存在，跳過 (香港車房及汽車維修-CarService.hk.html)
[2026-08-25 11:13:51]   ↳ 已存在，跳過 (香港車房及汽車維修-CarService.hk.html)
[2026-08-25 11:13:51] [89/113] 24小時 上門汽車維修保養服務 | https://garage-hk.com/onsite.php
[2026-08-25 11:13:51] [89/113] 24小時 上門汽車維修保養服務 | https://garage-hk.com/onsite.php
[2026-08-25 11:13:51]   ↳ 已存在，跳過 (24小時-上門汽車維修保養服務.html)
[2026-08-25 11:13:51]   ↳ 已存在，跳過 (24小時-上門汽車維修保養服務.html)
[2026-08-25 11:13:51] [90/113] 保養及維修服務 - Dchmsc | https://www.dchmsc.com/zh/maintenance-repair
[2026-08-25 11:13:51] [90/113] 保養及維修服務 - Dchmsc | https://www.dchmsc.com/zh/maintenance-repair
[2026-08-25 11:13:51]   ↳ 已存在，跳過 (保養及維修服務---Dchmsc.html)
[2026-08-25 11:13:51]   ↳ 已存在，跳過 (保養及維修服務---Dchmsc.html)
[2026-08-25 11:13:51] [91/113] Carro Care | https://carro.co/hk/zh-hant-hk/carro-care
[2026-08-25 11:13:51] [91/113] Carro Care | https://carro.co/hk/zh-hant-hk/carro-care
[2026-08-25 11:13:51]   ↳ 已存在，跳過 (Carro-Care.html)
[2026-08-25 11:13:51]   ↳ 已存在，跳過 (Carro-Care.html)
[2026-08-25 11:13:51] [92/113] 車師傅 - 全港認證車師傅總匯 | https://www.mastercar.hk/
[2026-08-25 11:13:51] [92/113] 車師傅 - 全港認證車師傅總匯 | https://www.mastercar.hk/
[2026-08-25 11:13:51]   ↳ 已存在，跳過 (車師傅---全港認證車師傅總匯.html)
[2026-08-25 11:13:51]   ↳ 已存在，跳過 (車師傅---全港認證車師傅總匯.html)
[2026-08-25 11:13:51] [93/113] 堅記車房平台 | https://www.kinkeecar.com/
[2026-08-25 11:13:51] [93/113] 堅記車房平台 | https://www.kinkeecar.com/
[2026-08-25 11:13:51]   ↳ 已存在，跳過 (堅記車房平台.html)
[2026-08-25 11:13:51]   ↳ 已存在，跳過 (堅記車房平台.html)
[2026-08-25 11:13:51] [94/113] 汽車保養及汽車維修 | CarService.hk | https://www.carservice.hk/zh-hk/services/car-servicing
[2026-08-25 11:13:51] [94/113] 汽車保養及汽車維修 | CarService.hk | https://www.carservice.hk/zh-hk/services/car-servicing
[2026-08-25 11:13:51]   ↳ 已存在，跳過 (汽車保養及汽車維修-CarService.hk.html)
[2026-08-25 11:13:51]   ↳ 已存在，跳過 (汽車保養及汽車維修-CarService.hk.html)
[2026-08-25 11:13:51] [95/113] 汽車維修 - Anyone | https://www.anyonehk.com/%E6%B1%BD%E8%BB%8A%E7%B6%AD%E4%BF%AE/
[2026-08-25 11:13:51] [95/113] 汽車維修 - Anyone | https://www.anyonehk.com/%E6%B1%BD%E8%BB%8A%E7%B6%AD%E4%BF%AE/
[2026-08-25 11:13:51]   ↳ 已存在，跳過 (汽車維修---Anyone.html)
[2026-08-25 11:13:51]   ↳ 已存在，跳過 (汽車維修---Anyone.html)
[2026-08-25 11:13:51] [96/113] 香港汽車維修公司名錄 - 新成立/注册及已更改名称的公司名单 | https://hkg.databasesets.com/zh-hant/gongsimingdan/type/Motor_Service
[2026-08-25 11:13:51] [96/113] 香港汽車維修公司名錄 - 新成立/注册及已更改名称的公司名单 | https://hkg.databasesets.com/zh-hant/gongsimingdan/type/Motor_Service
[2026-08-25 11:13:51]   ↳ 已存在，跳過 (香港汽車維修公司名錄---新成立-注册及已更改名称的公司名单.html)
[2026-08-25 11:13:51]   ↳ 已存在，跳過 (香港汽車維修公司名錄---新成立-注册及已更改名称的公司名单.html)
[2026-08-25 11:13:51] [97/113] 汽車服務公司 - Driver.com.hk | https://www.driver.com.hk/service
[2026-08-25 11:13:51] [97/113] 汽車服務公司 - Driver.com.hk | https://www.driver.com.hk/service
[2026-08-25 11:13:51]   ↳ 已存在，跳過 (汽車服務公司---Driver.com.hk.html)
[2026-08-25 11:13:51]   ↳ 已存在，跳過 (汽車服務公司---Driver.com.hk.html)
[2026-08-25 11:13:51] [98/113] 最佳香港花店推介 送花訂花好去處/網上買花 | https://www.timeout.com.hk/hong-kong/hk/%E8%B3%BC%E7%89%A9/%E6%9C%80%E4%BD%B3%E9%A6%99%E6%B8%AF%E8%8A%B1%E5%BA%97%E6%8E%A8%E4%BB%8B-%E9%80%81%E8%8A%B1%E8%A8%82%E8%8A%B1%E5%A5%BD%E5%8E%BB%E8%99%95-%E7%B6%B2%E4%B8%8A%E8%B2%B7%E8%8A%B1
[2026-08-25 11:13:51] [98/113] 最佳香港花店推介 送花訂花好去處/網上買花 | https://www.timeout.com.hk/hong-kong/hk/%E8%B3%BC%E7%89%A9/%E6%9C%80%E4%BD%B3%E9%A6%99%E6%B8%AF%E8%8A%B1%E5%BA%97%E6%8E%A8%E4%BB%8B-%E9%80%81%E8%8A%B1%E8%A8%82%E8%8A%B1%E5%A5%BD%E5%8E%BB%E8%99%95-%E7%B6%B2%E4%B8%8A%E8%B2%B7%E8%8A%B1
[2026-08-25 11:13:51]   ↳ 已存在，跳過 (最佳香港花店推介-送花訂花好去處-網上買花.html)
[2026-08-25 11:13:51]   ↳ 已存在，跳過 (最佳香港花店推介-送花訂花好去處-網上買花.html)
[2026-08-25 11:13:51] [99/113] HK Florist Directory | https://zh-hk.hk-florist.org/hk-florist-directory/
[2026-08-25 11:13:51] [99/113] HK Florist Directory | https://zh-hk.hk-florist.org/hk-florist-directory/
[2026-08-25 11:13:51]   ↳ 已存在，跳過 (HK-Florist-Directory.html)
[2026-08-25 11:13:51]   ↳ 已存在，跳過 (HK-Florist-Directory.html)
[2026-08-25 11:13:51] [100/113] 主頁 | https://shunkeeflowers.com.hk/
[2026-08-25 11:13:51] [100/113] 主頁 | https://shunkeeflowers.com.hk/
[2026-08-25 11:13:51]   ↳ 已存在，跳過 (主頁.html)
[2026-08-25 11:13:51]   ↳ 已存在，跳過 (主頁.html)
[2026-08-25 11:13:51] [101/113] Kushiro | http://www.kushiro.com.hk/
[2026-08-25 11:13:51] [101/113] Kushiro | http://www.kushiro.com.hk/
[2026-08-25 11:13:51]   ↳ 已存在，跳過 (Kushiro.html)
[2026-08-25 11:13:51]   ↳ 已存在，跳過 (Kushiro.html)
[2026-08-25 11:13:51] [102/113] PETNAR LIVING 裝修工程 室內設計 傢俬訂製 | https://petnar-living.com/interior-design/
[2026-08-25 11:13:51] [102/113] PETNAR LIVING 裝修工程 室內設計 傢俬訂製 | https://petnar-living.com/interior-design/
[2026-08-25 11:13:51]   ↳ 已存在，跳過 (PETNAR-LIVING-裝修工程-室內設計-傢俬訂製.html)
[2026-08-25 11:13:51]   ↳ 已存在，跳過 (PETNAR-LIVING-裝修工程-室內設計-傢俬訂製.html)
[2026-08-25 11:13:51] [103/113] 太子中学補習社 - 立方教育 | https://www.ilearndse.com/
[2026-08-25 11:13:51] [103/113] 太子中学補習社 - 立方教育 | https://www.ilearndse.com/
[2026-08-25 11:13:51]   ↳ 已存在，跳過 (太子中学補習社---立方教育.html)
[2026-08-25 11:13:51]   ↳ 已存在，跳過 (太子中学補習社---立方教育.html)
[2026-08-25 11:13:51] [104/113] Speedycat Photo Studio | https://www.speedycat.com.hk/
[2026-08-25 11:13:51] [104/113] Speedycat Photo Studio | https://www.speedycat.com.hk/
[2026-08-25 11:13:51]   ↳ 已存在，跳過 (Speedycat-Photo-Studio.html)
[2026-08-25 11:13:51]   ↳ 已存在，跳過 (Speedycat-Photo-Studio.html)
[2026-08-25 11:13:51] [105/113] 進研教育 - 英文中文數學補習社 (北角分校) | https://www.joinin-education.com/
[2026-08-25 11:13:51] [105/113] 進研教育 - 英文中文數學補習社 (北角分校) | https://www.joinin-education.com/
[2026-08-25 11:13:51]   ↳ 已存在，跳過 (進研教育---英文中文數學補習社-北角分校.html)
[2026-08-25 11:13:51]   ↳ 已存在，跳過 (進研教育---英文中文數學補習社-北角分校.html)
[2026-08-25 11:13:51] [106/113] 聚萌 | https://www.dogatherhk.com/
[2026-08-25 11:13:51] [106/113] 聚萌 | https://www.dogatherhk.com/
[2026-08-25 11:13:51]   ↳ 已存在，跳過 (聚萌.html)
[2026-08-25 11:13:51]   ↳ 已存在，跳過 (聚萌.html)
[2026-08-25 11:13:51] [107/113] The Factory Hair剪髮染髮電髮專門店 | http://haircuthk.com/
[2026-08-25 11:13:51] [107/113] The Factory Hair剪髮染髮電髮專門店 | http://haircuthk.com/
[2026-08-25 11:13:51]   ↳ 已存在，跳過 (The-Factory-Hair剪髮染髮電髮專門店.html)
[2026-08-25 11:13:51]   ↳ 已存在，跳過 (The-Factory-Hair剪髮染髮電髮專門店.html)
[2026-08-25 11:13:51] [108/113] EcHouse 装修配対平台 | 装修報価 | 室内設計 | | https://www.echouse.com.hk/
[2026-08-25 11:13:51] [108/113] EcHouse 装修配対平台 | 装修報価 | 室内設計 | | https://www.echouse.com.hk/
[2026-08-25 11:13:51]   ↳ 已存在，跳過 (EcHouse-装修配対平台-装修報価-室内設計-装修設計.html)
[2026-08-25 11:13:51]   ↳ 已存在，跳過 (EcHouse-装修配対平台-装修報価-室内設計-装修設計.html)
[2026-08-25 11:13:51] [109/113] Element Dental Centre 弘悅牙科 | https://www.elementdentalhk.com/
[2026-08-25 11:13:51] [109/113] Element Dental Centre 弘悅牙科 | https://www.elementdentalhk.com/
[2026-08-25 11:13:51]   ↳ 已存在，跳過 (Element-Dental-Centre-弘悅牙科.html)
[2026-08-25 11:13:51]   ↳ 已存在，跳過 (Element-Dental-Centre-弘悅牙科.html)
[2026-08-25 11:13:51] [110/113] 皆一空間 室内設計 装修工程 | http://arone-space.com/
[2026-08-25 11:13:51] [110/113] 皆一空間 室内設計 装修工程 | http://arone-space.com/
[2026-08-25 11:13:51]   ↳ 已存在，跳過 (皆一空間-室内設計-装修工程.html)
[2026-08-25 11:13:51]   ↳ 已存在，跳過 (皆一空間-室内設計-装修工程.html)
[2026-08-25 11:13:51] [111/113] The Vault Fitness | http://thevault-fitness.com/
[2026-08-25 11:13:51] [111/113] The Vault Fitness | http://thevault-fitness.com/
[2026-08-25 11:13:51]   ↳ 已存在，跳過 (The-Vault-Fitness.html)
[2026-08-25 11:13:51]   ↳ 已存在，跳過 (The-Vault-Fitness.html)
[2026-08-25 11:13:51] [112/113] 電髮 染髮 焗油 GH Haircut Salon | https://haircuthk.com/%E4%B8%AD%E7%92%B0%E6%9F%93%E9%AB%AE/
[2026-08-25 11:13:51] [112/113] 電髮 染髮 焗油 GH Haircut Salon | https://haircuthk.com/%E4%B8%AD%E7%92%B0%E6%9F%93%E9%AB%AE/
[2026-08-25 11:13:55]   ✓ 已儲存 電髮-染髮-焗油-GH-Haircut-Salon.html (654KB, requests 622357B)
[2026-08-25 11:13:55]   ✓ 已儲存 電髮-染髮-焗油-GH-Haircut-Salon.html (654KB, requests 622357B)
[2026-08-25 11:13:55] [113/113] METEOR HK 摂影器材精品店 | http://www.meteor.com.hk/
[2026-08-25 11:13:55] [113/113] METEOR HK 摂影器材精品店 | http://www.meteor.com.hk/
[2026-08-25 11:13:55]   ✓ 已儲存 METEOR-HK-摂影器材精品店.html (975KB, requests 998884B)
[2026-08-25 11:13:55]   ✓ 已儲存 METEOR-HK-摂影器材精品店.html (975KB, requests 998884B)
[2026-08-25 11:13:56] == 完成 ==
[2026-08-25 11:13:56] == 完成 ==
[2026-08-25 11:13:56] 成功 113 個，失敗 0 個
[2026-08-25 11:13:56] 成功 113 個，失敗 0 個

── 失敗清單 ──
[2026-08-25 11:13:56] == 開始為 0 間「沒網站但有聯絡」的商家建立一頁式網頁 → /home/ubuntu/.mok/html/project/MokCs ==
[2026-08-25 11:13:56] == 開始為 0 間「沒網站但有聯絡」的商家建立一頁式網頁 → /home/ubuntu/.mok/html/project/MokCs ==
[2026-08-25 11:13:56] == 一頁式網頁完成：0/0 ==
[2026-08-25 11:13:56] == 一頁式網頁完成：0/0 ==
[2026-08-25 11:43:20]   過濾：114 間 → 保留 114 間有 WhatsApp/Email 的商家
[2026-08-25 11:43:20]   過濾：114 間 → 保留 114 間有 WhatsApp/Email 的商家
[2026-08-25 11:43:20] == 開始克隆 114 個商家首頁 → /home/ubuntu/.mok/html/project/MokCs ==
[2026-08-25 11:43:20] == 開始克隆 114 個商家首頁 → /home/ubuntu/.mok/html/project/MokCs ==
[2026-08-25 11:43:20] [1/114] Hutong | https://hutong.com.hk/
[2026-08-25 11:43:20] [1/114] Hutong | https://hutong.com.hk/
[2026-08-25 11:43:20]   ↳ 已存在，跳過 (Hutong.html)
[2026-08-25 11:43:20]   ↳ 已存在，跳過 (Hutong.html)
[2026-08-25 11:43:20] [2/114] The Chairman Restaurant | https://www.thechairmangroup.com/
[2026-08-25 11:43:20] [2/114] The Chairman Restaurant | https://www.thechairmangroup.com/
[2026-08-25 11:43:20]   ↳ 已存在，跳過 (The-Chairman-Restaurant.html)
[2026-08-25 11:43:20]   ↳ 已存在，跳過 (The-Chairman-Restaurant.html)
[2026-08-25 11:43:20] [3/114] 南蛮亭香港店 | http://nanbantei.com.hk/
[2026-08-25 11:43:20] [3/114] 南蛮亭香港店 | http://nanbantei.com.hk/
[2026-08-25 11:43:20]   ↳ 已存在，跳過 (南蛮亭香港店.html)
[2026-08-25 11:43:20]   ↳ 已存在，跳過 (南蛮亭香港店.html)
[2026-08-25 11:43:20] [4/114] 添好運點心專賣店 | https://www.timhowan.com.hk/
[2026-08-25 11:43:20] [4/114] 添好運點心專賣店 | https://www.timhowan.com.hk/
[2026-08-25 11:43:20]   ↳ 已存在，跳過 (添好運點心專賣店.html)
[2026-08-25 11:43:20]   ↳ 已存在，跳過 (添好運點心專賣店.html)
[2026-08-25 11:43:20] [5/114] La Petite Maison (LPM) Hong Ko | https://lpmrestaurants.com/hongkong/
[2026-08-25 11:43:20] [5/114] La Petite Maison (LPM) Hong Ko | https://lpmrestaurants.com/hongkong/
[2026-08-25 11:43:20]   ↳ 已存在，跳過 (La-Petite-Maison-LPM-Hong-Kong.html)
[2026-08-25 11:43:20]   ↳ 已存在，跳過 (La-Petite-Maison-LPM-Hong-Kong.html)
[2026-08-25 11:43:20] [6/114] Glow Hong Kong | https://www.glowspa.hk/
[2026-08-25 11:43:20] [6/114] Glow Hong Kong | https://www.glowspa.hk/
[2026-08-25 11:43:20]   ↳ 已存在，跳過 (Glow-Hong-Kong.html)
[2026-08-25 11:43:20]   ↳ 已存在，跳過 (Glow-Hong-Kong.html)
[2026-08-25 11:43:20] [7/114] Mó The Slow Bloom | https://www.mo-hk.com/
[2026-08-25 11:43:20] [7/114] Mó The Slow Bloom | https://www.mo-hk.com/
[2026-08-25 11:43:20]   ↳ 已存在，跳過 (Mó-The-Slow-Bloom.html)
[2026-08-25 11:43:20]   ↳ 已存在，跳過 (Mó-The-Slow-Bloom.html)
[2026-08-25 11:43:20] [8/114] Lux Medical 医繊美 | https://www.luxbeauty.hk/
[2026-08-25 11:43:20] [8/114] Lux Medical 医繊美 | https://www.luxbeauty.hk/
[2026-08-25 11:43:20]   ↳ 已存在，跳過 (Lux-Medical-医繊美.html)
[2026-08-25 11:43:20]   ↳ 已存在，跳過 (Lux-Medical-医繊美.html)
[2026-08-25 11:43:20] [9/114] 114HAIR | http://www.114hair.com/
[2026-08-25 11:43:20] [9/114] 114HAIR | http://www.114hair.com/
[2026-08-25 11:43:20]   ↳ 已存在，跳過 (114HAIR.html)
[2026-08-25 11:43:20]   ↳ 已存在，跳過 (114HAIR.html)
[2026-08-25 11:43:20] [10/114] Love Hair | http://www.lovehairhk.com/
[2026-08-25 11:43:20] [10/114] Love Hair | http://www.lovehairhk.com/
[2026-08-25 11:43:20]   ↳ 已存在，跳過 (Love-Hair.html)
[2026-08-25 11:43:20]   ↳ 已存在，跳過 (Love-Hair.html)
[2026-08-25 11:43:20] [11/114] TONI&GUY HK | http://www.toniandguyhk.com/
[2026-08-25 11:43:20] [11/114] TONI&GUY HK | http://www.toniandguyhk.com/
[2026-08-25 11:43:20]   ↳ 已存在，跳過 (TONIGUY-HK.html)
[2026-08-25 11:43:20]   ↳ 已存在，跳過 (TONIGUY-HK.html)
[2026-08-25 11:43:20] [12/114] iMPROVE HAiR-尖沙咀salon 尖沙咀剪髮 尖沙 | http://www.ihair.com.hk/
[2026-08-25 11:43:20] [12/114] iMPROVE HAiR-尖沙咀salon 尖沙咀剪髮 尖沙 | http://www.ihair.com.hk/
[2026-08-25 11:43:20]   ↳ 已存在，跳過 (iMPROVE-HAiR-尖沙咀salon-尖沙咀剪髮-尖沙咀髮廊-尖沙咀中藥染髮-尖沙咀假髮-尖沙咀頭皮護理.html)
[2026-08-25 11:43:20]   ↳ 已存在，跳過 (iMPROVE-HAiR-尖沙咀salon-尖沙咀剪髮-尖沙咀髮廊-尖沙咀中藥染髮-尖沙咀假髮-尖沙咀頭皮護理.html)
[2026-08-25 11:43:20] [13/114] 金澱装修工程有限公司 | https://www.palaceengineeringltd.com/
[2026-08-25 11:43:20] [13/114] 金澱装修工程有限公司 | https://www.palaceengineeringltd.com/
[2026-08-25 11:43:20]   ↳ 已存在，跳過 (金澱装修工程有限公司.html)
[2026-08-25 11:43:20]   ↳ 已存在，跳過 (金澱装修工程有限公司.html)
[2026-08-25 11:43:20] [14/114] 鋒主義 - 室內設計公司 | 室內裝修工程 | 工期 報價  | https://www.fungstyle.com.hk/
[2026-08-25 11:43:20] [14/114] 鋒主義 - 室內設計公司 | 室內裝修工程 | 工期 報價  | https://www.fungstyle.com.hk/
[2026-08-25 11:43:20]   ↳ 已存在，跳過 (鋒主義---室內設計公司-室內裝修工程-工期-報價-服務-三大保證.html)
[2026-08-25 11:43:20]   ↳ 已存在，跳過 (鋒主義---室內設計公司-室內裝修工程-工期-報價-服務-三大保證.html)
[2026-08-25 11:43:20] [15/114] 装修兄弟 | http://www.renobro.com.hk/
[2026-08-25 11:43:20] [15/114] 装修兄弟 | http://www.renobro.com.hk/
[2026-08-25 11:43:20]   ↳ 已存在，跳過 (装修兄弟.html)
[2026-08-25 11:43:20]   ↳ 已存在，跳過 (装修兄弟.html)
[2026-08-25 11:43:20] [16/114] 居屋皇 House king | 香港室内設計及装修公司 | http://housekinghk.com/
[2026-08-25 11:43:20] [16/114] 居屋皇 House king | 香港室内設計及装修公司 | http://housekinghk.com/
[2026-08-25 11:43:20]   ↳ 已存在，跳過 (居屋皇-House-king-香港室内設計及装修公司.html)
[2026-08-25 11:43:20]   ↳ 已存在，跳過 (居屋皇-House-king-香港室内設計及装修公司.html)
[2026-08-25 11:43:20] [17/114] Toby 裝修設計平台｜免費裝修報價｜香港裝修公司及室內設計 | https://www.hellotoby.com/zh-hk/id
[2026-08-25 11:43:20] [17/114] Toby 裝修設計平台｜免費裝修報價｜香港裝修公司及室內設計 | https://www.hellotoby.com/zh-hk/id
[2026-08-25 11:43:20]   ↳ 已存在，跳過 (Toby-裝修設計平台免費裝修報價香港裝修公司及室內設計公司.html)
[2026-08-25 11:43:20]   ↳ 已存在，跳過 (Toby-裝修設計平台免費裝修報價香港裝修公司及室內設計公司.html)
[2026-08-25 11:43:20] [18/114] PET HK - Mid Levels Edition | http://pethk.com/
[2026-08-25 11:43:20] [18/114] PET HK - Mid Levels Edition | http://pethk.com/
[2026-08-25 11:43:20]   ↳ 已存在，跳過 (PET-HK---Mid-Levels-Edition.html)
[2026-08-25 11:43:20]   ↳ 已存在，跳過 (PET-HK---Mid-Levels-Edition.html)
[2026-08-25 11:43:20] [19/114] Ruff & Fetch 拉夫寵物生活 (佐敦 Jordan | http://www.ruffandfetch.com/
[2026-08-25 11:43:20] [19/114] Ruff & Fetch 拉夫寵物生活 (佐敦 Jordan | http://www.ruffandfetch.com/
[2026-08-25 11:43:20]   ↳ 已存在，跳過 (Ruff--Fetch-拉夫寵物生活-佐敦-Jordan.html)
[2026-08-25 11:43:20]   ↳ 已存在，跳過 (Ruff--Fetch-拉夫寵物生活-佐敦-Jordan.html)
[2026-08-25 11:43:20] [20/114] HKTA香港導師会 | https://www.hkta.edu.hk/
[2026-08-25 11:43:20] [20/114] HKTA香港導師会 | https://www.hkta.edu.hk/
[2026-08-25 11:43:20]   ↳ 已存在，跳過 (HKTA香港導師会.html)
[2026-08-25 11:43:20]   ↳ 已存在，跳過 (HKTA香港導師会.html)
[2026-08-25 11:43:20] [21/114] 騎士数学 Knight Mathematics - Band | https://knightmaths.edu.hk/
[2026-08-25 11:43:20] [21/114] 騎士数学 Knight Mathematics - Band | https://knightmaths.edu.hk/
[2026-08-25 11:43:20]   ↳ 已存在，跳過 (騎士数学-Knight-Mathematics---Band-1-DSE-数学補習社.html)
[2026-08-25 11:43:20]   ↳ 已存在，跳過 (騎士数学-Knight-Mathematics---Band-1-DSE-数学補習社.html)
[2026-08-25 11:43:20] [22/114] 香港文化教育中心 | https://docs.google.com/forms/d/e/1FAIpQLSdjgsQlR4w8ZgKgE9RgAUPsPwrZzAZpo5SCULDDOgygEdeDnQ/viewform
[2026-08-25 11:43:20] [22/114] 香港文化教育中心 | https://docs.google.com/forms/d/e/1FAIpQLSdjgsQlR4w8ZgKgE9RgAUPsPwrZzAZpo5SCULDDOgygEdeDnQ/viewform
[2026-08-25 11:43:20]   ↳ 已存在，跳過 (香港文化教育中心.html)
[2026-08-25 11:43:20]   ↳ 已存在，跳過 (香港文化教育中心.html)
[2026-08-25 11:43:20] [23/114] GETUTOR 香港導師総会｜上門補習中介平台｜私補導師推介 | https://www.getutor.com.hk/
[2026-08-25 11:43:20] [23/114] GETUTOR 香港導師総会｜上門補習中介平台｜私補導師推介 | https://www.getutor.com.hk/
[2026-08-25 11:43:20]   ↳ 已存在，跳過 (GETUTOR-香港導師総会上門補習中介平台私補導師推介Private-Tutors-AgencyIB-IGCSE-A.html)
[2026-08-25 11:43:20]   ↳ 已存在，跳過 (GETUTOR-香港導師総会上門補習中介平台私補導師推介Private-Tutors-AgencyIB-IGCSE-A.html)
[2026-08-25 11:43:20] [24/114] 英博教学中心 - 数学中文英文補習 - 中小学補習社 | https://eplc.edu.hk/
[2026-08-25 11:43:20] [24/114] 英博教学中心 - 数学中文英文補習 - 中小学補習社 | https://eplc.edu.hk/
[2026-08-25 11:43:20]   ↳ 已存在，跳過 (英博教学中心---数学中文英文補習---中小学補習社.html)
[2026-08-25 11:43:20]   ↳ 已存在，跳過 (英博教学中心---数学中文英文補習---中小学補習社.html)
[2026-08-25 11:43:20] [25/114] 進研教育 - 英文中文数学補習社 | https://joinin-education.com/
[2026-08-25 11:43:20] [25/114] 進研教育 - 英文中文数学補習社 | https://joinin-education.com/
[2026-08-25 11:43:20]   ↳ 已存在，跳過 (進研教育---英文中文数学補習社.html)
[2026-08-25 11:43:20]   ↳ 已存在，跳過 (進研教育---英文中文数学補習社.html)
[2026-08-25 11:43:20] [26/114] 學斯教育(灣仔) | http://hoksi-edu.com/
[2026-08-25 11:43:20] [26/114] 學斯教育(灣仔) | http://hoksi-edu.com/
[2026-08-25 11:43:20]   ↳ 已存在，跳過 (學斯教育灣仔.html)
[2026-08-25 11:43:20]   ↳ 已存在，跳過 (學斯教育灣仔.html)
[2026-08-25 11:43:20] [27/114] 補習社｜学博教育 Learn Smart Education | https://learnsmart.edu.hk/
[2026-08-25 11:43:20] [27/114] 補習社｜学博教育 Learn Smart Education | https://learnsmart.edu.hk/
[2026-08-25 11:43:20]   ↳ 已存在，跳過 (補習社学博教育-Learn-Smart-Education.html)
[2026-08-25 11:43:20]   ↳ 已存在，跳過 (補習社学博教育-Learn-Smart-Education.html)
[2026-08-25 11:43:20] [28/114] 24/7 Fitness Central | http://247.fitness/
[2026-08-25 11:43:20] [28/114] 24/7 Fitness Central | http://247.fitness/
[2026-08-25 11:43:20]   ↳ 已存在，跳過 (24-7-Fitness-Central.html)
[2026-08-25 11:43:20]   ↳ 已存在，跳過 (24-7-Fitness-Central.html)
[2026-08-25 11:43:20] [29/114] 啓弘牙科（旺角店）丨九龍/旺角牙医/智慧歯/箍牙/隠式美/全 | https://omnesdental.com/
[2026-08-25 11:43:20] [29/114] 啓弘牙科（旺角店）丨九龍/旺角牙医/智慧歯/箍牙/隠式美/全 | https://omnesdental.com/
[2026-08-25 11:43:20]   ↳ 已存在，跳過 (啓弘牙科旺角店丨九龍-旺角牙医-智慧歯-箍牙-隠式美-全方位牙科服務-専業治療牙痛-種植牙-補牙-剥牙-洗牙.html)
[2026-08-25 11:43:20]   ↳ 已存在，跳過 (啓弘牙科旺角店丨九龍-旺角牙医-智慧歯-箍牙-隠式美-全方位牙科服務-専業治療牙痛-種植牙-補牙-剥牙-洗牙.html)
[2026-08-25 11:43:20] [30/114] Smith & Jain Dentists 史密夫和鄭牙醫診 | https://smithandjaindentists.com/
[2026-08-25 11:43:20] [30/114] Smith & Jain Dentists 史密夫和鄭牙醫診 | https://smithandjaindentists.com/
[2026-08-25 11:43:20]   ↳ 已存在，跳過 (Smith--Jain-Dentists-史密夫和鄭牙醫診所.html)
[2026-08-25 11:43:20]   ↳ 已存在，跳過 (Smith--Jain-Dentists-史密夫和鄭牙醫診所.html)
[2026-08-25 11:43:20] [31/114] Home Dental (Tsim Sha Tsui Bra | https://homedentalhk.com/cn/contact-us/tst
[2026-08-25 11:43:20] [31/114] Home Dental (Tsim Sha Tsui Bra | https://homedentalhk.com/cn/contact-us/tst
[2026-08-25 11:43:20]   ↳ 已存在，跳過 (Home-Dental-Tsim-Sha-Tsui-Branch.html)
[2026-08-25 11:43:20]   ↳ 已存在，跳過 (Home-Dental-Tsim-Sha-Tsui-Branch.html)
[2026-08-25 11:43:20] [32/114] 伍裕彤牙医 | https://trucaredental.hk/
[2026-08-25 11:43:20] [32/114] 伍裕彤牙医 | https://trucaredental.hk/
[2026-08-25 11:43:20]   ↳ 已存在，跳過 (伍裕彤牙医.html)
[2026-08-25 11:43:20]   ↳ 已存在，跳過 (伍裕彤牙医.html)
[2026-08-25 11:43:20] [33/114] Home Dental | https://homedentalhk.com/cn/contact-us/cwb
[2026-08-25 11:43:20] [33/114] Home Dental | https://homedentalhk.com/cn/contact-us/cwb
[2026-08-25 11:43:20]   ↳ 已存在，跳過 (Home-Dental.html)
[2026-08-25 11:43:20]   ↳ 已存在，跳過 (Home-Dental.html)
[2026-08-25 11:43:20] [34/114] T.O.P Dental by Family Smile L | http://www.topdental.hk/
[2026-08-25 11:43:20] [34/114] T.O.P Dental by Family Smile L | http://www.topdental.hk/
[2026-08-25 11:43:20]   ↳ 已存在，跳過 (T.O.P-Dental-by-Family-Smile-Ltd-香港牙科醫療集團-旺角太子牙醫中心.html)
[2026-08-25 11:43:20]   ↳ 已存在，跳過 (T.O.P-Dental-by-Family-Smile-Ltd-香港牙科醫療集團-旺角太子牙醫中心.html)
[2026-08-25 11:43:20] [35/114] Metro Dental 城健総合牙科医療中心 | https://www.metrodental.com.hk/
[2026-08-25 11:43:20] [35/114] Metro Dental 城健総合牙科医療中心 | https://www.metrodental.com.hk/
[2026-08-25 11:43:20]   ↳ 已存在，跳過 (Metro-Dental-城健総合牙科医療中心.html)
[2026-08-25 11:43:20]   ↳ 已存在，跳過 (Metro-Dental-城健総合牙科医療中心.html)
[2026-08-25 11:43:20] [36/114] 大国手 汽車車身維修 Grand Tycoon Automo | http://grandtycoon.com/
[2026-08-25 11:43:20] [36/114] 大国手 汽車車身維修 Grand Tycoon Automo | http://grandtycoon.com/
[2026-08-25 11:43:20]   ↳ 已存在，跳過 (大国手-汽車車身維修-Grand-Tycoon-Automotive-Repair-Shop.html)
[2026-08-25 11:43:20]   ↳ 已存在，跳過 (大国手-汽車車身維修-Grand-Tycoon-Automotive-Repair-Shop.html)
[2026-08-25 11:43:20] [37/114] AutoMate | Sham Shui Po Shop | https://www.automate-app.com/auto-shop
[2026-08-25 11:43:20] [37/114] AutoMate | Sham Shui Po Shop | https://www.automate-app.com/auto-shop
[2026-08-25 11:43:20]   ↳ 已存在，跳過 (AutoMate-Sham-Shui-Po-Shop.html)
[2026-08-25 11:43:20]   ↳ 已存在，跳過 (AutoMate-Sham-Shui-Po-Shop.html)
[2026-08-25 11:43:20] [38/114] Carol Garage Limited | http://www.carolgarage.com.hk/
[2026-08-25 11:43:20] [38/114] Carol Garage Limited | http://www.carolgarage.com.hk/
[2026-08-25 11:43:20]   ↳ 已存在，跳過 (Carol-Garage-Limited.html)
[2026-08-25 11:43:20]   ↳ 已存在，跳過 (Carol-Garage-Limited.html)
[2026-08-25 11:43:20] [39/114] 八方汽車 | Power Moto Limited | http://www.power-moto.hk/
[2026-08-25 11:43:20] [39/114] 八方汽車 | Power Moto Limited | http://www.power-moto.hk/
[2026-08-25 11:43:20]   ↳ 已存在，跳過 (八方汽車-Power-Moto-Limited.html)
[2026-08-25 11:43:20]   ↳ 已存在，跳過 (八方汽車-Power-Moto-Limited.html)
[2026-08-25 11:43:20] [40/114] Flow & Roll Laundry 自助洗衣 (中環 C | https://flowandroll.com/
[2026-08-25 11:43:20] [40/114] Flow & Roll Laundry 自助洗衣 (中環 C | https://flowandroll.com/
[2026-08-25 11:43:20]   ↳ 已存在，跳過 (Flow--Roll-Laundry-自助洗衣-中環-Central.html)
[2026-08-25 11:43:20]   ↳ 已存在，跳過 (Flow--Roll-Laundry-自助洗衣-中環-Central.html)
[2026-08-25 11:43:20] [41/114] 初洗 First Laundry 觀塘24小時自助洗衣店 | https://wa.me/85268716550
[2026-08-25 11:43:20] [41/114] 初洗 First Laundry 觀塘24小時自助洗衣店 | https://wa.me/85268716550
[2026-08-25 11:43:20]   ↳ 已存在，跳過 (初洗-First-Laundry-觀塘24小時自助洗衣店.html)
[2026-08-25 11:43:20]   ↳ 已存在，跳過 (初洗-First-Laundry-觀塘24小時自助洗衣店.html)
[2026-08-25 11:43:20] [42/114] 水漾衣坊 water laundry | https://whalewashmk.hk/
[2026-08-25 11:43:20] [42/114] 水漾衣坊 water laundry | https://whalewashmk.hk/
[2026-08-25 11:43:20]   ↳ 已存在，跳過 (水漾衣坊-water-laundry.html)
[2026-08-25 11:43:20]   ↳ 已存在，跳過 (水漾衣坊-water-laundry.html)
[2026-08-25 11:43:20] [43/114] FLORISTRY by ART OF LIVING | http://www.floristrybyartofliving.com/
[2026-08-25 11:43:20] [43/114] FLORISTRY by ART OF LIVING | http://www.floristrybyartofliving.com/
[2026-08-25 11:43:20]   ↳ 已存在，跳過 (FLORISTRY-by-ART-OF-LIVING.html)
[2026-08-25 11:43:20]   ↳ 已存在，跳過 (FLORISTRY-by-ART-OF-LIVING.html)
[2026-08-25 11:43:20] [44/114] 花籃 450 - Flower 450 | https://flower450.com/
[2026-08-25 11:43:20] [44/114] 花籃 450 - Flower 450 | https://flower450.com/
[2026-08-25 11:43:20]   ↳ 已存在，跳過 (花籃-450---Flower-450.html)
[2026-08-25 11:43:20]   ↳ 已存在，跳過 (花籃-450---Flower-450.html)
[2026-08-25 11:43:20] [45/114] 優之花鋪-U Flower Shop | https://www.uflowershop.com/
[2026-08-25 11:43:20] [45/114] 優之花鋪-U Flower Shop | https://www.uflowershop.com/
[2026-08-25 11:43:20]   ↳ 已存在，跳過 (優之花鋪-U-Flower-Shop.html)
[2026-08-25 11:43:20]   ↳ 已存在，跳過 (優之花鋪-U-Flower-Shop.html)
[2026-08-25 11:43:20] [46/114] Eternal Flora hk | https://www.eternalflorahk.com/
[2026-08-25 11:43:20] [46/114] Eternal Flora hk | https://www.eternalflorahk.com/
[2026-08-25 11:43:20]   ↳ 已存在，跳過 (Eternal-Flora-hk.html)
[2026-08-25 11:43:20]   ↳ 已存在，跳過 (Eternal-Flora-hk.html)
[2026-08-25 11:43:20] [47/114] FDHK - Flower Delivery Hong Ko | https://flowerdeliveryhongkong.com/
[2026-08-25 11:43:20] [47/114] FDHK - Flower Delivery Hong Ko | https://flowerdeliveryhongkong.com/
[2026-08-25 11:43:20]   ↳ 已存在，跳過 (FDHK---Flower-Delivery-Hong-Kong.html)
[2026-08-25 11:43:20]   ↳ 已存在，跳過 (FDHK---Flower-Delivery-Hong-Kong.html)
[2026-08-25 11:43:20] [48/114] Joseph Photo 香港專業攝影工作室 | https://josephphoto.hk/
[2026-08-25 11:43:20] [48/114] Joseph Photo 香港專業攝影工作室 | https://josephphoto.hk/
[2026-08-25 11:43:20]   ↳ 已存在，跳過 (Joseph-Photo-香港專業攝影工作室.html)
[2026-08-25 11:43:20]   ↳ 已存在，跳過 (Joseph-Photo-香港專業攝影工作室.html)
[2026-08-25 11:43:20] [49/114] Majesty Professional Photo殿堂館- | https://www.majestyprofessional.com/
[2026-08-25 11:43:20] [49/114] Majesty Professional Photo殿堂館- | https://www.majestyprofessional.com/
[2026-08-25 11:43:20]   ↳ 已存在，跳過 (Majesty-Professional-Photo殿堂館-專業照首選.html)
[2026-08-25 11:43:20]   ↳ 已存在，跳過 (Majesty-Professional-Photo殿堂館-專業照首選.html)
[2026-08-25 11:43:20] [50/114] Owl Photo Studio 貓頭鷹照相館 | https://www.owlphoto.hk/
[2026-08-25 11:43:20] [50/114] Owl Photo Studio 貓頭鷹照相館 | https://www.owlphoto.hk/
[2026-08-25 11:43:20]   ↳ 已存在，跳過 (Owl-Photo-Studio-貓頭鷹照相館.html)
[2026-08-25 11:43:20]   ↳ 已存在，跳過 (Owl-Photo-Studio-貓頭鷹照相館.html)
[2026-08-25 11:43:20] [51/114] Yat Tung Heen - Eaton HK | https://www.yattungheen.com/
[2026-08-25 11:43:20] [51/114] Yat Tung Heen - Eaton HK | https://www.yattungheen.com/
[2026-08-25 11:43:20]   ↳ 已存在，跳過 (Yat-Tung-Heen---Eaton-HK.html)
[2026-08-25 11:43:20]   ↳ 已存在，跳過 (Yat-Tung-Heen---Eaton-HK.html)
[2026-08-25 11:43:20] [52/114] Hair Quest Hair salon Central | https://www.hairquest-hk.com/
[2026-08-25 11:43:20] [52/114] Hair Quest Hair salon Central | https://www.hairquest-hk.com/
[2026-08-25 11:43:20]   ↳ 已存在，跳過 (Hair-Quest-Hair-salon-Central.html)
[2026-08-25 11:43:20]   ↳ 已存在，跳過 (Hair-Quest-Hair-salon-Central.html)
[2026-08-25 11:43:20] [53/114] 天下猫猫一様猫 | https://www.catiscat.com.hk/
[2026-08-25 11:43:20] [53/114] 天下猫猫一様猫 | https://www.catiscat.com.hk/
[2026-08-25 11:43:20]   ↳ 已存在，跳過 (天下猫猫一様猫.html)
[2026-08-25 11:43:20]   ↳ 已存在，跳過 (天下猫猫一様猫.html)
[2026-08-25 11:43:20] [54/114] Bora beauty | https://bora.hk/
[2026-08-25 11:43:20] [54/114] Bora beauty | https://bora.hk/
[2026-08-25 11:43:20]   ↳ 已存在，跳過 (Bora-beauty.html)
[2026-08-25 11:43:20]   ↳ 已存在，跳過 (Bora-beauty.html)
[2026-08-25 11:43:20] [55/114] Dream Scenes Studio | http://dreamscenesstudio.com/
[2026-08-25 11:43:20] [55/114] Dream Scenes Studio | http://dreamscenesstudio.com/
[2026-08-25 11:43:20]   ↳ 已存在，跳過 (Dream-Scenes-Studio.html)
[2026-08-25 11:43:20]   ↳ 已存在，跳過 (Dream-Scenes-Studio.html)
[2026-08-25 11:43:20] [56/114] Dazzling Smile Dental Clinic 瑩 | https://dazzlingsmiledentalclinic.com/
[2026-08-25 11:43:20] [56/114] Dazzling Smile Dental Clinic 瑩 | https://dazzlingsmiledentalclinic.com/
[2026-08-25 11:43:20]   ↳ 已存在，跳過 (Dazzling-Smile-Dental-Clinic-瑩恩牙科診所.html)
[2026-08-25 11:43:20]   ↳ 已存在，跳過 (Dazzling-Smile-Dental-Clinic-瑩恩牙科診所.html)
[2026-08-25 11:43:20] [57/114] Family Smile Limited | http://www.familysmile.hk/
[2026-08-25 11:43:20] [57/114] Family Smile Limited | http://www.familysmile.hk/
[2026-08-25 11:43:20]   ↳ 已存在，跳過 (Family-Smile-Limited.html)
[2026-08-25 11:43:20]   ↳ 已存在，跳過 (Family-Smile-Limited.html)
[2026-08-25 11:43:20] [58/114] INDULGENCE hair & beauty salon | http://www.indulgence.hk/
[2026-08-25 11:43:20] [58/114] INDULGENCE hair & beauty salon | http://www.indulgence.hk/
[2026-08-25 11:43:20]   ↳ 已存在，跳過 (INDULGENCE-hair--beauty-salon.html)
[2026-08-25 11:43:20]   ↳ 已存在，跳過 (INDULGENCE-hair--beauty-salon.html)
[2026-08-25 11:43:20] [59/114] 花店 | 花束專家 | https://www.flowerbouquet.com.hk/
[2026-08-25 11:43:20] [59/114] 花店 | 花束專家 | https://www.flowerbouquet.com.hk/
[2026-08-25 11:43:20]   ↳ 已存在，跳過 (花店-花束專家.html)
[2026-08-25 11:43:20]   ↳ 已存在，跳過 (花店-花束專家.html)
[2026-08-25 11:43:20] [60/114] 網上訂花 ‧ 送花香港 | Fdhk 最高評分即日網上花店 | https://flowerdeliveryhongkong.com/zh
[2026-08-25 11:43:20] [60/114] 網上訂花 ‧ 送花香港 | Fdhk 最高評分即日網上花店 | https://flowerdeliveryhongkong.com/zh
[2026-08-25 11:43:20]   ↳ 已存在，跳過 (網上訂花--送花香港-Fdhk-最高評分即日網上花店.html)
[2026-08-25 11:43:20]   ↳ 已存在，跳過 (網上訂花--送花香港-Fdhk-最高評分即日網上花店.html)
[2026-08-25 11:43:20] [61/114] Rhine Flowers | https://rhineflowers.com/
[2026-08-25 11:43:20] [61/114] Rhine Flowers | https://rhineflowers.com/
[2026-08-25 11:43:20]   ↳ 已存在，跳過 (Rhine-Flowers.html)
[2026-08-25 11:43:20]   ↳ 已存在，跳過 (Rhine-Flowers.html)
[2026-08-25 11:43:20] [62/114] 香港花店｜網上訂花及送花｜Gift Flowers HK | https://giftflowers.com.hk/cn/
[2026-08-25 11:43:20] [62/114] 香港花店｜網上訂花及送花｜Gift Flowers HK | https://giftflowers.com.hk/cn/
[2026-08-25 11:43:20]   ↳ 已存在，跳過 (香港花店網上訂花及送花Gift-Flowers-HK.html)
[2026-08-25 11:43:20]   ↳ 已存在，跳過 (香港花店網上訂花及送花Gift-Flowers-HK.html)
[2026-08-25 11:43:20] [63/114] Flora Floriculture - 花店 | https://www.floraf.com.hk/
[2026-08-25 11:43:20] [63/114] Flora Floriculture - 花店 | https://www.floraf.com.hk/
[2026-08-25 11:43:20]   ↳ 已存在，跳過 (Flora-Floriculture---花店.html)
[2026-08-25 11:43:20]   ↳ 已存在，跳過 (Flora-Floriculture---花店.html)
[2026-08-25 11:43:20] [64/114] 香港花店 | https://www.mrsliuflorist.com/
[2026-08-25 11:43:20] [64/114] 香港花店 | https://www.mrsliuflorist.com/
[2026-08-25 11:43:20]   ↳ 已存在，跳過 (香港花店.html)
[2026-08-25 11:43:20]   ↳ 已存在，跳過 (香港花店.html)
[2026-08-25 11:43:20] [65/114] 網上花店| 網上訂花 | 即日送花 | HKfashop | https://hkfashop.com/
[2026-08-25 11:43:20] [65/114] 網上花店| 網上訂花 | 即日送花 | HKfashop | https://hkfashop.com/
[2026-08-25 11:43:20]   ↳ 已存在，跳過 (網上花店-網上訂花-即日送花-HKfashop.html)
[2026-08-25 11:43:20]   ↳ 已存在，跳過 (網上花店-網上訂花-即日送花-HKfashop.html)
[2026-08-25 11:43:20] [66/114] 【 送花】 ｜訂花｜Flowerbee Florist訂花束 | https://flowerbee-hk.com/zh
[2026-08-25 11:43:20] [66/114] 【 送花】 ｜訂花｜Flowerbee Florist訂花束 | https://flowerbee-hk.com/zh
[2026-08-25 11:43:20]   ↳ 已存在，跳過 (送花-訂花Flowerbee-Florist訂花束---Flowerbee-HK-Florist.html)
[2026-08-25 11:43:20]   ↳ 已存在，跳過 (送花-訂花Flowerbee-Florist訂花束---Flowerbee-HK-Florist.html)
[2026-08-25 11:43:20] [67/114] 花點時間｜香港旺角花墟實體花店：24小時訂花、鮮花花束、開張 | https://www.reflower.com.hk/
[2026-08-25 11:43:20] [67/114] 花點時間｜香港旺角花墟實體花店：24小時訂花、鮮花花束、開張 | https://www.reflower.com.hk/
[2026-08-25 11:43:20]   ↳ 已存在，跳過 (花點時間香港旺角花墟實體花店24小時訂花鮮花花束開張花籃鮮花批發---花點時間-Reflower.html)
[2026-08-25 11:43:20]   ↳ 已存在，跳過 (花點時間香港旺角花墟實體花店24小時訂花鮮花花束開張花籃鮮花批發---花點時間-Reflower.html)
[2026-08-25 11:43:20] [68/114] 香港花店- 首頁花店推薦 - 我們代表和倡導位於香港島、九龍 | https://zh-hk.hk-florist.org/
[2026-08-25 11:43:20] [68/114] 香港花店- 首頁花店推薦 - 我們代表和倡導位於香港島、九龍 | https://zh-hk.hk-florist.org/
[2026-08-25 11:43:20]   ↳ 已存在，跳過 (香港花店--首頁花店推薦---我們代表和倡導位於香港島九龍和新界的花店以及在線花店和鮮花配送公司.html)
[2026-08-25 11:43:20]   ↳ 已存在，跳過 (香港花店--首頁花店推薦---我們代表和倡導位於香港島九龍和新界的花店以及在線花店和鮮花配送公司.html)
[2026-08-25 11:43:20] [69/114] 有花漾 ZH Flowers | https://www.zh-flowers.com/
[2026-08-25 11:43:20] [69/114] 有花漾 ZH Flowers | https://www.zh-flowers.com/
[2026-08-25 11:43:20]   ↳ 已存在，跳過 (有花漾-ZH-Flowers.html)
[2026-08-25 11:43:20]   ↳ 已存在，跳過 (有花漾-ZH-Flowers.html)
[2026-08-25 11:43:20] [70/114] 花店花生花華 | FaSunflower Florist | https://www.fasunflower.com/
[2026-08-25 11:43:20] [70/114] 花店花生花華 | FaSunflower Florist | https://www.fasunflower.com/
[2026-08-25 11:43:20]   ↳ 已存在，跳過 (花店花生花華-FaSunflower-Florist.html)
[2026-08-25 11:43:20]   ↳ 已存在，跳過 (花店花生花華-FaSunflower-Florist.html)
[2026-08-25 11:43:20] [71/114] 格蘭花店 Grand Floral & Gift Shop | https://grand.com.hk/
[2026-08-25 11:43:20] [71/114] 格蘭花店 Grand Floral & Gift Shop | https://grand.com.hk/
[2026-08-25 11:43:20]   ↳ 已存在，跳過 (格蘭花店-Grand-Floral--Gift-Shop.html)
[2026-08-25 11:43:20]   ↳ 已存在，跳過 (格蘭花店-Grand-Floral--Gift-Shop.html)
[2026-08-25 11:43:20] [72/114] WHY Studio - 上環證件相｜學生相｜專業形象照 | https://www.whystudiohk.com/
[2026-08-25 11:43:20] [72/114] WHY Studio - 上環證件相｜學生相｜專業形象照 | https://www.whystudiohk.com/
[2026-08-25 11:43:20]   ↳ 已存在，跳過 (WHY-Studio---上環證件相學生相專業形象照.html)
[2026-08-25 11:43:20]   ↳ 已存在，跳過 (WHY-Studio---上環證件相學生相專業形象照.html)
[2026-08-25 11:43:20] [73/114] Cat Watt 晴珊猫舎 | http://www.catwatt.com/
[2026-08-25 11:43:20] [73/114] Cat Watt 晴珊猫舎 | http://www.catwatt.com/
[2026-08-25 11:43:20]   ↳ 已存在，跳過 (Cat-Watt-晴珊猫舎.html)
[2026-08-25 11:43:20]   ↳ 已存在，跳過 (Cat-Watt-晴珊猫舎.html)
[2026-08-25 11:43:20] [74/114] 牙齒矯正及兒童齒科中心 (旺角朗豪坊) | Orthodon | https://www.ortho-center.com/
[2026-08-25 11:43:20] [74/114] 牙齒矯正及兒童齒科中心 (旺角朗豪坊) | Orthodon | https://www.ortho-center.com/
[2026-08-25 11:43:20]   ↳ 已存在，跳過 (牙齒矯正及兒童齒科中心-旺角朗豪坊-Orthodontic--Childrens-Dental-Center-Langh.html)
[2026-08-25 11:43:20]   ↳ 已存在，跳過 (牙齒矯正及兒童齒科中心-旺角朗豪坊-Orthodontic--Childrens-Dental-Center-Langh.html)
[2026-08-25 11:43:20] [75/114] HALO Flowers | https://haloflowers.com.hk/zh-hant/
[2026-08-25 11:43:20] [75/114] HALO Flowers | https://haloflowers.com.hk/zh-hant/
[2026-08-25 11:43:20]   ↳ 已存在，跳過 (HALO-Flowers.html)
[2026-08-25 11:43:20]   ↳ 已存在，跳過 (HALO-Flowers.html)
[2026-08-25 11:43:20] [76/114] Pettington 柏靈頓獸醫寵物用品 | https://www.pettington.com/
[2026-08-25 11:43:20] [76/114] Pettington 柏靈頓獸醫寵物用品 | https://www.pettington.com/
[2026-08-25 11:43:20]   ↳ 已存在，跳過 (Pettington-柏靈頓獸醫寵物用品.html)
[2026-08-25 11:43:20]   ↳ 已存在，跳過 (Pettington-柏靈頓獸醫寵物用品.html)
[2026-08-25 11:43:20] [77/114] 皓保牙科診所 Craft Smile Dental Cent | https://zh.drchrischeung.com/
[2026-08-25 11:43:20] [77/114] 皓保牙科診所 Craft Smile Dental Cent | https://zh.drchrischeung.com/
[2026-08-25 11:43:20]   ↳ 已存在，跳過 (皓保牙科診所-Craft-Smile-Dental-Center.html)
[2026-08-25 11:43:20]   ↳ 已存在，跳過 (皓保牙科診所-Craft-Smile-Dental-Center.html)
[2026-08-25 11:43:20] [78/114] Toyota Kowloon Bay Service Cen | https://www.toyota.com.hk/?utm_campaign=gmb&utm_medium=organic&utm_source=local
[2026-08-25 11:43:20] [78/114] Toyota Kowloon Bay Service Cen | https://www.toyota.com.hk/?utm_campaign=gmb&utm_medium=organic&utm_source=local
[2026-08-25 11:43:20]   ↳ 已存在，跳過 (Toyota-Kowloon-Bay-Service-Centre-Mechanical.html)
[2026-08-25 11:43:20]   ↳ 已存在，跳過 (Toyota-Kowloon-Bay-Service-Centre-Mechanical.html)
[2026-08-25 11:43:20] [79/114] Anglo Chinese Florist | http://www.anglochinese.com/
[2026-08-25 11:43:20] [79/114] Anglo Chinese Florist | http://www.anglochinese.com/
[2026-08-25 11:43:20]   ↳ 已存在，跳過 (Anglo-Chinese-Florist.html)
[2026-08-25 11:43:20]   ↳ 已存在，跳過 (Anglo-Chinese-Florist.html)
[2026-08-25 11:43:20] [80/114] Photobi HK 韓式 証件相拍摂工作室 - 湾仔店 | https://photobi.hk/
[2026-08-25 11:43:20] [80/114] Photobi HK 韓式 証件相拍摂工作室 - 湾仔店 | https://photobi.hk/
[2026-08-25 11:43:20]   ↳ 已存在，跳過 (Photobi-HK-韓式-証件相拍摂工作室---湾仔店.html)
[2026-08-25 11:43:20]   ↳ 已存在，跳過 (Photobi-HK-韓式-証件相拍摂工作室---湾仔店.html)
[2026-08-25 11:43:20] [81/114] Advance Pet Food | http://advancepetfood.com/
[2026-08-25 11:43:20] [81/114] Advance Pet Food | http://advancepetfood.com/
[2026-08-25 11:43:20]   ↳ 已存在，跳過 (Advance-Pet-Food.html)
[2026-08-25 11:43:20]   ↳ 已存在，跳過 (Advance-Pet-Food.html)
[2026-08-25 11:43:20] [82/114] Anna Maria Studio | http://annamstudio.com/
[2026-08-25 11:43:20] [82/114] Anna Maria Studio | http://annamstudio.com/
[2026-08-25 11:43:20]   ↳ 已存在，跳過 (Anna-Maria-Studio.html)
[2026-08-25 11:43:20]   ↳ 已存在，跳過 (Anna-Maria-Studio.html)
[2026-08-25 11:43:20] [83/114] 1984 HAIR SALON | https://1984hairsalon.wixsite.com/1984-hairsalon
[2026-08-25 11:43:20] [83/114] 1984 HAIR SALON | https://1984hairsalon.wixsite.com/1984-hairsalon
[2026-08-25 11:43:20]   ↳ 已存在，跳過 (1984-HAIR-SALON.html)
[2026-08-25 11:43:20]   ↳ 已存在，跳過 (1984-HAIR-SALON.html)
[2026-08-25 11:43:20] [84/114] Bulls PPF 専門店 | https://www.ppf.com.hk/
[2026-08-25 11:43:20] [84/114] Bulls PPF 専門店 | https://www.ppf.com.hk/
[2026-08-25 11:43:20]   ↳ 已存在，跳過 (Bulls-PPF-専門店.html)
[2026-08-25 11:43:20]   ↳ 已存在，跳過 (Bulls-PPF-専門店.html)
[2026-08-25 11:43:20] [85/114] LEEKAJA X AMONG Hair Salon Cen | https://www.leekaja.hk/
[2026-08-25 11:43:20] [85/114] LEEKAJA X AMONG Hair Salon Cen | https://www.leekaja.hk/
[2026-08-25 11:43:20]   ↳ 已存在，跳過 (LEEKAJA-X-AMONG-Hair-Salon-Century-Square-in-Hongkong-한국-미용실.html)
[2026-08-25 11:43:20]   ↳ 已存在，跳過 (LEEKAJA-X-AMONG-Hair-Salon-Century-Square-in-Hongkong-한국-미용실.html)
[2026-08-25 11:43:20] [86/114] MEGAPET (Kowloon City Shop) | http://www.megapet.com.hk/
[2026-08-25 11:43:20] [86/114] MEGAPET (Kowloon City Shop) | http://www.megapet.com.hk/
[2026-08-25 11:43:20]   ↳ 已存在，跳過 (MEGAPET-Kowloon-City-Shop.html)
[2026-08-25 11:43:20]   ↳ 已存在，跳過 (MEGAPET-Kowloon-City-Shop.html)
[2026-08-25 11:43:20] [87/114] 仁健牙科 Nixon Dental (太子牙醫/旺角牙醫/洗 | http://www.nixondental.com/
[2026-08-25 11:43:20] [87/114] 仁健牙科 Nixon Dental (太子牙醫/旺角牙醫/洗 | http://www.nixondental.com/
[2026-08-25 11:43:20]   ↳ 已存在，跳過 (仁健牙科-Nixon-Dental-太子牙醫-旺角牙醫-洗牙-補牙-種牙-植牙-杜牙根-智慧齒-箍牙-Invisalig.html)
[2026-08-25 11:43:20]   ↳ 已存在，跳過 (仁健牙科-Nixon-Dental-太子牙醫-旺角牙醫-洗牙-補牙-種牙-植牙-杜牙根-智慧齒-箍牙-Invisalig.html)
[2026-08-25 11:43:20] [88/114] 香港車房及汽車維修 | CarService.hk | https://www.carservice.hk/zh-hk
[2026-08-25 11:43:20] [88/114] 香港車房及汽車維修 | CarService.hk | https://www.carservice.hk/zh-hk
[2026-08-25 11:43:20]   ↳ 已存在，跳過 (香港車房及汽車維修-CarService.hk.html)
[2026-08-25 11:43:20]   ↳ 已存在，跳過 (香港車房及汽車維修-CarService.hk.html)
[2026-08-25 11:43:20] [89/114] 24小時 上門汽車維修保養服務 | https://garage-hk.com/onsite.php
[2026-08-25 11:43:20] [89/114] 24小時 上門汽車維修保養服務 | https://garage-hk.com/onsite.php
[2026-08-25 11:43:20]   ↳ 已存在，跳過 (24小時-上門汽車維修保養服務.html)
[2026-08-25 11:43:20]   ↳ 已存在，跳過 (24小時-上門汽車維修保養服務.html)
[2026-08-25 11:43:20] [90/114] 保養及維修服務 - Dchmsc | https://www.dchmsc.com/zh/maintenance-repair
[2026-08-25 11:43:20] [90/114] 保養及維修服務 - Dchmsc | https://www.dchmsc.com/zh/maintenance-repair
[2026-08-25 11:43:20]   ↳ 已存在，跳過 (保養及維修服務---Dchmsc.html)
[2026-08-25 11:43:20]   ↳ 已存在，跳過 (保養及維修服務---Dchmsc.html)
[2026-08-25 11:43:20] [91/114] Carro Care | https://carro.co/hk/zh-hant-hk/carro-care
[2026-08-25 11:43:20] [91/114] Carro Care | https://carro.co/hk/zh-hant-hk/carro-care
[2026-08-25 11:43:20]   ↳ 已存在，跳過 (Carro-Care.html)
[2026-08-25 11:43:20]   ↳ 已存在，跳過 (Carro-Care.html)
[2026-08-25 11:43:20] [92/114] 車師傅 - 全港認證車師傅總匯 | https://www.mastercar.hk/
[2026-08-25 11:43:20] [92/114] 車師傅 - 全港認證車師傅總匯 | https://www.mastercar.hk/
[2026-08-25 11:43:20]   ↳ 已存在，跳過 (車師傅---全港認證車師傅總匯.html)
[2026-08-25 11:43:20]   ↳ 已存在，跳過 (車師傅---全港認證車師傅總匯.html)
[2026-08-25 11:43:20] [93/114] 堅記車房平台 | https://www.kinkeecar.com/
[2026-08-25 11:43:20] [93/114] 堅記車房平台 | https://www.kinkeecar.com/
[2026-08-25 11:43:20]   ↳ 已存在，跳過 (堅記車房平台.html)
[2026-08-25 11:43:20]   ↳ 已存在，跳過 (堅記車房平台.html)
[2026-08-25 11:43:20] [94/114] 汽車保養及汽車維修 | CarService.hk | https://www.carservice.hk/zh-hk/services/car-servicing
[2026-08-25 11:43:20] [94/114] 汽車保養及汽車維修 | CarService.hk | https://www.carservice.hk/zh-hk/services/car-servicing
[2026-08-25 11:43:20]   ↳ 已存在，跳過 (汽車保養及汽車維修-CarService.hk.html)
[2026-08-25 11:43:20]   ↳ 已存在，跳過 (汽車保養及汽車維修-CarService.hk.html)
[2026-08-25 11:43:20] [95/114] 汽車維修 - Anyone | https://www.anyonehk.com/%E6%B1%BD%E8%BB%8A%E7%B6%AD%E4%BF%AE/
[2026-08-25 11:43:20] [95/114] 汽車維修 - Anyone | https://www.anyonehk.com/%E6%B1%BD%E8%BB%8A%E7%B6%AD%E4%BF%AE/
[2026-08-25 11:43:20]   ↳ 已存在，跳過 (汽車維修---Anyone.html)
[2026-08-25 11:43:20]   ↳ 已存在，跳過 (汽車維修---Anyone.html)
[2026-08-25 11:43:20] [96/114] 香港汽車維修公司名錄 - 新成立/注册及已更改名称的公司名单 | https://hkg.databasesets.com/zh-hant/gongsimingdan/type/Motor_Service
[2026-08-25 11:43:20] [96/114] 香港汽車維修公司名錄 - 新成立/注册及已更改名称的公司名单 | https://hkg.databasesets.com/zh-hant/gongsimingdan/type/Motor_Service
[2026-08-25 11:43:20]   ↳ 已存在，跳過 (香港汽車維修公司名錄---新成立-注册及已更改名称的公司名单.html)
[2026-08-25 11:43:20]   ↳ 已存在，跳過 (香港汽車維修公司名錄---新成立-注册及已更改名称的公司名单.html)
[2026-08-25 11:43:20] [97/114] 汽車服務公司 - Driver.com.hk | https://www.driver.com.hk/service
[2026-08-25 11:43:20] [97/114] 汽車服務公司 - Driver.com.hk | https://www.driver.com.hk/service
[2026-08-25 11:43:20]   ↳ 已存在，跳過 (汽車服務公司---Driver.com.hk.html)
[2026-08-25 11:43:20]   ↳ 已存在，跳過 (汽車服務公司---Driver.com.hk.html)
[2026-08-25 11:43:20] [98/114] 最佳香港花店推介 送花訂花好去處/網上買花 | https://www.timeout.com.hk/hong-kong/hk/%E8%B3%BC%E7%89%A9/%E6%9C%80%E4%BD%B3%E9%A6%99%E6%B8%AF%E8%8A%B1%E5%BA%97%E6%8E%A8%E4%BB%8B-%E9%80%81%E8%8A%B1%E8%A8%82%E8%8A%B1%E5%A5%BD%E5%8E%BB%E8%99%95-%E7%B6%B2%E4%B8%8A%E8%B2%B7%E8%8A%B1
[2026-08-25 11:43:20] [98/114] 最佳香港花店推介 送花訂花好去處/網上買花 | https://www.timeout.com.hk/hong-kong/hk/%E8%B3%BC%E7%89%A9/%E6%9C%80%E4%BD%B3%E9%A6%99%E6%B8%AF%E8%8A%B1%E5%BA%97%E6%8E%A8%E4%BB%8B-%E9%80%81%E8%8A%B1%E8%A8%82%E8%8A%B1%E5%A5%BD%E5%8E%BB%E8%99%95-%E7%B6%B2%E4%B8%8A%E8%B2%B7%E8%8A%B1
[2026-08-25 11:43:20]   ↳ 已存在，跳過 (最佳香港花店推介-送花訂花好去處-網上買花.html)
[2026-08-25 11:43:20]   ↳ 已存在，跳過 (最佳香港花店推介-送花訂花好去處-網上買花.html)
[2026-08-25 11:43:20] [99/114] HK Florist Directory | https://zh-hk.hk-florist.org/hk-florist-directory/
[2026-08-25 11:43:20] [99/114] HK Florist Directory | https://zh-hk.hk-florist.org/hk-florist-directory/
[2026-08-25 11:43:20]   ↳ 已存在，跳過 (HK-Florist-Directory.html)
[2026-08-25 11:43:20]   ↳ 已存在，跳過 (HK-Florist-Directory.html)
[2026-08-25 11:43:20] [100/114] 主頁 | https://shunkeeflowers.com.hk/
[2026-08-25 11:43:20] [100/114] 主頁 | https://shunkeeflowers.com.hk/
[2026-08-25 11:43:20]   ↳ 已存在，跳過 (主頁.html)
[2026-08-25 11:43:20]   ↳ 已存在，跳過 (主頁.html)
[2026-08-25 11:43:20] [101/114] Kushiro | http://www.kushiro.com.hk/
[2026-08-25 11:43:20] [101/114] Kushiro | http://www.kushiro.com.hk/
[2026-08-25 11:43:20]   ↳ 已存在，跳過 (Kushiro.html)
[2026-08-25 11:43:20]   ↳ 已存在，跳過 (Kushiro.html)
[2026-08-25 11:43:20] [102/114] PETNAR LIVING 裝修工程 室內設計 傢俬訂製 | https://petnar-living.com/interior-design/
[2026-08-25 11:43:20] [102/114] PETNAR LIVING 裝修工程 室內設計 傢俬訂製 | https://petnar-living.com/interior-design/
[2026-08-25 11:43:20]   ↳ 已存在，跳過 (PETNAR-LIVING-裝修工程-室內設計-傢俬訂製.html)
[2026-08-25 11:43:20]   ↳ 已存在，跳過 (PETNAR-LIVING-裝修工程-室內設計-傢俬訂製.html)
[2026-08-25 11:43:20] [103/114] 太子中学補習社 - 立方教育 | https://www.ilearndse.com/
[2026-08-25 11:43:20] [103/114] 太子中学補習社 - 立方教育 | https://www.ilearndse.com/
[2026-08-25 11:43:20]   ↳ 已存在，跳過 (太子中学補習社---立方教育.html)
[2026-08-25 11:43:20]   ↳ 已存在，跳過 (太子中学補習社---立方教育.html)
[2026-08-25 11:43:20] [104/114] Speedycat Photo Studio | https://www.speedycat.com.hk/
[2026-08-25 11:43:20] [104/114] Speedycat Photo Studio | https://www.speedycat.com.hk/
[2026-08-25 11:43:20]   ↳ 已存在，跳過 (Speedycat-Photo-Studio.html)
[2026-08-25 11:43:20]   ↳ 已存在，跳過 (Speedycat-Photo-Studio.html)
[2026-08-25 11:43:20] [105/114] 進研教育 - 英文中文數學補習社 (北角分校) | https://www.joinin-education.com/
[2026-08-25 11:43:20] [105/114] 進研教育 - 英文中文數學補習社 (北角分校) | https://www.joinin-education.com/
[2026-08-25 11:43:20]   ↳ 已存在，跳過 (進研教育---英文中文數學補習社-北角分校.html)
[2026-08-25 11:43:20]   ↳ 已存在，跳過 (進研教育---英文中文數學補習社-北角分校.html)
[2026-08-25 11:43:20] [106/114] 聚萌 | https://www.dogatherhk.com/
[2026-08-25 11:43:20] [106/114] 聚萌 | https://www.dogatherhk.com/
[2026-08-25 11:43:20]   ↳ 已存在，跳過 (聚萌.html)
[2026-08-25 11:43:20]   ↳ 已存在，跳過 (聚萌.html)
[2026-08-25 11:43:20] [107/114] The Factory Hair剪髮染髮電髮專門店 | http://haircuthk.com/
[2026-08-25 11:43:20] [107/114] The Factory Hair剪髮染髮電髮專門店 | http://haircuthk.com/
[2026-08-25 11:43:20]   ↳ 已存在，跳過 (The-Factory-Hair剪髮染髮電髮專門店.html)
[2026-08-25 11:43:20]   ↳ 已存在，跳過 (The-Factory-Hair剪髮染髮電髮專門店.html)
[2026-08-25 11:43:20] [108/114] EcHouse 装修配対平台 | 装修報価 | 室内設計 | | https://www.echouse.com.hk/
[2026-08-25 11:43:20] [108/114] EcHouse 装修配対平台 | 装修報価 | 室内設計 | | https://www.echouse.com.hk/
[2026-08-25 11:43:20]   ↳ 已存在，跳過 (EcHouse-装修配対平台-装修報価-室内設計-装修設計.html)
[2026-08-25 11:43:20]   ↳ 已存在，跳過 (EcHouse-装修配対平台-装修報価-室内設計-装修設計.html)
[2026-08-25 11:43:20] [109/114] Element Dental Centre 弘悅牙科 | https://www.elementdentalhk.com/
[2026-08-25 11:43:20] [109/114] Element Dental Centre 弘悅牙科 | https://www.elementdentalhk.com/
[2026-08-25 11:43:20]   ↳ 已存在，跳過 (Element-Dental-Centre-弘悅牙科.html)
[2026-08-25 11:43:20]   ↳ 已存在，跳過 (Element-Dental-Centre-弘悅牙科.html)
[2026-08-25 11:43:20] [110/114] 皆一空間 室内設計 装修工程 | http://arone-space.com/
[2026-08-25 11:43:20] [110/114] 皆一空間 室内設計 装修工程 | http://arone-space.com/
[2026-08-25 11:43:20]   ↳ 已存在，跳過 (皆一空間-室内設計-装修工程.html)
[2026-08-25 11:43:20]   ↳ 已存在，跳過 (皆一空間-室内設計-装修工程.html)
[2026-08-25 11:43:20] [111/114] The Vault Fitness | http://thevault-fitness.com/
[2026-08-25 11:43:20] [111/114] The Vault Fitness | http://thevault-fitness.com/
[2026-08-25 11:43:20]   ↳ 已存在，跳過 (The-Vault-Fitness.html)
[2026-08-25 11:43:20]   ↳ 已存在，跳過 (The-Vault-Fitness.html)
[2026-08-25 11:43:20] [112/114] 電髮 染髮 焗油 GH Haircut Salon | https://haircuthk.com/%E4%B8%AD%E7%92%B0%E6%9F%93%E9%AB%AE/
[2026-08-25 11:43:20] [112/114] 電髮 染髮 焗油 GH Haircut Salon | https://haircuthk.com/%E4%B8%AD%E7%92%B0%E6%9F%93%E9%AB%AE/
[2026-08-25 11:43:20]   ↳ 已存在，跳過 (電髮-染髮-焗油-GH-Haircut-Salon.html)
[2026-08-25 11:43:20]   ↳ 已存在，跳過 (電髮-染髮-焗油-GH-Haircut-Salon.html)
[2026-08-25 11:43:20] [113/114] METEOR HK 摂影器材精品店 | http://www.meteor.com.hk/
[2026-08-25 11:43:20] [113/114] METEOR HK 摂影器材精品店 | http://www.meteor.com.hk/
[2026-08-25 11:43:20]   ↳ 已存在，跳過 (METEOR-HK-摂影器材精品店.html)
[2026-08-25 11:43:20]   ↳ 已存在，跳過 (METEOR-HK-摂影器材精品店.html)
[2026-08-25 11:43:20] [114/114] Goood Car Wrap | https://gooodcarwrap.wixsite.com/goood-car-wrap
[2026-08-25 11:43:20] [114/114] Goood Car Wrap | https://gooodcarwrap.wixsite.com/goood-car-wrap
[2026-08-25 11:43:21]   ✓ 已儲存 Goood-Car-Wrap.html (520KB, requests 530182B)
[2026-08-25 11:43:21]   ✓ 已儲存 Goood-Car-Wrap.html (520KB, requests 530182B)
[2026-08-25 11:43:21] == 完成 ==
[2026-08-25 11:43:21] == 完成 ==
[2026-08-25 11:43:21] 成功 114 個，失敗 0 個
[2026-08-25 11:43:21] 成功 114 個，失敗 0 個

── 失敗清單 ──
[2026-08-25 11:43:21] == 開始為 0 間「沒網站但有聯絡」的商家建立一頁式網頁 → /home/ubuntu/.mok/html/project/MokCs ==
[2026-08-25 11:43:21] == 開始為 0 間「沒網站但有聯絡」的商家建立一頁式網頁 → /home/ubuntu/.mok/html/project/MokCs ==
[2026-08-25 11:43:21] == 一頁式網頁完成：0/0 ==
[2026-08-25 11:43:21] == 一頁式網頁完成：0/0 ==
[2026-08-25 12:13:30]   過濾：115 間 → 保留 115 間有 WhatsApp/Email 的商家
[2026-08-25 12:13:30]   過濾：115 間 → 保留 115 間有 WhatsApp/Email 的商家
[2026-08-25 12:13:30] == 開始克隆 115 個商家首頁 → /home/ubuntu/.mok/html/project/MokCs ==
[2026-08-25 12:13:30] == 開始克隆 115 個商家首頁 → /home/ubuntu/.mok/html/project/MokCs ==
[2026-08-25 12:13:30] [1/115] Hutong | https://hutong.com.hk/
[2026-08-25 12:13:30] [1/115] Hutong | https://hutong.com.hk/
[2026-08-25 12:13:30]   ↳ 已存在，跳過 (Hutong.html)
[2026-08-25 12:13:30]   ↳ 已存在，跳過 (Hutong.html)
[2026-08-25 12:13:30] [2/115] The Chairman Restaurant | https://www.thechairmangroup.com/
[2026-08-25 12:13:30] [2/115] The Chairman Restaurant | https://www.thechairmangroup.com/
[2026-08-25 12:13:30]   ↳ 已存在，跳過 (The-Chairman-Restaurant.html)
[2026-08-25 12:13:30]   ↳ 已存在，跳過 (The-Chairman-Restaurant.html)
[2026-08-25 12:13:30] [3/115] 南蛮亭香港店 | http://nanbantei.com.hk/
[2026-08-25 12:13:30] [3/115] 南蛮亭香港店 | http://nanbantei.com.hk/
[2026-08-25 12:13:30]   ↳ 已存在，跳過 (南蛮亭香港店.html)
[2026-08-25 12:13:30]   ↳ 已存在，跳過 (南蛮亭香港店.html)
[2026-08-25 12:13:30] [4/115] 添好運點心專賣店 | https://www.timhowan.com.hk/
[2026-08-25 12:13:30] [4/115] 添好運點心專賣店 | https://www.timhowan.com.hk/
[2026-08-25 12:13:30]   ↳ 已存在，跳過 (添好運點心專賣店.html)
[2026-08-25 12:13:30]   ↳ 已存在，跳過 (添好運點心專賣店.html)
[2026-08-25 12:13:30] [5/115] La Petite Maison (LPM) Hong Ko | https://lpmrestaurants.com/hongkong/
[2026-08-25 12:13:30] [5/115] La Petite Maison (LPM) Hong Ko | https://lpmrestaurants.com/hongkong/
[2026-08-25 12:13:30]   ↳ 已存在，跳過 (La-Petite-Maison-LPM-Hong-Kong.html)
[2026-08-25 12:13:30]   ↳ 已存在，跳過 (La-Petite-Maison-LPM-Hong-Kong.html)
[2026-08-25 12:13:30] [6/115] Glow Hong Kong | https://www.glowspa.hk/
[2026-08-25 12:13:30] [6/115] Glow Hong Kong | https://www.glowspa.hk/
[2026-08-25 12:13:30]   ↳ 已存在，跳過 (Glow-Hong-Kong.html)
[2026-08-25 12:13:30]   ↳ 已存在，跳過 (Glow-Hong-Kong.html)
[2026-08-25 12:13:30] [7/115] Mó The Slow Bloom | https://www.mo-hk.com/
[2026-08-25 12:13:30] [7/115] Mó The Slow Bloom | https://www.mo-hk.com/
[2026-08-25 12:13:30]   ↳ 已存在，跳過 (Mó-The-Slow-Bloom.html)
[2026-08-25 12:13:30]   ↳ 已存在，跳過 (Mó-The-Slow-Bloom.html)
[2026-08-25 12:13:30] [8/115] Lux Medical 医繊美 | https://www.luxbeauty.hk/
[2026-08-25 12:13:30] [8/115] Lux Medical 医繊美 | https://www.luxbeauty.hk/
[2026-08-25 12:13:30]   ↳ 已存在，跳過 (Lux-Medical-医繊美.html)
[2026-08-25 12:13:30]   ↳ 已存在，跳過 (Lux-Medical-医繊美.html)
[2026-08-25 12:13:30] [9/115] 114HAIR | http://www.114hair.com/
[2026-08-25 12:13:30] [9/115] 114HAIR | http://www.114hair.com/
[2026-08-25 12:13:30]   ↳ 已存在，跳過 (114HAIR.html)
[2026-08-25 12:13:30]   ↳ 已存在，跳過 (114HAIR.html)
[2026-08-25 12:13:30] [10/115] Love Hair | http://www.lovehairhk.com/
[2026-08-25 12:13:30] [10/115] Love Hair | http://www.lovehairhk.com/
[2026-08-25 12:13:30]   ↳ 已存在，跳過 (Love-Hair.html)
[2026-08-25 12:13:30]   ↳ 已存在，跳過 (Love-Hair.html)
[2026-08-25 12:13:30] [11/115] TONI&GUY HK | http://www.toniandguyhk.com/
[2026-08-25 12:13:30] [11/115] TONI&GUY HK | http://www.toniandguyhk.com/
[2026-08-25 12:13:30]   ↳ 已存在，跳過 (TONIGUY-HK.html)
[2026-08-25 12:13:30]   ↳ 已存在，跳過 (TONIGUY-HK.html)
[2026-08-25 12:13:30] [12/115] iMPROVE HAiR-尖沙咀salon 尖沙咀剪髮 尖沙 | http://www.ihair.com.hk/
[2026-08-25 12:13:30] [12/115] iMPROVE HAiR-尖沙咀salon 尖沙咀剪髮 尖沙 | http://www.ihair.com.hk/
[2026-08-25 12:13:30]   ↳ 已存在，跳過 (iMPROVE-HAiR-尖沙咀salon-尖沙咀剪髮-尖沙咀髮廊-尖沙咀中藥染髮-尖沙咀假髮-尖沙咀頭皮護理.html)
[2026-08-25 12:13:30]   ↳ 已存在，跳過 (iMPROVE-HAiR-尖沙咀salon-尖沙咀剪髮-尖沙咀髮廊-尖沙咀中藥染髮-尖沙咀假髮-尖沙咀頭皮護理.html)
[2026-08-25 12:13:30] [13/115] 金澱装修工程有限公司 | https://www.palaceengineeringltd.com/
[2026-08-25 12:13:30] [13/115] 金澱装修工程有限公司 | https://www.palaceengineeringltd.com/
[2026-08-25 12:13:30]   ↳ 已存在，跳過 (金澱装修工程有限公司.html)
[2026-08-25 12:13:30]   ↳ 已存在，跳過 (金澱装修工程有限公司.html)
[2026-08-25 12:13:30] [14/115] 鋒主義 - 室內設計公司 | 室內裝修工程 | 工期 報價  | https://www.fungstyle.com.hk/
[2026-08-25 12:13:30] [14/115] 鋒主義 - 室內設計公司 | 室內裝修工程 | 工期 報價  | https://www.fungstyle.com.hk/
[2026-08-25 12:13:30]   ↳ 已存在，跳過 (鋒主義---室內設計公司-室內裝修工程-工期-報價-服務-三大保證.html)
[2026-08-25 12:13:30]   ↳ 已存在，跳過 (鋒主義---室內設計公司-室內裝修工程-工期-報價-服務-三大保證.html)
[2026-08-25 12:13:30] [15/115] 装修兄弟 | http://www.renobro.com.hk/
[2026-08-25 12:13:30] [15/115] 装修兄弟 | http://www.renobro.com.hk/
[2026-08-25 12:13:30]   ↳ 已存在，跳過 (装修兄弟.html)
[2026-08-25 12:13:30]   ↳ 已存在，跳過 (装修兄弟.html)
[2026-08-25 12:13:30] [16/115] 居屋皇 House king | 香港室内設計及装修公司 | http://housekinghk.com/
[2026-08-25 12:13:30] [16/115] 居屋皇 House king | 香港室内設計及装修公司 | http://housekinghk.com/
[2026-08-25 12:13:30]   ↳ 已存在，跳過 (居屋皇-House-king-香港室内設計及装修公司.html)
[2026-08-25 12:13:30]   ↳ 已存在，跳過 (居屋皇-House-king-香港室内設計及装修公司.html)
[2026-08-25 12:13:30] [17/115] Toby 裝修設計平台｜免費裝修報價｜香港裝修公司及室內設計 | https://www.hellotoby.com/zh-hk/id
[2026-08-25 12:13:30] [17/115] Toby 裝修設計平台｜免費裝修報價｜香港裝修公司及室內設計 | https://www.hellotoby.com/zh-hk/id
[2026-08-25 12:13:30]   ↳ 已存在，跳過 (Toby-裝修設計平台免費裝修報價香港裝修公司及室內設計公司.html)
[2026-08-25 12:13:30]   ↳ 已存在，跳過 (Toby-裝修設計平台免費裝修報價香港裝修公司及室內設計公司.html)
[2026-08-25 12:13:30] [18/115] PET HK - Mid Levels Edition | http://pethk.com/
[2026-08-25 12:13:30] [18/115] PET HK - Mid Levels Edition | http://pethk.com/
[2026-08-25 12:13:30]   ↳ 已存在，跳過 (PET-HK---Mid-Levels-Edition.html)
[2026-08-25 12:13:30]   ↳ 已存在，跳過 (PET-HK---Mid-Levels-Edition.html)
[2026-08-25 12:13:30] [19/115] Ruff & Fetch 拉夫寵物生活 (佐敦 Jordan | http://www.ruffandfetch.com/
[2026-08-25 12:13:30] [19/115] Ruff & Fetch 拉夫寵物生活 (佐敦 Jordan | http://www.ruffandfetch.com/
[2026-08-25 12:13:30]   ↳ 已存在，跳過 (Ruff--Fetch-拉夫寵物生活-佐敦-Jordan.html)
[2026-08-25 12:13:30]   ↳ 已存在，跳過 (Ruff--Fetch-拉夫寵物生活-佐敦-Jordan.html)
[2026-08-25 12:13:30] [20/115] HKTA香港導師会 | https://www.hkta.edu.hk/
[2026-08-25 12:13:30] [20/115] HKTA香港導師会 | https://www.hkta.edu.hk/
[2026-08-25 12:13:30]   ↳ 已存在，跳過 (HKTA香港導師会.html)
[2026-08-25 12:13:30]   ↳ 已存在，跳過 (HKTA香港導師会.html)
[2026-08-25 12:13:30] [21/115] 騎士数学 Knight Mathematics - Band | https://knightmaths.edu.hk/
[2026-08-25 12:13:30] [21/115] 騎士数学 Knight Mathematics - Band | https://knightmaths.edu.hk/
[2026-08-25 12:13:30]   ↳ 已存在，跳過 (騎士数学-Knight-Mathematics---Band-1-DSE-数学補習社.html)
[2026-08-25 12:13:30]   ↳ 已存在，跳過 (騎士数学-Knight-Mathematics---Band-1-DSE-数学補習社.html)
[2026-08-25 12:13:30] [22/115] 香港文化教育中心 | https://docs.google.com/forms/d/e/1FAIpQLSdjgsQlR4w8ZgKgE9RgAUPsPwrZzAZpo5SCULDDOgygEdeDnQ/viewform
[2026-08-25 12:13:30] [22/115] 香港文化教育中心 | https://docs.google.com/forms/d/e/1FAIpQLSdjgsQlR4w8ZgKgE9RgAUPsPwrZzAZpo5SCULDDOgygEdeDnQ/viewform
[2026-08-25 12:13:30]   ↳ 已存在，跳過 (香港文化教育中心.html)
[2026-08-25 12:13:30]   ↳ 已存在，跳過 (香港文化教育中心.html)
[2026-08-25 12:13:30] [23/115] GETUTOR 香港導師総会｜上門補習中介平台｜私補導師推介 | https://www.getutor.com.hk/
[2026-08-25 12:13:30] [23/115] GETUTOR 香港導師総会｜上門補習中介平台｜私補導師推介 | https://www.getutor.com.hk/
[2026-08-25 12:13:30]   ↳ 已存在，跳過 (GETUTOR-香港導師総会上門補習中介平台私補導師推介Private-Tutors-AgencyIB-IGCSE-A.html)
[2026-08-25 12:13:30]   ↳ 已存在，跳過 (GETUTOR-香港導師総会上門補習中介平台私補導師推介Private-Tutors-AgencyIB-IGCSE-A.html)
[2026-08-25 12:13:30] [24/115] 英博教学中心 - 数学中文英文補習 - 中小学補習社 | https://eplc.edu.hk/
[2026-08-25 12:13:30] [24/115] 英博教学中心 - 数学中文英文補習 - 中小学補習社 | https://eplc.edu.hk/
[2026-08-25 12:13:30]   ↳ 已存在，跳過 (英博教学中心---数学中文英文補習---中小学補習社.html)
[2026-08-25 12:13:30]   ↳ 已存在，跳過 (英博教学中心---数学中文英文補習---中小学補習社.html)
[2026-08-25 12:13:30] [25/115] 進研教育 - 英文中文数学補習社 | https://joinin-education.com/
[2026-08-25 12:13:30] [25/115] 進研教育 - 英文中文数学補習社 | https://joinin-education.com/
[2026-08-25 12:13:30]   ↳ 已存在，跳過 (進研教育---英文中文数学補習社.html)
[2026-08-25 12:13:30]   ↳ 已存在，跳過 (進研教育---英文中文数学補習社.html)
[2026-08-25 12:13:30] [26/115] 學斯教育(灣仔) | http://hoksi-edu.com/
[2026-08-25 12:13:30] [26/115] 學斯教育(灣仔) | http://hoksi-edu.com/
[2026-08-25 12:13:30]   ↳ 已存在，跳過 (學斯教育灣仔.html)
[2026-08-25 12:13:30]   ↳ 已存在，跳過 (學斯教育灣仔.html)
[2026-08-25 12:13:30] [27/115] 補習社｜学博教育 Learn Smart Education | https://learnsmart.edu.hk/
[2026-08-25 12:13:30] [27/115] 補習社｜学博教育 Learn Smart Education | https://learnsmart.edu.hk/
[2026-08-25 12:13:30]   ↳ 已存在，跳過 (補習社学博教育-Learn-Smart-Education.html)
[2026-08-25 12:13:30]   ↳ 已存在，跳過 (補習社学博教育-Learn-Smart-Education.html)
[2026-08-25 12:13:30] [28/115] 24/7 Fitness Central | http://247.fitness/
[2026-08-25 12:13:30] [28/115] 24/7 Fitness Central | http://247.fitness/
[2026-08-25 12:13:30]   ↳ 已存在，跳過 (24-7-Fitness-Central.html)
[2026-08-25 12:13:30]   ↳ 已存在，跳過 (24-7-Fitness-Central.html)
[2026-08-25 12:13:30] [29/115] 啓弘牙科（旺角店）丨九龍/旺角牙医/智慧歯/箍牙/隠式美/全 | https://omnesdental.com/
[2026-08-25 12:13:30] [29/115] 啓弘牙科（旺角店）丨九龍/旺角牙医/智慧歯/箍牙/隠式美/全 | https://omnesdental.com/
[2026-08-25 12:13:30]   ↳ 已存在，跳過 (啓弘牙科旺角店丨九龍-旺角牙医-智慧歯-箍牙-隠式美-全方位牙科服務-専業治療牙痛-種植牙-補牙-剥牙-洗牙.html)
[2026-08-25 12:13:30]   ↳ 已存在，跳過 (啓弘牙科旺角店丨九龍-旺角牙医-智慧歯-箍牙-隠式美-全方位牙科服務-専業治療牙痛-種植牙-補牙-剥牙-洗牙.html)
[2026-08-25 12:13:30] [30/115] Smith & Jain Dentists 史密夫和鄭牙醫診 | https://smithandjaindentists.com/
[2026-08-25 12:13:30] [30/115] Smith & Jain Dentists 史密夫和鄭牙醫診 | https://smithandjaindentists.com/
[2026-08-25 12:13:30]   ↳ 已存在，跳過 (Smith--Jain-Dentists-史密夫和鄭牙醫診所.html)
[2026-08-25 12:13:30]   ↳ 已存在，跳過 (Smith--Jain-Dentists-史密夫和鄭牙醫診所.html)
[2026-08-25 12:13:30] [31/115] Home Dental (Tsim Sha Tsui Bra | https://homedentalhk.com/cn/contact-us/tst
[2026-08-25 12:13:30] [31/115] Home Dental (Tsim Sha Tsui Bra | https://homedentalhk.com/cn/contact-us/tst
[2026-08-25 12:13:30]   ↳ 已存在，跳過 (Home-Dental-Tsim-Sha-Tsui-Branch.html)
[2026-08-25 12:13:30]   ↳ 已存在，跳過 (Home-Dental-Tsim-Sha-Tsui-Branch.html)
[2026-08-25 12:13:30] [32/115] 伍裕彤牙医 | https://trucaredental.hk/
[2026-08-25 12:13:30] [32/115] 伍裕彤牙医 | https://trucaredental.hk/
[2026-08-25 12:13:30]   ↳ 已存在，跳過 (伍裕彤牙医.html)
[2026-08-25 12:13:30]   ↳ 已存在，跳過 (伍裕彤牙医.html)
[2026-08-25 12:13:30] [33/115] Home Dental | https://homedentalhk.com/cn/contact-us/cwb
[2026-08-25 12:13:30] [33/115] Home Dental | https://homedentalhk.com/cn/contact-us/cwb
[2026-08-25 12:13:30]   ↳ 已存在，跳過 (Home-Dental.html)
[2026-08-25 12:13:30]   ↳ 已存在，跳過 (Home-Dental.html)
[2026-08-25 12:13:30] [34/115] T.O.P Dental by Family Smile L | http://www.topdental.hk/
[2026-08-25 12:13:30] [34/115] T.O.P Dental by Family Smile L | http://www.topdental.hk/
[2026-08-25 12:13:30]   ↳ 已存在，跳過 (T.O.P-Dental-by-Family-Smile-Ltd-香港牙科醫療集團-旺角太子牙醫中心.html)
[2026-08-25 12:13:30]   ↳ 已存在，跳過 (T.O.P-Dental-by-Family-Smile-Ltd-香港牙科醫療集團-旺角太子牙醫中心.html)
[2026-08-25 12:13:30] [35/115] Metro Dental 城健総合牙科医療中心 | https://www.metrodental.com.hk/
[2026-08-25 12:13:30] [35/115] Metro Dental 城健総合牙科医療中心 | https://www.metrodental.com.hk/
[2026-08-25 12:13:30]   ↳ 已存在，跳過 (Metro-Dental-城健総合牙科医療中心.html)
[2026-08-25 12:13:30]   ↳ 已存在，跳過 (Metro-Dental-城健総合牙科医療中心.html)
[2026-08-25 12:13:30] [36/115] 大国手 汽車車身維修 Grand Tycoon Automo | http://grandtycoon.com/
[2026-08-25 12:13:30] [36/115] 大国手 汽車車身維修 Grand Tycoon Automo | http://grandtycoon.com/
[2026-08-25 12:13:30]   ↳ 已存在，跳過 (大国手-汽車車身維修-Grand-Tycoon-Automotive-Repair-Shop.html)
[2026-08-25 12:13:30]   ↳ 已存在，跳過 (大国手-汽車車身維修-Grand-Tycoon-Automotive-Repair-Shop.html)
[2026-08-25 12:13:30] [37/115] AutoMate | Sham Shui Po Shop | https://www.automate-app.com/auto-shop
[2026-08-25 12:13:30] [37/115] AutoMate | Sham Shui Po Shop | https://www.automate-app.com/auto-shop
[2026-08-25 12:13:30]   ↳ 已存在，跳過 (AutoMate-Sham-Shui-Po-Shop.html)
[2026-08-25 12:13:30]   ↳ 已存在，跳過 (AutoMate-Sham-Shui-Po-Shop.html)
[2026-08-25 12:13:30] [38/115] Carol Garage Limited | http://www.carolgarage.com.hk/
[2026-08-25 12:13:30] [38/115] Carol Garage Limited | http://www.carolgarage.com.hk/
[2026-08-25 12:13:30]   ↳ 已存在，跳過 (Carol-Garage-Limited.html)
[2026-08-25 12:13:30]   ↳ 已存在，跳過 (Carol-Garage-Limited.html)
[2026-08-25 12:13:30] [39/115] 八方汽車 | Power Moto Limited | http://www.power-moto.hk/
[2026-08-25 12:13:30] [39/115] 八方汽車 | Power Moto Limited | http://www.power-moto.hk/
[2026-08-25 12:13:30]   ↳ 已存在，跳過 (八方汽車-Power-Moto-Limited.html)
[2026-08-25 12:13:30]   ↳ 已存在，跳過 (八方汽車-Power-Moto-Limited.html)
[2026-08-25 12:13:30] [40/115] Flow & Roll Laundry 自助洗衣 (中環 C | https://flowandroll.com/
[2026-08-25 12:13:30] [40/115] Flow & Roll Laundry 自助洗衣 (中環 C | https://flowandroll.com/
[2026-08-25 12:13:30]   ↳ 已存在，跳過 (Flow--Roll-Laundry-自助洗衣-中環-Central.html)
[2026-08-25 12:13:30]   ↳ 已存在，跳過 (Flow--Roll-Laundry-自助洗衣-中環-Central.html)
[2026-08-25 12:13:30] [41/115] 初洗 First Laundry 觀塘24小時自助洗衣店 | https://wa.me/85268716550
[2026-08-25 12:13:30] [41/115] 初洗 First Laundry 觀塘24小時自助洗衣店 | https://wa.me/85268716550
[2026-08-25 12:13:30]   ↳ 已存在，跳過 (初洗-First-Laundry-觀塘24小時自助洗衣店.html)
[2026-08-25 12:13:30]   ↳ 已存在，跳過 (初洗-First-Laundry-觀塘24小時自助洗衣店.html)
[2026-08-25 12:13:30] [42/115] 水漾衣坊 water laundry | https://whalewashmk.hk/
[2026-08-25 12:13:30] [42/115] 水漾衣坊 water laundry | https://whalewashmk.hk/
[2026-08-25 12:13:30]   ↳ 已存在，跳過 (水漾衣坊-water-laundry.html)
[2026-08-25 12:13:30]   ↳ 已存在，跳過 (水漾衣坊-water-laundry.html)
[2026-08-25 12:13:30] [43/115] FLORISTRY by ART OF LIVING | http://www.floristrybyartofliving.com/
[2026-08-25 12:13:30] [43/115] FLORISTRY by ART OF LIVING | http://www.floristrybyartofliving.com/
[2026-08-25 12:13:30]   ↳ 已存在，跳過 (FLORISTRY-by-ART-OF-LIVING.html)
[2026-08-25 12:13:30]   ↳ 已存在，跳過 (FLORISTRY-by-ART-OF-LIVING.html)
[2026-08-25 12:13:30] [44/115] 花籃 450 - Flower 450 | https://flower450.com/
[2026-08-25 12:13:30] [44/115] 花籃 450 - Flower 450 | https://flower450.com/
[2026-08-25 12:13:30]   ↳ 已存在，跳過 (花籃-450---Flower-450.html)
[2026-08-25 12:13:30]   ↳ 已存在，跳過 (花籃-450---Flower-450.html)
[2026-08-25 12:13:30] [45/115] 優之花鋪-U Flower Shop | https://www.uflowershop.com/
[2026-08-25 12:13:30] [45/115] 優之花鋪-U Flower Shop | https://www.uflowershop.com/
[2026-08-25 12:13:30]   ↳ 已存在，跳過 (優之花鋪-U-Flower-Shop.html)
[2026-08-25 12:13:30]   ↳ 已存在，跳過 (優之花鋪-U-Flower-Shop.html)
[2026-08-25 12:13:30] [46/115] Eternal Flora hk | https://www.eternalflorahk.com/
[2026-08-25 12:13:30] [46/115] Eternal Flora hk | https://www.eternalflorahk.com/
[2026-08-25 12:13:30]   ↳ 已存在，跳過 (Eternal-Flora-hk.html)
[2026-08-25 12:13:30]   ↳ 已存在，跳過 (Eternal-Flora-hk.html)
[2026-08-25 12:13:30] [47/115] FDHK - Flower Delivery Hong Ko | https://flowerdeliveryhongkong.com/
[2026-08-25 12:13:30] [47/115] FDHK - Flower Delivery Hong Ko | https://flowerdeliveryhongkong.com/
[2026-08-25 12:13:30]   ↳ 已存在，跳過 (FDHK---Flower-Delivery-Hong-Kong.html)
[2026-08-25 12:13:30]   ↳ 已存在，跳過 (FDHK---Flower-Delivery-Hong-Kong.html)
[2026-08-25 12:13:30] [48/115] Joseph Photo 香港專業攝影工作室 | https://josephphoto.hk/
[2026-08-25 12:13:30] [48/115] Joseph Photo 香港專業攝影工作室 | https://josephphoto.hk/
[2026-08-25 12:13:30]   ↳ 已存在，跳過 (Joseph-Photo-香港專業攝影工作室.html)
[2026-08-25 12:13:30]   ↳ 已存在，跳過 (Joseph-Photo-香港專業攝影工作室.html)
[2026-08-25 12:13:30] [49/115] Majesty Professional Photo殿堂館- | https://www.majestyprofessional.com/
[2026-08-25 12:13:30] [49/115] Majesty Professional Photo殿堂館- | https://www.majestyprofessional.com/
[2026-08-25 12:13:30]   ↳ 已存在，跳過 (Majesty-Professional-Photo殿堂館-專業照首選.html)
[2026-08-25 12:13:30]   ↳ 已存在，跳過 (Majesty-Professional-Photo殿堂館-專業照首選.html)
[2026-08-25 12:13:30] [50/115] Owl Photo Studio 貓頭鷹照相館 | https://www.owlphoto.hk/
[2026-08-25 12:13:30] [50/115] Owl Photo Studio 貓頭鷹照相館 | https://www.owlphoto.hk/
[2026-08-25 12:13:30]   ↳ 已存在，跳過 (Owl-Photo-Studio-貓頭鷹照相館.html)
[2026-08-25 12:13:30]   ↳ 已存在，跳過 (Owl-Photo-Studio-貓頭鷹照相館.html)
[2026-08-25 12:13:30] [51/115] Yat Tung Heen - Eaton HK | https://www.yattungheen.com/
[2026-08-25 12:13:30] [51/115] Yat Tung Heen - Eaton HK | https://www.yattungheen.com/
[2026-08-25 12:13:30]   ↳ 已存在，跳過 (Yat-Tung-Heen---Eaton-HK.html)
[2026-08-25 12:13:30]   ↳ 已存在，跳過 (Yat-Tung-Heen---Eaton-HK.html)
[2026-08-25 12:13:30] [52/115] Hair Quest Hair salon Central | https://www.hairquest-hk.com/
[2026-08-25 12:13:30] [52/115] Hair Quest Hair salon Central | https://www.hairquest-hk.com/
[2026-08-25 12:13:30]   ↳ 已存在，跳過 (Hair-Quest-Hair-salon-Central.html)
[2026-08-25 12:13:30]   ↳ 已存在，跳過 (Hair-Quest-Hair-salon-Central.html)
[2026-08-25 12:13:30] [53/115] 天下猫猫一様猫 | https://www.catiscat.com.hk/
[2026-08-25 12:13:30] [53/115] 天下猫猫一様猫 | https://www.catiscat.com.hk/
[2026-08-25 12:13:30]   ↳ 已存在，跳過 (天下猫猫一様猫.html)
[2026-08-25 12:13:30]   ↳ 已存在，跳過 (天下猫猫一様猫.html)
[2026-08-25 12:13:30] [54/115] Bora beauty | https://bora.hk/
[2026-08-25 12:13:30] [54/115] Bora beauty | https://bora.hk/
[2026-08-25 12:13:30]   ↳ 已存在，跳過 (Bora-beauty.html)
[2026-08-25 12:13:30]   ↳ 已存在，跳過 (Bora-beauty.html)
[2026-08-25 12:13:30] [55/115] Dream Scenes Studio | http://dreamscenesstudio.com/
[2026-08-25 12:13:30] [55/115] Dream Scenes Studio | http://dreamscenesstudio.com/
[2026-08-25 12:13:30]   ↳ 已存在，跳過 (Dream-Scenes-Studio.html)
[2026-08-25 12:13:30]   ↳ 已存在，跳過 (Dream-Scenes-Studio.html)
[2026-08-25 12:13:30] [56/115] Dazzling Smile Dental Clinic 瑩 | https://dazzlingsmiledentalclinic.com/
[2026-08-25 12:13:30] [56/115] Dazzling Smile Dental Clinic 瑩 | https://dazzlingsmiledentalclinic.com/
[2026-08-25 12:13:30]   ↳ 已存在，跳過 (Dazzling-Smile-Dental-Clinic-瑩恩牙科診所.html)
[2026-08-25 12:13:30]   ↳ 已存在，跳過 (Dazzling-Smile-Dental-Clinic-瑩恩牙科診所.html)
[2026-08-25 12:13:30] [57/115] Family Smile Limited | http://www.familysmile.hk/
[2026-08-25 12:13:30] [57/115] Family Smile Limited | http://www.familysmile.hk/
[2026-08-25 12:13:30]   ↳ 已存在，跳過 (Family-Smile-Limited.html)
[2026-08-25 12:13:30]   ↳ 已存在，跳過 (Family-Smile-Limited.html)
[2026-08-25 12:13:30] [58/115] INDULGENCE hair & beauty salon | http://www.indulgence.hk/
[2026-08-25 12:13:30] [58/115] INDULGENCE hair & beauty salon | http://www.indulgence.hk/
[2026-08-25 12:13:30]   ↳ 已存在，跳過 (INDULGENCE-hair--beauty-salon.html)
[2026-08-25 12:13:30]   ↳ 已存在，跳過 (INDULGENCE-hair--beauty-salon.html)
[2026-08-25 12:13:30] [59/115] 花店 | 花束專家 | https://www.flowerbouquet.com.hk/
[2026-08-25 12:13:30] [59/115] 花店 | 花束專家 | https://www.flowerbouquet.com.hk/
[2026-08-25 12:13:30]   ↳ 已存在，跳過 (花店-花束專家.html)
[2026-08-25 12:13:30]   ↳ 已存在，跳過 (花店-花束專家.html)
[2026-08-25 12:13:30] [60/115] 網上訂花 ‧ 送花香港 | Fdhk 最高評分即日網上花店 | https://flowerdeliveryhongkong.com/zh
[2026-08-25 12:13:30] [60/115] 網上訂花 ‧ 送花香港 | Fdhk 最高評分即日網上花店 | https://flowerdeliveryhongkong.com/zh
[2026-08-25 12:13:30]   ↳ 已存在，跳過 (網上訂花--送花香港-Fdhk-最高評分即日網上花店.html)
[2026-08-25 12:13:30]   ↳ 已存在，跳過 (網上訂花--送花香港-Fdhk-最高評分即日網上花店.html)
[2026-08-25 12:13:30] [61/115] Rhine Flowers | https://rhineflowers.com/
[2026-08-25 12:13:30] [61/115] Rhine Flowers | https://rhineflowers.com/
[2026-08-25 12:13:30]   ↳ 已存在，跳過 (Rhine-Flowers.html)
[2026-08-25 12:13:30]   ↳ 已存在，跳過 (Rhine-Flowers.html)
[2026-08-25 12:13:30] [62/115] 香港花店｜網上訂花及送花｜Gift Flowers HK | https://giftflowers.com.hk/cn/
[2026-08-25 12:13:30] [62/115] 香港花店｜網上訂花及送花｜Gift Flowers HK | https://giftflowers.com.hk/cn/
[2026-08-25 12:13:30]   ↳ 已存在，跳過 (香港花店網上訂花及送花Gift-Flowers-HK.html)
[2026-08-25 12:13:30]   ↳ 已存在，跳過 (香港花店網上訂花及送花Gift-Flowers-HK.html)
[2026-08-25 12:13:30] [63/115] Flora Floriculture - 花店 | https://www.floraf.com.hk/
[2026-08-25 12:13:30] [63/115] Flora Floriculture - 花店 | https://www.floraf.com.hk/
[2026-08-25 12:13:30]   ↳ 已存在，跳過 (Flora-Floriculture---花店.html)
[2026-08-25 12:13:30]   ↳ 已存在，跳過 (Flora-Floriculture---花店.html)
[2026-08-25 12:13:30] [64/115] 香港花店 | https://www.mrsliuflorist.com/
[2026-08-25 12:13:30] [64/115] 香港花店 | https://www.mrsliuflorist.com/
[2026-08-25 12:13:30]   ↳ 已存在，跳過 (香港花店.html)
[2026-08-25 12:13:30]   ↳ 已存在，跳過 (香港花店.html)
[2026-08-25 12:13:30] [65/115] 網上花店| 網上訂花 | 即日送花 | HKfashop | https://hkfashop.com/
[2026-08-25 12:13:30] [65/115] 網上花店| 網上訂花 | 即日送花 | HKfashop | https://hkfashop.com/
[2026-08-25 12:13:30]   ↳ 已存在，跳過 (網上花店-網上訂花-即日送花-HKfashop.html)
[2026-08-25 12:13:30]   ↳ 已存在，跳過 (網上花店-網上訂花-即日送花-HKfashop.html)
[2026-08-25 12:13:30] [66/115] 【 送花】 ｜訂花｜Flowerbee Florist訂花束 | https://flowerbee-hk.com/zh
[2026-08-25 12:13:30] [66/115] 【 送花】 ｜訂花｜Flowerbee Florist訂花束 | https://flowerbee-hk.com/zh
[2026-08-25 12:13:30]   ↳ 已存在，跳過 (送花-訂花Flowerbee-Florist訂花束---Flowerbee-HK-Florist.html)
[2026-08-25 12:13:30]   ↳ 已存在，跳過 (送花-訂花Flowerbee-Florist訂花束---Flowerbee-HK-Florist.html)
[2026-08-25 12:13:30] [67/115] 花點時間｜香港旺角花墟實體花店：24小時訂花、鮮花花束、開張 | https://www.reflower.com.hk/
[2026-08-25 12:13:30] [67/115] 花點時間｜香港旺角花墟實體花店：24小時訂花、鮮花花束、開張 | https://www.reflower.com.hk/
[2026-08-25 12:13:30]   ↳ 已存在，跳過 (花點時間香港旺角花墟實體花店24小時訂花鮮花花束開張花籃鮮花批發---花點時間-Reflower.html)
[2026-08-25 12:13:30]   ↳ 已存在，跳過 (花點時間香港旺角花墟實體花店24小時訂花鮮花花束開張花籃鮮花批發---花點時間-Reflower.html)
[2026-08-25 12:13:30] [68/115] 香港花店- 首頁花店推薦 - 我們代表和倡導位於香港島、九龍 | https://zh-hk.hk-florist.org/
[2026-08-25 12:13:30] [68/115] 香港花店- 首頁花店推薦 - 我們代表和倡導位於香港島、九龍 | https://zh-hk.hk-florist.org/
[2026-08-25 12:13:30]   ↳ 已存在，跳過 (香港花店--首頁花店推薦---我們代表和倡導位於香港島九龍和新界的花店以及在線花店和鮮花配送公司.html)
[2026-08-25 12:13:30]   ↳ 已存在，跳過 (香港花店--首頁花店推薦---我們代表和倡導位於香港島九龍和新界的花店以及在線花店和鮮花配送公司.html)
[2026-08-25 12:13:30] [69/115] 有花漾 ZH Flowers | https://www.zh-flowers.com/
[2026-08-25 12:13:30] [69/115] 有花漾 ZH Flowers | https://www.zh-flowers.com/
[2026-08-25 12:13:30]   ↳ 已存在，跳過 (有花漾-ZH-Flowers.html)
[2026-08-25 12:13:30]   ↳ 已存在，跳過 (有花漾-ZH-Flowers.html)
[2026-08-25 12:13:30] [70/115] 花店花生花華 | FaSunflower Florist | https://www.fasunflower.com/
[2026-08-25 12:13:30] [70/115] 花店花生花華 | FaSunflower Florist | https://www.fasunflower.com/
[2026-08-25 12:13:30]   ↳ 已存在，跳過 (花店花生花華-FaSunflower-Florist.html)
[2026-08-25 12:13:30]   ↳ 已存在，跳過 (花店花生花華-FaSunflower-Florist.html)
[2026-08-25 12:13:30] [71/115] 格蘭花店 Grand Floral & Gift Shop | https://grand.com.hk/
[2026-08-25 12:13:30] [71/115] 格蘭花店 Grand Floral & Gift Shop | https://grand.com.hk/
[2026-08-25 12:13:30]   ↳ 已存在，跳過 (格蘭花店-Grand-Floral--Gift-Shop.html)
[2026-08-25 12:13:30]   ↳ 已存在，跳過 (格蘭花店-Grand-Floral--Gift-Shop.html)
[2026-08-25 12:13:30] [72/115] WHY Studio - 上環證件相｜學生相｜專業形象照 | https://www.whystudiohk.com/
[2026-08-25 12:13:30] [72/115] WHY Studio - 上環證件相｜學生相｜專業形象照 | https://www.whystudiohk.com/
[2026-08-25 12:13:30]   ↳ 已存在，跳過 (WHY-Studio---上環證件相學生相專業形象照.html)
[2026-08-25 12:13:30]   ↳ 已存在，跳過 (WHY-Studio---上環證件相學生相專業形象照.html)
[2026-08-25 12:13:30] [73/115] Cat Watt 晴珊猫舎 | http://www.catwatt.com/
[2026-08-25 12:13:30] [73/115] Cat Watt 晴珊猫舎 | http://www.catwatt.com/
[2026-08-25 12:13:30]   ↳ 已存在，跳過 (Cat-Watt-晴珊猫舎.html)
[2026-08-25 12:13:30]   ↳ 已存在，跳過 (Cat-Watt-晴珊猫舎.html)
[2026-08-25 12:13:30] [74/115] 牙齒矯正及兒童齒科中心 (旺角朗豪坊) | Orthodon | https://www.ortho-center.com/
[2026-08-25 12:13:30] [74/115] 牙齒矯正及兒童齒科中心 (旺角朗豪坊) | Orthodon | https://www.ortho-center.com/
[2026-08-25 12:13:30]   ↳ 已存在，跳過 (牙齒矯正及兒童齒科中心-旺角朗豪坊-Orthodontic--Childrens-Dental-Center-Langh.html)
[2026-08-25 12:13:30]   ↳ 已存在，跳過 (牙齒矯正及兒童齒科中心-旺角朗豪坊-Orthodontic--Childrens-Dental-Center-Langh.html)
[2026-08-25 12:13:30] [75/115] HALO Flowers | https://haloflowers.com.hk/zh-hant/
[2026-08-25 12:13:30] [75/115] HALO Flowers | https://haloflowers.com.hk/zh-hant/
[2026-08-25 12:13:30]   ↳ 已存在，跳過 (HALO-Flowers.html)
[2026-08-25 12:13:30]   ↳ 已存在，跳過 (HALO-Flowers.html)
[2026-08-25 12:13:30] [76/115] Pettington 柏靈頓獸醫寵物用品 | https://www.pettington.com/
[2026-08-25 12:13:30] [76/115] Pettington 柏靈頓獸醫寵物用品 | https://www.pettington.com/
[2026-08-25 12:13:30]   ↳ 已存在，跳過 (Pettington-柏靈頓獸醫寵物用品.html)
[2026-08-25 12:13:30]   ↳ 已存在，跳過 (Pettington-柏靈頓獸醫寵物用品.html)
[2026-08-25 12:13:30] [77/115] 皓保牙科診所 Craft Smile Dental Cent | https://zh.drchrischeung.com/
[2026-08-25 12:13:30] [77/115] 皓保牙科診所 Craft Smile Dental Cent | https://zh.drchrischeung.com/
[2026-08-25 12:13:30]   ↳ 已存在，跳過 (皓保牙科診所-Craft-Smile-Dental-Center.html)
[2026-08-25 12:13:30]   ↳ 已存在，跳過 (皓保牙科診所-Craft-Smile-Dental-Center.html)
[2026-08-25 12:13:30] [78/115] Toyota Kowloon Bay Service Cen | https://www.toyota.com.hk/?utm_campaign=gmb&utm_medium=organic&utm_source=local
[2026-08-25 12:13:30] [78/115] Toyota Kowloon Bay Service Cen | https://www.toyota.com.hk/?utm_campaign=gmb&utm_medium=organic&utm_source=local
[2026-08-25 12:13:30]   ↳ 已存在，跳過 (Toyota-Kowloon-Bay-Service-Centre-Mechanical.html)
[2026-08-25 12:13:30]   ↳ 已存在，跳過 (Toyota-Kowloon-Bay-Service-Centre-Mechanical.html)
[2026-08-25 12:13:30] [79/115] Anglo Chinese Florist | http://www.anglochinese.com/
[2026-08-25 12:13:30] [79/115] Anglo Chinese Florist | http://www.anglochinese.com/
[2026-08-25 12:13:30]   ↳ 已存在，跳過 (Anglo-Chinese-Florist.html)
[2026-08-25 12:13:30]   ↳ 已存在，跳過 (Anglo-Chinese-Florist.html)
[2026-08-25 12:13:30] [80/115] Photobi HK 韓式 証件相拍摂工作室 - 湾仔店 | https://photobi.hk/
[2026-08-25 12:13:30] [80/115] Photobi HK 韓式 証件相拍摂工作室 - 湾仔店 | https://photobi.hk/
[2026-08-25 12:13:30]   ↳ 已存在，跳過 (Photobi-HK-韓式-証件相拍摂工作室---湾仔店.html)
[2026-08-25 12:13:30]   ↳ 已存在，跳過 (Photobi-HK-韓式-証件相拍摂工作室---湾仔店.html)
[2026-08-25 12:13:30] [81/115] Advance Pet Food | http://advancepetfood.com/
[2026-08-25 12:13:30] [81/115] Advance Pet Food | http://advancepetfood.com/
[2026-08-25 12:13:30]   ↳ 已存在，跳過 (Advance-Pet-Food.html)
[2026-08-25 12:13:30]   ↳ 已存在，跳過 (Advance-Pet-Food.html)
[2026-08-25 12:13:30] [82/115] Anna Maria Studio | http://annamstudio.com/
[2026-08-25 12:13:30] [82/115] Anna Maria Studio | http://annamstudio.com/
[2026-08-25 12:13:30]   ↳ 已存在，跳過 (Anna-Maria-Studio.html)
[2026-08-25 12:13:30]   ↳ 已存在，跳過 (Anna-Maria-Studio.html)
[2026-08-25 12:13:30] [83/115] 1984 HAIR SALON | https://1984hairsalon.wixsite.com/1984-hairsalon
[2026-08-25 12:13:30] [83/115] 1984 HAIR SALON | https://1984hairsalon.wixsite.com/1984-hairsalon
[2026-08-25 12:13:30]   ↳ 已存在，跳過 (1984-HAIR-SALON.html)
[2026-08-25 12:13:30]   ↳ 已存在，跳過 (1984-HAIR-SALON.html)
[2026-08-25 12:13:30] [84/115] Bulls PPF 専門店 | https://www.ppf.com.hk/
[2026-08-25 12:13:30] [84/115] Bulls PPF 専門店 | https://www.ppf.com.hk/
[2026-08-25 12:13:30]   ↳ 已存在，跳過 (Bulls-PPF-専門店.html)
[2026-08-25 12:13:30]   ↳ 已存在，跳過 (Bulls-PPF-専門店.html)
[2026-08-25 12:13:30] [85/115] LEEKAJA X AMONG Hair Salon Cen | https://www.leekaja.hk/
[2026-08-25 12:13:30] [85/115] LEEKAJA X AMONG Hair Salon Cen | https://www.leekaja.hk/
[2026-08-25 12:13:30]   ↳ 已存在，跳過 (LEEKAJA-X-AMONG-Hair-Salon-Century-Square-in-Hongkong-한국-미용실.html)
[2026-08-25 12:13:30]   ↳ 已存在，跳過 (LEEKAJA-X-AMONG-Hair-Salon-Century-Square-in-Hongkong-한국-미용실.html)
[2026-08-25 12:13:30] [86/115] MEGAPET (Kowloon City Shop) | http://www.megapet.com.hk/
[2026-08-25 12:13:30] [86/115] MEGAPET (Kowloon City Shop) | http://www.megapet.com.hk/
[2026-08-25 12:13:30]   ↳ 已存在，跳過 (MEGAPET-Kowloon-City-Shop.html)
[2026-08-25 12:13:30]   ↳ 已存在，跳過 (MEGAPET-Kowloon-City-Shop.html)
[2026-08-25 12:13:30] [87/115] 仁健牙科 Nixon Dental (太子牙醫/旺角牙醫/洗 | http://www.nixondental.com/
[2026-08-25 12:13:30] [87/115] 仁健牙科 Nixon Dental (太子牙醫/旺角牙醫/洗 | http://www.nixondental.com/
[2026-08-25 12:13:30]   ↳ 已存在，跳過 (仁健牙科-Nixon-Dental-太子牙醫-旺角牙醫-洗牙-補牙-種牙-植牙-杜牙根-智慧齒-箍牙-Invisalig.html)
[2026-08-25 12:13:30]   ↳ 已存在，跳過 (仁健牙科-Nixon-Dental-太子牙醫-旺角牙醫-洗牙-補牙-種牙-植牙-杜牙根-智慧齒-箍牙-Invisalig.html)
[2026-08-25 12:13:30] [88/115] 香港車房及汽車維修 | CarService.hk | https://www.carservice.hk/zh-hk
[2026-08-25 12:13:30] [88/115] 香港車房及汽車維修 | CarService.hk | https://www.carservice.hk/zh-hk
[2026-08-25 12:13:30]   ↳ 已存在，跳過 (香港車房及汽車維修-CarService.hk.html)
[2026-08-25 12:13:30]   ↳ 已存在，跳過 (香港車房及汽車維修-CarService.hk.html)
[2026-08-25 12:13:30] [89/115] 24小時 上門汽車維修保養服務 | https://garage-hk.com/onsite.php
[2026-08-25 12:13:30] [89/115] 24小時 上門汽車維修保養服務 | https://garage-hk.com/onsite.php
[2026-08-25 12:13:30]   ↳ 已存在，跳過 (24小時-上門汽車維修保養服務.html)
[2026-08-25 12:13:30]   ↳ 已存在，跳過 (24小時-上門汽車維修保養服務.html)
[2026-08-25 12:13:30] [90/115] 保養及維修服務 - Dchmsc | https://www.dchmsc.com/zh/maintenance-repair
[2026-08-25 12:13:30] [90/115] 保養及維修服務 - Dchmsc | https://www.dchmsc.com/zh/maintenance-repair
[2026-08-25 12:13:30]   ↳ 已存在，跳過 (保養及維修服務---Dchmsc.html)
[2026-08-25 12:13:30]   ↳ 已存在，跳過 (保養及維修服務---Dchmsc.html)
[2026-08-25 12:13:30] [91/115] Carro Care | https://carro.co/hk/zh-hant-hk/carro-care
[2026-08-25 12:13:30] [91/115] Carro Care | https://carro.co/hk/zh-hant-hk/carro-care
[2026-08-25 12:13:30]   ↳ 已存在，跳過 (Carro-Care.html)
[2026-08-25 12:13:30]   ↳ 已存在，跳過 (Carro-Care.html)
[2026-08-25 12:13:30] [92/115] 車師傅 - 全港認證車師傅總匯 | https://www.mastercar.hk/
[2026-08-25 12:13:30] [92/115] 車師傅 - 全港認證車師傅總匯 | https://www.mastercar.hk/
[2026-08-25 12:13:30]   ↳ 已存在，跳過 (車師傅---全港認證車師傅總匯.html)
[2026-08-25 12:13:30]   ↳ 已存在，跳過 (車師傅---全港認證車師傅總匯.html)
[2026-08-25 12:13:30] [93/115] 堅記車房平台 | https://www.kinkeecar.com/
[2026-08-25 12:13:30] [93/115] 堅記車房平台 | https://www.kinkeecar.com/
[2026-08-25 12:13:30]   ↳ 已存在，跳過 (堅記車房平台.html)
[2026-08-25 12:13:30]   ↳ 已存在，跳過 (堅記車房平台.html)
[2026-08-25 12:13:30] [94/115] 汽車保養及汽車維修 | CarService.hk | https://www.carservice.hk/zh-hk/services/car-servicing
[2026-08-25 12:13:30] [94/115] 汽車保養及汽車維修 | CarService.hk | https://www.carservice.hk/zh-hk/services/car-servicing
[2026-08-25 12:13:30]   ↳ 已存在，跳過 (汽車保養及汽車維修-CarService.hk.html)
[2026-08-25 12:13:30]   ↳ 已存在，跳過 (汽車保養及汽車維修-CarService.hk.html)
[2026-08-25 12:13:30] [95/115] 汽車維修 - Anyone | https://www.anyonehk.com/%E6%B1%BD%E8%BB%8A%E7%B6%AD%E4%BF%AE/
[2026-08-25 12:13:30] [95/115] 汽車維修 - Anyone | https://www.anyonehk.com/%E6%B1%BD%E8%BB%8A%E7%B6%AD%E4%BF%AE/
[2026-08-25 12:13:30]   ↳ 已存在，跳過 (汽車維修---Anyone.html)
[2026-08-25 12:13:30]   ↳ 已存在，跳過 (汽車維修---Anyone.html)
[2026-08-25 12:13:30] [96/115] 香港汽車維修公司名錄 - 新成立/注册及已更改名称的公司名单 | https://hkg.databasesets.com/zh-hant/gongsimingdan/type/Motor_Service
[2026-08-25 12:13:30] [96/115] 香港汽車維修公司名錄 - 新成立/注册及已更改名称的公司名单 | https://hkg.databasesets.com/zh-hant/gongsimingdan/type/Motor_Service
[2026-08-25 12:13:30]   ↳ 已存在，跳過 (香港汽車維修公司名錄---新成立-注册及已更改名称的公司名单.html)
[2026-08-25 12:13:30]   ↳ 已存在，跳過 (香港汽車維修公司名錄---新成立-注册及已更改名称的公司名单.html)
[2026-08-25 12:13:30] [97/115] 汽車服務公司 - Driver.com.hk | https://www.driver.com.hk/service
[2026-08-25 12:13:30] [97/115] 汽車服務公司 - Driver.com.hk | https://www.driver.com.hk/service
[2026-08-25 12:13:30]   ↳ 已存在，跳過 (汽車服務公司---Driver.com.hk.html)
[2026-08-25 12:13:30]   ↳ 已存在，跳過 (汽車服務公司---Driver.com.hk.html)
[2026-08-25 12:13:30] [98/115] 最佳香港花店推介 送花訂花好去處/網上買花 | https://www.timeout.com.hk/hong-kong/hk/%E8%B3%BC%E7%89%A9/%E6%9C%80%E4%BD%B3%E9%A6%99%E6%B8%AF%E8%8A%B1%E5%BA%97%E6%8E%A8%E4%BB%8B-%E9%80%81%E8%8A%B1%E8%A8%82%E8%8A%B1%E5%A5%BD%E5%8E%BB%E8%99%95-%E7%B6%B2%E4%B8%8A%E8%B2%B7%E8%8A%B1
[2026-08-25 12:13:30] [98/115] 最佳香港花店推介 送花訂花好去處/網上買花 | https://www.timeout.com.hk/hong-kong/hk/%E8%B3%BC%E7%89%A9/%E6%9C%80%E4%BD%B3%E9%A6%99%E6%B8%AF%E8%8A%B1%E5%BA%97%E6%8E%A8%E4%BB%8B-%E9%80%81%E8%8A%B1%E8%A8%82%E8%8A%B1%E5%A5%BD%E5%8E%BB%E8%99%95-%E7%B6%B2%E4%B8%8A%E8%B2%B7%E8%8A%B1
[2026-08-25 12:13:30]   ↳ 已存在，跳過 (最佳香港花店推介-送花訂花好去處-網上買花.html)
[2026-08-25 12:13:30]   ↳ 已存在，跳過 (最佳香港花店推介-送花訂花好去處-網上買花.html)
[2026-08-25 12:13:30] [99/115] HK Florist Directory | https://zh-hk.hk-florist.org/hk-florist-directory/
[2026-08-25 12:13:30] [99/115] HK Florist Directory | https://zh-hk.hk-florist.org/hk-florist-directory/
[2026-08-25 12:13:30]   ↳ 已存在，跳過 (HK-Florist-Directory.html)
[2026-08-25 12:13:30]   ↳ 已存在，跳過 (HK-Florist-Directory.html)
[2026-08-25 12:13:30] [100/115] 主頁 | https://shunkeeflowers.com.hk/
[2026-08-25 12:13:30] [100/115] 主頁 | https://shunkeeflowers.com.hk/
[2026-08-25 12:13:30]   ↳ 已存在，跳過 (主頁.html)
[2026-08-25 12:13:30]   ↳ 已存在，跳過 (主頁.html)
[2026-08-25 12:13:30] [101/115] Kushiro | http://www.kushiro.com.hk/
[2026-08-25 12:13:30] [101/115] Kushiro | http://www.kushiro.com.hk/
[2026-08-25 12:13:30]   ↳ 已存在，跳過 (Kushiro.html)
[2026-08-25 12:13:30]   ↳ 已存在，跳過 (Kushiro.html)
[2026-08-25 12:13:30] [102/115] PETNAR LIVING 裝修工程 室內設計 傢俬訂製 | https://petnar-living.com/interior-design/
[2026-08-25 12:13:30] [102/115] PETNAR LIVING 裝修工程 室內設計 傢俬訂製 | https://petnar-living.com/interior-design/
[2026-08-25 12:13:30]   ↳ 已存在，跳過 (PETNAR-LIVING-裝修工程-室內設計-傢俬訂製.html)
[2026-08-25 12:13:30]   ↳ 已存在，跳過 (PETNAR-LIVING-裝修工程-室內設計-傢俬訂製.html)
[2026-08-25 12:13:30] [103/115] 太子中学補習社 - 立方教育 | https://www.ilearndse.com/
[2026-08-25 12:13:30] [103/115] 太子中学補習社 - 立方教育 | https://www.ilearndse.com/
[2026-08-25 12:13:30]   ↳ 已存在，跳過 (太子中学補習社---立方教育.html)
[2026-08-25 12:13:30]   ↳ 已存在，跳過 (太子中学補習社---立方教育.html)
[2026-08-25 12:13:30] [104/115] Speedycat Photo Studio | https://www.speedycat.com.hk/
[2026-08-25 12:13:30] [104/115] Speedycat Photo Studio | https://www.speedycat.com.hk/
[2026-08-25 12:13:30]   ↳ 已存在，跳過 (Speedycat-Photo-Studio.html)
[2026-08-25 12:13:30]   ↳ 已存在，跳過 (Speedycat-Photo-Studio.html)
[2026-08-25 12:13:30] [105/115] 進研教育 - 英文中文數學補習社 (北角分校) | https://www.joinin-education.com/
[2026-08-25 12:13:30] [105/115] 進研教育 - 英文中文數學補習社 (北角分校) | https://www.joinin-education.com/
[2026-08-25 12:13:30]   ↳ 已存在，跳過 (進研教育---英文中文數學補習社-北角分校.html)
[2026-08-25 12:13:30]   ↳ 已存在，跳過 (進研教育---英文中文數學補習社-北角分校.html)
[2026-08-25 12:13:30] [106/115] 聚萌 | https://www.dogatherhk.com/
[2026-08-25 12:13:30] [106/115] 聚萌 | https://www.dogatherhk.com/
[2026-08-25 12:13:30]   ↳ 已存在，跳過 (聚萌.html)
[2026-08-25 12:13:30]   ↳ 已存在，跳過 (聚萌.html)
[2026-08-25 12:13:30] [107/115] The Factory Hair剪髮染髮電髮專門店 | http://haircuthk.com/
[2026-08-25 12:13:30] [107/115] The Factory Hair剪髮染髮電髮專門店 | http://haircuthk.com/
[2026-08-25 12:13:30]   ↳ 已存在，跳過 (The-Factory-Hair剪髮染髮電髮專門店.html)
[2026-08-25 12:13:30]   ↳ 已存在，跳過 (The-Factory-Hair剪髮染髮電髮專門店.html)
[2026-08-25 12:13:30] [108/115] EcHouse 装修配対平台 | 装修報価 | 室内設計 | | https://www.echouse.com.hk/
[2026-08-25 12:13:30] [108/115] EcHouse 装修配対平台 | 装修報価 | 室内設計 | | https://www.echouse.com.hk/
[2026-08-25 12:13:30]   ↳ 已存在，跳過 (EcHouse-装修配対平台-装修報価-室内設計-装修設計.html)
[2026-08-25 12:13:30]   ↳ 已存在，跳過 (EcHouse-装修配対平台-装修報価-室内設計-装修設計.html)
[2026-08-25 12:13:30] [109/115] Element Dental Centre 弘悅牙科 | https://www.elementdentalhk.com/
[2026-08-25 12:13:30] [109/115] Element Dental Centre 弘悅牙科 | https://www.elementdentalhk.com/
[2026-08-25 12:13:30]   ↳ 已存在，跳過 (Element-Dental-Centre-弘悅牙科.html)
[2026-08-25 12:13:30]   ↳ 已存在，跳過 (Element-Dental-Centre-弘悅牙科.html)
[2026-08-25 12:13:30] [110/115] 皆一空間 室内設計 装修工程 | http://arone-space.com/
[2026-08-25 12:13:30] [110/115] 皆一空間 室内設計 装修工程 | http://arone-space.com/
[2026-08-25 12:13:30]   ↳ 已存在，跳過 (皆一空間-室内設計-装修工程.html)
[2026-08-25 12:13:30]   ↳ 已存在，跳過 (皆一空間-室内設計-装修工程.html)
[2026-08-25 12:13:30] [111/115] The Vault Fitness | http://thevault-fitness.com/
[2026-08-25 12:13:30] [111/115] The Vault Fitness | http://thevault-fitness.com/
[2026-08-25 12:13:30]   ↳ 已存在，跳過 (The-Vault-Fitness.html)
[2026-08-25 12:13:30]   ↳ 已存在，跳過 (The-Vault-Fitness.html)
[2026-08-25 12:13:30] [112/115] 電髮 染髮 焗油 GH Haircut Salon | https://haircuthk.com/%E4%B8%AD%E7%92%B0%E6%9F%93%E9%AB%AE/
[2026-08-25 12:13:30] [112/115] 電髮 染髮 焗油 GH Haircut Salon | https://haircuthk.com/%E4%B8%AD%E7%92%B0%E6%9F%93%E9%AB%AE/
[2026-08-25 12:13:30]   ↳ 已存在，跳過 (電髮-染髮-焗油-GH-Haircut-Salon.html)
[2026-08-25 12:13:30]   ↳ 已存在，跳過 (電髮-染髮-焗油-GH-Haircut-Salon.html)
[2026-08-25 12:13:30] [113/115] METEOR HK 摂影器材精品店 | http://www.meteor.com.hk/
[2026-08-25 12:13:30] [113/115] METEOR HK 摂影器材精品店 | http://www.meteor.com.hk/
[2026-08-25 12:13:30]   ↳ 已存在，跳過 (METEOR-HK-摂影器材精品店.html)
[2026-08-25 12:13:30]   ↳ 已存在，跳過 (METEOR-HK-摂影器材精品店.html)
[2026-08-25 12:13:30] [114/115] Goood Car Wrap | https://gooodcarwrap.wixsite.com/goood-car-wrap
[2026-08-25 12:13:30] [114/115] Goood Car Wrap | https://gooodcarwrap.wixsite.com/goood-car-wrap
[2026-08-25 12:13:30]   ↳ 已存在，跳過 (Goood-Car-Wrap.html)
[2026-08-25 12:13:30]   ↳ 已存在，跳過 (Goood-Car-Wrap.html)
[2026-08-25 12:13:30] [115/115] 中環Salon Goody | https://haircuthk.com/%E4%B8%AD%E7%92%B0salon/
[2026-08-25 12:13:30] [115/115] 中環Salon Goody | https://haircuthk.com/%E4%B8%AD%E7%92%B0salon/
[2026-08-25 12:13:34]   ✓ 已儲存 中環Salon-Goody.html (652KB, requests 620776B)
[2026-08-25 12:13:34]   ✓ 已儲存 中環Salon-Goody.html (652KB, requests 620776B)
[2026-08-25 12:13:34] == 完成 ==
[2026-08-25 12:13:34] == 完成 ==
[2026-08-25 12:13:34] 成功 115 個，失敗 0 個
[2026-08-25 12:13:34] 成功 115 個，失敗 0 個

── 失敗清單 ──
[2026-08-25 12:13:34] == 開始為 0 間「沒網站但有聯絡」的商家建立一頁式網頁 → /home/ubuntu/.mok/html/project/MokCs ==
[2026-08-25 12:13:34] == 開始為 0 間「沒網站但有聯絡」的商家建立一頁式網頁 → /home/ubuntu/.mok/html/project/MokCs ==
[2026-08-25 12:13:34] == 一頁式網頁完成：0/0 ==
[2026-08-25 12:13:34] == 一頁式網頁完成：0/0 ==
[2026-08-25 12:43:33]   過濾：115 間 → 保留 115 間有 WhatsApp/Email 的商家
[2026-08-25 12:43:33]   過濾：115 間 → 保留 115 間有 WhatsApp/Email 的商家
[2026-08-25 12:43:33] == 開始克隆 115 個商家首頁 → /home/ubuntu/.mok/html/project/MokCs ==
[2026-08-25 12:43:33] == 開始克隆 115 個商家首頁 → /home/ubuntu/.mok/html/project/MokCs ==
[2026-08-25 12:43:33] [1/115] Hutong | https://hutong.com.hk/
[2026-08-25 12:43:33] [1/115] Hutong | https://hutong.com.hk/
[2026-08-25 12:43:33]   ↳ 已存在，跳過 (Hutong.html)
[2026-08-25 12:43:33]   ↳ 已存在，跳過 (Hutong.html)
[2026-08-25 12:43:33] [2/115] The Chairman Restaurant | https://www.thechairmangroup.com/
[2026-08-25 12:43:33] [2/115] The Chairman Restaurant | https://www.thechairmangroup.com/
[2026-08-25 12:43:33]   ↳ 已存在，跳過 (The-Chairman-Restaurant.html)
[2026-08-25 12:43:33]   ↳ 已存在，跳過 (The-Chairman-Restaurant.html)
[2026-08-25 12:43:33] [3/115] 南蛮亭香港店 | http://nanbantei.com.hk/
[2026-08-25 12:43:33] [3/115] 南蛮亭香港店 | http://nanbantei.com.hk/
[2026-08-25 12:43:33]   ↳ 已存在，跳過 (南蛮亭香港店.html)
[2026-08-25 12:43:33]   ↳ 已存在，跳過 (南蛮亭香港店.html)
[2026-08-25 12:43:33] [4/115] 添好運點心專賣店 | https://www.timhowan.com.hk/
[2026-08-25 12:43:33] [4/115] 添好運點心專賣店 | https://www.timhowan.com.hk/
[2026-08-25 12:43:33]   ↳ 已存在，跳過 (添好運點心專賣店.html)
[2026-08-25 12:43:33]   ↳ 已存在，跳過 (添好運點心專賣店.html)
[2026-08-25 12:43:33] [5/115] La Petite Maison (LPM) Hong Ko | https://lpmrestaurants.com/hongkong/
[2026-08-25 12:43:33] [5/115] La Petite Maison (LPM) Hong Ko | https://lpmrestaurants.com/hongkong/
[2026-08-25 12:43:33]   ↳ 已存在，跳過 (La-Petite-Maison-LPM-Hong-Kong.html)
[2026-08-25 12:43:33]   ↳ 已存在，跳過 (La-Petite-Maison-LPM-Hong-Kong.html)
[2026-08-25 12:43:33] [6/115] Glow Hong Kong | https://www.glowspa.hk/
[2026-08-25 12:43:33] [6/115] Glow Hong Kong | https://www.glowspa.hk/
[2026-08-25 12:43:33]   ↳ 已存在，跳過 (Glow-Hong-Kong.html)
[2026-08-25 12:43:33]   ↳ 已存在，跳過 (Glow-Hong-Kong.html)
[2026-08-25 12:43:33] [7/115] Mó The Slow Bloom | https://www.mo-hk.com/
[2026-08-25 12:43:33] [7/115] Mó The Slow Bloom | https://www.mo-hk.com/
[2026-08-25 12:43:33]   ↳ 已存在，跳過 (Mó-The-Slow-Bloom.html)
[2026-08-25 12:43:33]   ↳ 已存在，跳過 (Mó-The-Slow-Bloom.html)
[2026-08-25 12:43:33] [8/115] Lux Medical 医繊美 | https://www.luxbeauty.hk/
[2026-08-25 12:43:33] [8/115] Lux Medical 医繊美 | https://www.luxbeauty.hk/
[2026-08-25 12:43:33]   ↳ 已存在，跳過 (Lux-Medical-医繊美.html)
[2026-08-25 12:43:33]   ↳ 已存在，跳過 (Lux-Medical-医繊美.html)
[2026-08-25 12:43:33] [9/115] 114HAIR | http://www.114hair.com/
[2026-08-25 12:43:33] [9/115] 114HAIR | http://www.114hair.com/
[2026-08-25 12:43:33]   ↳ 已存在，跳過 (114HAIR.html)
[2026-08-25 12:43:33]   ↳ 已存在，跳過 (114HAIR.html)
[2026-08-25 12:43:33] [10/115] Love Hair | http://www.lovehairhk.com/
[2026-08-25 12:43:33] [10/115] Love Hair | http://www.lovehairhk.com/
[2026-08-25 12:43:33]   ↳ 已存在，跳過 (Love-Hair.html)
[2026-08-25 12:43:33]   ↳ 已存在，跳過 (Love-Hair.html)
[2026-08-25 12:43:33] [11/115] TONI&GUY HK | http://www.toniandguyhk.com/
[2026-08-25 12:43:33] [11/115] TONI&GUY HK | http://www.toniandguyhk.com/
[2026-08-25 12:43:33]   ↳ 已存在，跳過 (TONIGUY-HK.html)
[2026-08-25 12:43:33]   ↳ 已存在，跳過 (TONIGUY-HK.html)
[2026-08-25 12:43:33] [12/115] iMPROVE HAiR-尖沙咀salon 尖沙咀剪髮 尖沙 | http://www.ihair.com.hk/
[2026-08-25 12:43:33] [12/115] iMPROVE HAiR-尖沙咀salon 尖沙咀剪髮 尖沙 | http://www.ihair.com.hk/
[2026-08-25 12:43:33]   ↳ 已存在，跳過 (iMPROVE-HAiR-尖沙咀salon-尖沙咀剪髮-尖沙咀髮廊-尖沙咀中藥染髮-尖沙咀假髮-尖沙咀頭皮護理.html)
[2026-08-25 12:43:33]   ↳ 已存在，跳過 (iMPROVE-HAiR-尖沙咀salon-尖沙咀剪髮-尖沙咀髮廊-尖沙咀中藥染髮-尖沙咀假髮-尖沙咀頭皮護理.html)
[2026-08-25 12:43:33] [13/115] 金澱装修工程有限公司 | https://www.palaceengineeringltd.com/
[2026-08-25 12:43:33] [13/115] 金澱装修工程有限公司 | https://www.palaceengineeringltd.com/
[2026-08-25 12:43:33]   ↳ 已存在，跳過 (金澱装修工程有限公司.html)
[2026-08-25 12:43:33]   ↳ 已存在，跳過 (金澱装修工程有限公司.html)
[2026-08-25 12:43:33] [14/115] 鋒主義 - 室內設計公司 | 室內裝修工程 | 工期 報價  | https://www.fungstyle.com.hk/
[2026-08-25 12:43:33] [14/115] 鋒主義 - 室內設計公司 | 室內裝修工程 | 工期 報價  | https://www.fungstyle.com.hk/
[2026-08-25 12:43:33]   ↳ 已存在，跳過 (鋒主義---室內設計公司-室內裝修工程-工期-報價-服務-三大保證.html)
[2026-08-25 12:43:33]   ↳ 已存在，跳過 (鋒主義---室內設計公司-室內裝修工程-工期-報價-服務-三大保證.html)
[2026-08-25 12:43:33] [15/115] 装修兄弟 | http://www.renobro.com.hk/
[2026-08-25 12:43:33] [15/115] 装修兄弟 | http://www.renobro.com.hk/
[2026-08-25 12:43:33]   ↳ 已存在，跳過 (装修兄弟.html)
[2026-08-25 12:43:33]   ↳ 已存在，跳過 (装修兄弟.html)
[2026-08-25 12:43:33] [16/115] 居屋皇 House king | 香港室内設計及装修公司 | http://housekinghk.com/
[2026-08-25 12:43:33] [16/115] 居屋皇 House king | 香港室内設計及装修公司 | http://housekinghk.com/
[2026-08-25 12:43:33]   ↳ 已存在，跳過 (居屋皇-House-king-香港室内設計及装修公司.html)
[2026-08-25 12:43:33]   ↳ 已存在，跳過 (居屋皇-House-king-香港室内設計及装修公司.html)
[2026-08-25 12:43:33] [17/115] Toby 裝修設計平台｜免費裝修報價｜香港裝修公司及室內設計 | https://www.hellotoby.com/zh-hk/id
[2026-08-25 12:43:33] [17/115] Toby 裝修設計平台｜免費裝修報價｜香港裝修公司及室內設計 | https://www.hellotoby.com/zh-hk/id
[2026-08-25 12:43:33]   ↳ 已存在，跳過 (Toby-裝修設計平台免費裝修報價香港裝修公司及室內設計公司.html)
[2026-08-25 12:43:33]   ↳ 已存在，跳過 (Toby-裝修設計平台免費裝修報價香港裝修公司及室內設計公司.html)
[2026-08-25 12:43:33] [18/115] PET HK - Mid Levels Edition | http://pethk.com/
[2026-08-25 12:43:33] [18/115] PET HK - Mid Levels Edition | http://pethk.com/
[2026-08-25 12:43:33]   ↳ 已存在，跳過 (PET-HK---Mid-Levels-Edition.html)
[2026-08-25 12:43:33]   ↳ 已存在，跳過 (PET-HK---Mid-Levels-Edition.html)
[2026-08-25 12:43:33] [19/115] Ruff & Fetch 拉夫寵物生活 (佐敦 Jordan | http://www.ruffandfetch.com/
[2026-08-25 12:43:33] [19/115] Ruff & Fetch 拉夫寵物生活 (佐敦 Jordan | http://www.ruffandfetch.com/
[2026-08-25 12:43:33]   ↳ 已存在，跳過 (Ruff--Fetch-拉夫寵物生活-佐敦-Jordan.html)
[2026-08-25 12:43:33]   ↳ 已存在，跳過 (Ruff--Fetch-拉夫寵物生活-佐敦-Jordan.html)
[2026-08-25 12:43:33] [20/115] HKTA香港導師会 | https://www.hkta.edu.hk/
[2026-08-25 12:43:33] [20/115] HKTA香港導師会 | https://www.hkta.edu.hk/
[2026-08-25 12:43:33]   ↳ 已存在，跳過 (HKTA香港導師会.html)
[2026-08-25 12:43:33]   ↳ 已存在，跳過 (HKTA香港導師会.html)
[2026-08-25 12:43:33] [21/115] 騎士数学 Knight Mathematics - Band | https://knightmaths.edu.hk/
[2026-08-25 12:43:33] [21/115] 騎士数学 Knight Mathematics - Band | https://knightmaths.edu.hk/
[2026-08-25 12:43:33]   ↳ 已存在，跳過 (騎士数学-Knight-Mathematics---Band-1-DSE-数学補習社.html)
[2026-08-25 12:43:33]   ↳ 已存在，跳過 (騎士数学-Knight-Mathematics---Band-1-DSE-数学補習社.html)
[2026-08-25 12:43:33] [22/115] 香港文化教育中心 | https://docs.google.com/forms/d/e/1FAIpQLSdjgsQlR4w8ZgKgE9RgAUPsPwrZzAZpo5SCULDDOgygEdeDnQ/viewform
[2026-08-25 12:43:33] [22/115] 香港文化教育中心 | https://docs.google.com/forms/d/e/1FAIpQLSdjgsQlR4w8ZgKgE9RgAUPsPwrZzAZpo5SCULDDOgygEdeDnQ/viewform
[2026-08-25 12:43:33]   ↳ 已存在，跳過 (香港文化教育中心.html)
[2026-08-25 12:43:33]   ↳ 已存在，跳過 (香港文化教育中心.html)
[2026-08-25 12:43:33] [23/115] GETUTOR 香港導師総会｜上門補習中介平台｜私補導師推介 | https://www.getutor.com.hk/
[2026-08-25 12:43:33] [23/115] GETUTOR 香港導師総会｜上門補習中介平台｜私補導師推介 | https://www.getutor.com.hk/
[2026-08-25 12:43:33]   ↳ 已存在，跳過 (GETUTOR-香港導師総会上門補習中介平台私補導師推介Private-Tutors-AgencyIB-IGCSE-A.html)
[2026-08-25 12:43:33]   ↳ 已存在，跳過 (GETUTOR-香港導師総会上門補習中介平台私補導師推介Private-Tutors-AgencyIB-IGCSE-A.html)
[2026-08-25 12:43:33] [24/115] 英博教学中心 - 数学中文英文補習 - 中小学補習社 | https://eplc.edu.hk/
[2026-08-25 12:43:33] [24/115] 英博教学中心 - 数学中文英文補習 - 中小学補習社 | https://eplc.edu.hk/
[2026-08-25 12:43:33]   ↳ 已存在，跳過 (英博教学中心---数学中文英文補習---中小学補習社.html)
[2026-08-25 12:43:33]   ↳ 已存在，跳過 (英博教学中心---数学中文英文補習---中小学補習社.html)
[2026-08-25 12:43:33] [25/115] 進研教育 - 英文中文数学補習社 | https://joinin-education.com/
[2026-08-25 12:43:33] [25/115] 進研教育 - 英文中文数学補習社 | https://joinin-education.com/
[2026-08-25 12:43:33]   ↳ 已存在，跳過 (進研教育---英文中文数学補習社.html)
[2026-08-25 12:43:33]   ↳ 已存在，跳過 (進研教育---英文中文数学補習社.html)
[2026-08-25 12:43:33] [26/115] 學斯教育(灣仔) | http://hoksi-edu.com/
[2026-08-25 12:43:33] [26/115] 學斯教育(灣仔) | http://hoksi-edu.com/
[2026-08-25 12:43:33]   ↳ 已存在，跳過 (學斯教育灣仔.html)
[2026-08-25 12:43:33]   ↳ 已存在，跳過 (學斯教育灣仔.html)
[2026-08-25 12:43:33] [27/115] 補習社｜学博教育 Learn Smart Education | https://learnsmart.edu.hk/
[2026-08-25 12:43:33] [27/115] 補習社｜学博教育 Learn Smart Education | https://learnsmart.edu.hk/
[2026-08-25 12:43:33]   ↳ 已存在，跳過 (補習社学博教育-Learn-Smart-Education.html)
[2026-08-25 12:43:33]   ↳ 已存在，跳過 (補習社学博教育-Learn-Smart-Education.html)
[2026-08-25 12:43:33] [28/115] 24/7 Fitness Central | http://247.fitness/
[2026-08-25 12:43:33] [28/115] 24/7 Fitness Central | http://247.fitness/
[2026-08-25 12:43:33]   ↳ 已存在，跳過 (24-7-Fitness-Central.html)
[2026-08-25 12:43:33]   ↳ 已存在，跳過 (24-7-Fitness-Central.html)
[2026-08-25 12:43:33] [29/115] 啓弘牙科（旺角店）丨九龍/旺角牙医/智慧歯/箍牙/隠式美/全 | https://omnesdental.com/
[2026-08-25 12:43:33] [29/115] 啓弘牙科（旺角店）丨九龍/旺角牙医/智慧歯/箍牙/隠式美/全 | https://omnesdental.com/
[2026-08-25 12:43:33]   ↳ 已存在，跳過 (啓弘牙科旺角店丨九龍-旺角牙医-智慧歯-箍牙-隠式美-全方位牙科服務-専業治療牙痛-種植牙-補牙-剥牙-洗牙.html)
[2026-08-25 12:43:33]   ↳ 已存在，跳過 (啓弘牙科旺角店丨九龍-旺角牙医-智慧歯-箍牙-隠式美-全方位牙科服務-専業治療牙痛-種植牙-補牙-剥牙-洗牙.html)
[2026-08-25 12:43:33] [30/115] Smith & Jain Dentists 史密夫和鄭牙醫診 | https://smithandjaindentists.com/
[2026-08-25 12:43:33] [30/115] Smith & Jain Dentists 史密夫和鄭牙醫診 | https://smithandjaindentists.com/
[2026-08-25 12:43:33]   ↳ 已存在，跳過 (Smith--Jain-Dentists-史密夫和鄭牙醫診所.html)
[2026-08-25 12:43:33]   ↳ 已存在，跳過 (Smith--Jain-Dentists-史密夫和鄭牙醫診所.html)
[2026-08-25 12:43:33] [31/115] Home Dental (Tsim Sha Tsui Bra | https://homedentalhk.com/cn/contact-us/tst
[2026-08-25 12:43:33] [31/115] Home Dental (Tsim Sha Tsui Bra | https://homedentalhk.com/cn/contact-us/tst
[2026-08-25 12:43:33]   ↳ 已存在，跳過 (Home-Dental-Tsim-Sha-Tsui-Branch.html)
[2026-08-25 12:43:33]   ↳ 已存在，跳過 (Home-Dental-Tsim-Sha-Tsui-Branch.html)
[2026-08-25 12:43:33] [32/115] 伍裕彤牙医 | https://trucaredental.hk/
[2026-08-25 12:43:33] [32/115] 伍裕彤牙医 | https://trucaredental.hk/
[2026-08-25 12:43:33]   ↳ 已存在，跳過 (伍裕彤牙医.html)
[2026-08-25 12:43:33]   ↳ 已存在，跳過 (伍裕彤牙医.html)
[2026-08-25 12:43:33] [33/115] Home Dental | https://homedentalhk.com/cn/contact-us/cwb
[2026-08-25 12:43:33] [33/115] Home Dental | https://homedentalhk.com/cn/contact-us/cwb
[2026-08-25 12:43:33]   ↳ 已存在，跳過 (Home-Dental.html)
[2026-08-25 12:43:33]   ↳ 已存在，跳過 (Home-Dental.html)
[2026-08-25 12:43:33] [34/115] T.O.P Dental by Family Smile L | http://www.topdental.hk/
[2026-08-25 12:43:33] [34/115] T.O.P Dental by Family Smile L | http://www.topdental.hk/
[2026-08-25 12:43:33]   ↳ 已存在，跳過 (T.O.P-Dental-by-Family-Smile-Ltd-香港牙科醫療集團-旺角太子牙醫中心.html)
[2026-08-25 12:43:33]   ↳ 已存在，跳過 (T.O.P-Dental-by-Family-Smile-Ltd-香港牙科醫療集團-旺角太子牙醫中心.html)
[2026-08-25 12:43:33] [35/115] Metro Dental 城健総合牙科医療中心 | https://www.metrodental.com.hk/
[2026-08-25 12:43:33] [35/115] Metro Dental 城健総合牙科医療中心 | https://www.metrodental.com.hk/
[2026-08-25 12:43:33]   ↳ 已存在，跳過 (Metro-Dental-城健総合牙科医療中心.html)
[2026-08-25 12:43:33]   ↳ 已存在，跳過 (Metro-Dental-城健総合牙科医療中心.html)
[2026-08-25 12:43:33] [36/115] 大国手 汽車車身維修 Grand Tycoon Automo | http://grandtycoon.com/
[2026-08-25 12:43:33] [36/115] 大国手 汽車車身維修 Grand Tycoon Automo | http://grandtycoon.com/
[2026-08-25 12:43:33]   ↳ 已存在，跳過 (大国手-汽車車身維修-Grand-Tycoon-Automotive-Repair-Shop.html)
[2026-08-25 12:43:33]   ↳ 已存在，跳過 (大国手-汽車車身維修-Grand-Tycoon-Automotive-Repair-Shop.html)
[2026-08-25 12:43:33] [37/115] AutoMate | Sham Shui Po Shop | https://www.automate-app.com/auto-shop
[2026-08-25 12:43:33] [37/115] AutoMate | Sham Shui Po Shop | https://www.automate-app.com/auto-shop
[2026-08-25 12:43:33]   ↳ 已存在，跳過 (AutoMate-Sham-Shui-Po-Shop.html)
[2026-08-25 12:43:33]   ↳ 已存在，跳過 (AutoMate-Sham-Shui-Po-Shop.html)
[2026-08-25 12:43:33] [38/115] Carol Garage Limited | http://www.carolgarage.com.hk/
[2026-08-25 12:43:33] [38/115] Carol Garage Limited | http://www.carolgarage.com.hk/
[2026-08-25 12:43:33]   ↳ 已存在，跳過 (Carol-Garage-Limited.html)
[2026-08-25 12:43:33]   ↳ 已存在，跳過 (Carol-Garage-Limited.html)
[2026-08-25 12:43:33] [39/115] 八方汽車 | Power Moto Limited | http://www.power-moto.hk/
[2026-08-25 12:43:33] [39/115] 八方汽車 | Power Moto Limited | http://www.power-moto.hk/
[2026-08-25 12:43:33]   ↳ 已存在，跳過 (八方汽車-Power-Moto-Limited.html)
[2026-08-25 12:43:33]   ↳ 已存在，跳過 (八方汽車-Power-Moto-Limited.html)
[2026-08-25 12:43:33] [40/115] Flow & Roll Laundry 自助洗衣 (中環 C | https://flowandroll.com/
[2026-08-25 12:43:33] [40/115] Flow & Roll Laundry 自助洗衣 (中環 C | https://flowandroll.com/
[2026-08-25 12:43:33]   ↳ 已存在，跳過 (Flow--Roll-Laundry-自助洗衣-中環-Central.html)
[2026-08-25 12:43:33]   ↳ 已存在，跳過 (Flow--Roll-Laundry-自助洗衣-中環-Central.html)
[2026-08-25 12:43:33] [41/115] 初洗 First Laundry 觀塘24小時自助洗衣店 | https://wa.me/85268716550
[2026-08-25 12:43:33] [41/115] 初洗 First Laundry 觀塘24小時自助洗衣店 | https://wa.me/85268716550
[2026-08-25 12:43:33]   ↳ 已存在，跳過 (初洗-First-Laundry-觀塘24小時自助洗衣店.html)
[2026-08-25 12:43:33]   ↳ 已存在，跳過 (初洗-First-Laundry-觀塘24小時自助洗衣店.html)
[2026-08-25 12:43:33] [42/115] 水漾衣坊 water laundry | https://whalewashmk.hk/
[2026-08-25 12:43:33] [42/115] 水漾衣坊 water laundry | https://whalewashmk.hk/
[2026-08-25 12:43:33]   ↳ 已存在，跳過 (水漾衣坊-water-laundry.html)
[2026-08-25 12:43:33]   ↳ 已存在，跳過 (水漾衣坊-water-laundry.html)
[2026-08-25 12:43:33] [43/115] FLORISTRY by ART OF LIVING | http://www.floristrybyartofliving.com/
[2026-08-25 12:43:33] [43/115] FLORISTRY by ART OF LIVING | http://www.floristrybyartofliving.com/
[2026-08-25 12:43:33]   ↳ 已存在，跳過 (FLORISTRY-by-ART-OF-LIVING.html)
[2026-08-25 12:43:33]   ↳ 已存在，跳過 (FLORISTRY-by-ART-OF-LIVING.html)
[2026-08-25 12:43:33] [44/115] 花籃 450 - Flower 450 | https://flower450.com/
[2026-08-25 12:43:33] [44/115] 花籃 450 - Flower 450 | https://flower450.com/
[2026-08-25 12:43:33]   ↳ 已存在，跳過 (花籃-450---Flower-450.html)
[2026-08-25 12:43:33]   ↳ 已存在，跳過 (花籃-450---Flower-450.html)
[2026-08-25 12:43:33] [45/115] 優之花鋪-U Flower Shop | https://www.uflowershop.com/
[2026-08-25 12:43:33] [45/115] 優之花鋪-U Flower Shop | https://www.uflowershop.com/
[2026-08-25 12:43:33]   ↳ 已存在，跳過 (優之花鋪-U-Flower-Shop.html)
[2026-08-25 12:43:33]   ↳ 已存在，跳過 (優之花鋪-U-Flower-Shop.html)
[2026-08-25 12:43:33] [46/115] Eternal Flora hk | https://www.eternalflorahk.com/
[2026-08-25 12:43:33] [46/115] Eternal Flora hk | https://www.eternalflorahk.com/
[2026-08-25 12:43:33]   ↳ 已存在，跳過 (Eternal-Flora-hk.html)
[2026-08-25 12:43:33]   ↳ 已存在，跳過 (Eternal-Flora-hk.html)
[2026-08-25 12:43:33] [47/115] FDHK - Flower Delivery Hong Ko | https://flowerdeliveryhongkong.com/
[2026-08-25 12:43:33] [47/115] FDHK - Flower Delivery Hong Ko | https://flowerdeliveryhongkong.com/
[2026-08-25 12:43:33]   ↳ 已存在，跳過 (FDHK---Flower-Delivery-Hong-Kong.html)
[2026-08-25 12:43:33]   ↳ 已存在，跳過 (FDHK---Flower-Delivery-Hong-Kong.html)
[2026-08-25 12:43:33] [48/115] Joseph Photo 香港專業攝影工作室 | https://josephphoto.hk/
[2026-08-25 12:43:33] [48/115] Joseph Photo 香港專業攝影工作室 | https://josephphoto.hk/
[2026-08-25 12:43:33]   ↳ 已存在，跳過 (Joseph-Photo-香港專業攝影工作室.html)
[2026-08-25 12:43:33]   ↳ 已存在，跳過 (Joseph-Photo-香港專業攝影工作室.html)
[2026-08-25 12:43:33] [49/115] Majesty Professional Photo殿堂館- | https://www.majestyprofessional.com/
[2026-08-25 12:43:33] [49/115] Majesty Professional Photo殿堂館- | https://www.majestyprofessional.com/
[2026-08-25 12:43:33]   ↳ 已存在，跳過 (Majesty-Professional-Photo殿堂館-專業照首選.html)
[2026-08-25 12:43:33]   ↳ 已存在，跳過 (Majesty-Professional-Photo殿堂館-專業照首選.html)
[2026-08-25 12:43:33] [50/115] Owl Photo Studio 貓頭鷹照相館 | https://www.owlphoto.hk/
[2026-08-25 12:43:33] [50/115] Owl Photo Studio 貓頭鷹照相館 | https://www.owlphoto.hk/
[2026-08-25 12:43:33]   ↳ 已存在，跳過 (Owl-Photo-Studio-貓頭鷹照相館.html)
[2026-08-25 12:43:33]   ↳ 已存在，跳過 (Owl-Photo-Studio-貓頭鷹照相館.html)
[2026-08-25 12:43:33] [51/115] Yat Tung Heen - Eaton HK | https://www.yattungheen.com/
[2026-08-25 12:43:33] [51/115] Yat Tung Heen - Eaton HK | https://www.yattungheen.com/
[2026-08-25 12:43:33]   ↳ 已存在，跳過 (Yat-Tung-Heen---Eaton-HK.html)
[2026-08-25 12:43:33]   ↳ 已存在，跳過 (Yat-Tung-Heen---Eaton-HK.html)
[2026-08-25 12:43:33] [52/115] Hair Quest Hair salon Central | https://www.hairquest-hk.com/
[2026-08-25 12:43:33] [52/115] Hair Quest Hair salon Central | https://www.hairquest-hk.com/
[2026-08-25 12:43:33]   ↳ 已存在，跳過 (Hair-Quest-Hair-salon-Central.html)
[2026-08-25 12:43:33]   ↳ 已存在，跳過 (Hair-Quest-Hair-salon-Central.html)
[2026-08-25 12:43:33] [53/115] 天下猫猫一様猫 | https://www.catiscat.com.hk/
[2026-08-25 12:43:33] [53/115] 天下猫猫一様猫 | https://www.catiscat.com.hk/
[2026-08-25 12:43:33]   ↳ 已存在，跳過 (天下猫猫一様猫.html)
[2026-08-25 12:43:33]   ↳ 已存在，跳過 (天下猫猫一様猫.html)
[2026-08-25 12:43:33] [54/115] Bora beauty | https://bora.hk/
[2026-08-25 12:43:33] [54/115] Bora beauty | https://bora.hk/
[2026-08-25 12:43:33]   ↳ 已存在，跳過 (Bora-beauty.html)
[2026-08-25 12:43:33]   ↳ 已存在，跳過 (Bora-beauty.html)
[2026-08-25 12:43:33] [55/115] Dream Scenes Studio | http://dreamscenesstudio.com/
[2026-08-25 12:43:33] [55/115] Dream Scenes Studio | http://dreamscenesstudio.com/
[2026-08-25 12:43:33]   ↳ 已存在，跳過 (Dream-Scenes-Studio.html)
[2026-08-25 12:43:33]   ↳ 已存在，跳過 (Dream-Scenes-Studio.html)
[2026-08-25 12:43:33] [56/115] Dazzling Smile Dental Clinic 瑩 | https://dazzlingsmiledentalclinic.com/
[2026-08-25 12:43:33] [56/115] Dazzling Smile Dental Clinic 瑩 | https://dazzlingsmiledentalclinic.com/
[2026-08-25 12:43:33]   ↳ 已存在，跳過 (Dazzling-Smile-Dental-Clinic-瑩恩牙科診所.html)
[2026-08-25 12:43:33]   ↳ 已存在，跳過 (Dazzling-Smile-Dental-Clinic-瑩恩牙科診所.html)
[2026-08-25 12:43:33] [57/115] Family Smile Limited | http://www.familysmile.hk/
[2026-08-25 12:43:33] [57/115] Family Smile Limited | http://www.familysmile.hk/
[2026-08-25 12:43:33]   ↳ 已存在，跳過 (Family-Smile-Limited.html)
[2026-08-25 12:43:33]   ↳ 已存在，跳過 (Family-Smile-Limited.html)
[2026-08-25 12:43:33] [58/115] INDULGENCE hair & beauty salon | http://www.indulgence.hk/
[2026-08-25 12:43:33] [58/115] INDULGENCE hair & beauty salon | http://www.indulgence.hk/
[2026-08-25 12:43:33]   ↳ 已存在，跳過 (INDULGENCE-hair--beauty-salon.html)
[2026-08-25 12:43:33]   ↳ 已存在，跳過 (INDULGENCE-hair--beauty-salon.html)
[2026-08-25 12:43:33] [59/115] 花店 | 花束專家 | https://www.flowerbouquet.com.hk/
[2026-08-25 12:43:33] [59/115] 花店 | 花束專家 | https://www.flowerbouquet.com.hk/
[2026-08-25 12:43:33]   ↳ 已存在，跳過 (花店-花束專家.html)
[2026-08-25 12:43:33]   ↳ 已存在，跳過 (花店-花束專家.html)
[2026-08-25 12:43:33] [60/115] 網上訂花 ‧ 送花香港 | Fdhk 最高評分即日網上花店 | https://flowerdeliveryhongkong.com/zh
[2026-08-25 12:43:33] [60/115] 網上訂花 ‧ 送花香港 | Fdhk 最高評分即日網上花店 | https://flowerdeliveryhongkong.com/zh
[2026-08-25 12:43:33]   ↳ 已存在，跳過 (網上訂花--送花香港-Fdhk-最高評分即日網上花店.html)
[2026-08-25 12:43:33]   ↳ 已存在，跳過 (網上訂花--送花香港-Fdhk-最高評分即日網上花店.html)
[2026-08-25 12:43:33] [61/115] Rhine Flowers | https://rhineflowers.com/
[2026-08-25 12:43:33] [61/115] Rhine Flowers | https://rhineflowers.com/
[2026-08-25 12:43:33]   ↳ 已存在，跳過 (Rhine-Flowers.html)
[2026-08-25 12:43:33]   ↳ 已存在，跳過 (Rhine-Flowers.html)
[2026-08-25 12:43:33] [62/115] 香港花店｜網上訂花及送花｜Gift Flowers HK | https://giftflowers.com.hk/cn/
[2026-08-25 12:43:33] [62/115] 香港花店｜網上訂花及送花｜Gift Flowers HK | https://giftflowers.com.hk/cn/
[2026-08-25 12:43:33]   ↳ 已存在，跳過 (香港花店網上訂花及送花Gift-Flowers-HK.html)
[2026-08-25 12:43:33]   ↳ 已存在，跳過 (香港花店網上訂花及送花Gift-Flowers-HK.html)
[2026-08-25 12:43:33] [63/115] Flora Floriculture - 花店 | https://www.floraf.com.hk/
[2026-08-25 12:43:33] [63/115] Flora Floriculture - 花店 | https://www.floraf.com.hk/
[2026-08-25 12:43:33]   ↳ 已存在，跳過 (Flora-Floriculture---花店.html)
[2026-08-25 12:43:33]   ↳ 已存在，跳過 (Flora-Floriculture---花店.html)
[2026-08-25 12:43:33] [64/115] 香港花店 | https://www.mrsliuflorist.com/
[2026-08-25 12:43:33] [64/115] 香港花店 | https://www.mrsliuflorist.com/
[2026-08-25 12:43:33]   ↳ 已存在，跳過 (香港花店.html)
[2026-08-25 12:43:33]   ↳ 已存在，跳過 (香港花店.html)
[2026-08-25 12:43:33] [65/115] 網上花店| 網上訂花 | 即日送花 | HKfashop | https://hkfashop.com/
[2026-08-25 12:43:33] [65/115] 網上花店| 網上訂花 | 即日送花 | HKfashop | https://hkfashop.com/
[2026-08-25 12:43:33]   ↳ 已存在，跳過 (網上花店-網上訂花-即日送花-HKfashop.html)
[2026-08-25 12:43:33]   ↳ 已存在，跳過 (網上花店-網上訂花-即日送花-HKfashop.html)
[2026-08-25 12:43:33] [66/115] 【 送花】 ｜訂花｜Flowerbee Florist訂花束 | https://flowerbee-hk.com/zh
[2026-08-25 12:43:33] [66/115] 【 送花】 ｜訂花｜Flowerbee Florist訂花束 | https://flowerbee-hk.com/zh
[2026-08-25 12:43:33]   ↳ 已存在，跳過 (送花-訂花Flowerbee-Florist訂花束---Flowerbee-HK-Florist.html)
[2026-08-25 12:43:33]   ↳ 已存在，跳過 (送花-訂花Flowerbee-Florist訂花束---Flowerbee-HK-Florist.html)
[2026-08-25 12:43:33] [67/115] 花點時間｜香港旺角花墟實體花店：24小時訂花、鮮花花束、開張 | https://www.reflower.com.hk/
[2026-08-25 12:43:33] [67/115] 花點時間｜香港旺角花墟實體花店：24小時訂花、鮮花花束、開張 | https://www.reflower.com.hk/
[2026-08-25 12:43:33]   ↳ 已存在，跳過 (花點時間香港旺角花墟實體花店24小時訂花鮮花花束開張花籃鮮花批發---花點時間-Reflower.html)
[2026-08-25 12:43:33]   ↳ 已存在，跳過 (花點時間香港旺角花墟實體花店24小時訂花鮮花花束開張花籃鮮花批發---花點時間-Reflower.html)
[2026-08-25 12:43:33] [68/115] 香港花店- 首頁花店推薦 - 我們代表和倡導位於香港島、九龍 | https://zh-hk.hk-florist.org/
[2026-08-25 12:43:33] [68/115] 香港花店- 首頁花店推薦 - 我們代表和倡導位於香港島、九龍 | https://zh-hk.hk-florist.org/
[2026-08-25 12:43:33]   ↳ 已存在，跳過 (香港花店--首頁花店推薦---我們代表和倡導位於香港島九龍和新界的花店以及在線花店和鮮花配送公司.html)
[2026-08-25 12:43:33]   ↳ 已存在，跳過 (香港花店--首頁花店推薦---我們代表和倡導位於香港島九龍和新界的花店以及在線花店和鮮花配送公司.html)
[2026-08-25 12:43:33] [69/115] 有花漾 ZH Flowers | https://www.zh-flowers.com/
[2026-08-25 12:43:33] [69/115] 有花漾 ZH Flowers | https://www.zh-flowers.com/
[2026-08-25 12:43:33]   ↳ 已存在，跳過 (有花漾-ZH-Flowers.html)
[2026-08-25 12:43:33]   ↳ 已存在，跳過 (有花漾-ZH-Flowers.html)
[2026-08-25 12:43:33] [70/115] 花店花生花華 | FaSunflower Florist | https://www.fasunflower.com/
[2026-08-25 12:43:33] [70/115] 花店花生花華 | FaSunflower Florist | https://www.fasunflower.com/
[2026-08-25 12:43:33]   ↳ 已存在，跳過 (花店花生花華-FaSunflower-Florist.html)
[2026-08-25 12:43:33]   ↳ 已存在，跳過 (花店花生花華-FaSunflower-Florist.html)
[2026-08-25 12:43:33] [71/115] 格蘭花店 Grand Floral & Gift Shop | https://grand.com.hk/
[2026-08-25 12:43:33] [71/115] 格蘭花店 Grand Floral & Gift Shop | https://grand.com.hk/
[2026-08-25 12:43:33]   ↳ 已存在，跳過 (格蘭花店-Grand-Floral--Gift-Shop.html)
[2026-08-25 12:43:33]   ↳ 已存在，跳過 (格蘭花店-Grand-Floral--Gift-Shop.html)
[2026-08-25 12:43:33] [72/115] WHY Studio - 上環證件相｜學生相｜專業形象照 | https://www.whystudiohk.com/
[2026-08-25 12:43:33] [72/115] WHY Studio - 上環證件相｜學生相｜專業形象照 | https://www.whystudiohk.com/
[2026-08-25 12:43:33]   ↳ 已存在，跳過 (WHY-Studio---上環證件相學生相專業形象照.html)
[2026-08-25 12:43:33]   ↳ 已存在，跳過 (WHY-Studio---上環證件相學生相專業形象照.html)
[2026-08-25 12:43:33] [73/115] Cat Watt 晴珊猫舎 | http://www.catwatt.com/
[2026-08-25 12:43:33] [73/115] Cat Watt 晴珊猫舎 | http://www.catwatt.com/
[2026-08-25 12:43:33]   ↳ 已存在，跳過 (Cat-Watt-晴珊猫舎.html)
[2026-08-25 12:43:33]   ↳ 已存在，跳過 (Cat-Watt-晴珊猫舎.html)
[2026-08-25 12:43:33] [74/115] 牙齒矯正及兒童齒科中心 (旺角朗豪坊) | Orthodon | https://www.ortho-center.com/
[2026-08-25 12:43:33] [74/115] 牙齒矯正及兒童齒科中心 (旺角朗豪坊) | Orthodon | https://www.ortho-center.com/
[2026-08-25 12:43:33]   ↳ 已存在，跳過 (牙齒矯正及兒童齒科中心-旺角朗豪坊-Orthodontic--Childrens-Dental-Center-Langh.html)
[2026-08-25 12:43:33]   ↳ 已存在，跳過 (牙齒矯正及兒童齒科中心-旺角朗豪坊-Orthodontic--Childrens-Dental-Center-Langh.html)
[2026-08-25 12:43:33] [75/115] HALO Flowers | https://haloflowers.com.hk/zh-hant/
[2026-08-25 12:43:33] [75/115] HALO Flowers | https://haloflowers.com.hk/zh-hant/
[2026-08-25 12:43:33]   ↳ 已存在，跳過 (HALO-Flowers.html)
[2026-08-25 12:43:33]   ↳ 已存在，跳過 (HALO-Flowers.html)
[2026-08-25 12:43:33] [76/115] Pettington 柏靈頓獸醫寵物用品 | https://www.pettington.com/
[2026-08-25 12:43:33] [76/115] Pettington 柏靈頓獸醫寵物用品 | https://www.pettington.com/
[2026-08-25 12:43:33]   ↳ 已存在，跳過 (Pettington-柏靈頓獸醫寵物用品.html)
[2026-08-25 12:43:33]   ↳ 已存在，跳過 (Pettington-柏靈頓獸醫寵物用品.html)
[2026-08-25 12:43:33] [77/115] 皓保牙科診所 Craft Smile Dental Cent | https://zh.drchrischeung.com/
[2026-08-25 12:43:33] [77/115] 皓保牙科診所 Craft Smile Dental Cent | https://zh.drchrischeung.com/
[2026-08-25 12:43:33]   ↳ 已存在，跳過 (皓保牙科診所-Craft-Smile-Dental-Center.html)
[2026-08-25 12:43:33]   ↳ 已存在，跳過 (皓保牙科診所-Craft-Smile-Dental-Center.html)
[2026-08-25 12:43:33] [78/115] Toyota Kowloon Bay Service Cen | https://www.toyota.com.hk/?utm_campaign=gmb&utm_medium=organic&utm_source=local
[2026-08-25 12:43:33] [78/115] Toyota Kowloon Bay Service Cen | https://www.toyota.com.hk/?utm_campaign=gmb&utm_medium=organic&utm_source=local
[2026-08-25 12:43:33]   ↳ 已存在，跳過 (Toyota-Kowloon-Bay-Service-Centre-Mechanical.html)
[2026-08-25 12:43:33]   ↳ 已存在，跳過 (Toyota-Kowloon-Bay-Service-Centre-Mechanical.html)
[2026-08-25 12:43:33] [79/115] Anglo Chinese Florist | http://www.anglochinese.com/
[2026-08-25 12:43:33] [79/115] Anglo Chinese Florist | http://www.anglochinese.com/
[2026-08-25 12:43:33]   ↳ 已存在，跳過 (Anglo-Chinese-Florist.html)
[2026-08-25 12:43:33]   ↳ 已存在，跳過 (Anglo-Chinese-Florist.html)
[2026-08-25 12:43:33] [80/115] Photobi HK 韓式 証件相拍摂工作室 - 湾仔店 | https://photobi.hk/
[2026-08-25 12:43:33] [80/115] Photobi HK 韓式 証件相拍摂工作室 - 湾仔店 | https://photobi.hk/
[2026-08-25 12:43:33]   ↳ 已存在，跳過 (Photobi-HK-韓式-証件相拍摂工作室---湾仔店.html)
[2026-08-25 12:43:33]   ↳ 已存在，跳過 (Photobi-HK-韓式-証件相拍摂工作室---湾仔店.html)
[2026-08-25 12:43:33] [81/115] Advance Pet Food | http://advancepetfood.com/
[2026-08-25 12:43:33] [81/115] Advance Pet Food | http://advancepetfood.com/
[2026-08-25 12:43:33]   ↳ 已存在，跳過 (Advance-Pet-Food.html)
[2026-08-25 12:43:33]   ↳ 已存在，跳過 (Advance-Pet-Food.html)
[2026-08-25 12:43:33] [82/115] Anna Maria Studio | http://annamstudio.com/
[2026-08-25 12:43:33] [82/115] Anna Maria Studio | http://annamstudio.com/
[2026-08-25 12:43:33]   ↳ 已存在，跳過 (Anna-Maria-Studio.html)
[2026-08-25 12:43:33]   ↳ 已存在，跳過 (Anna-Maria-Studio.html)
[2026-08-25 12:43:33] [83/115] 1984 HAIR SALON | https://1984hairsalon.wixsite.com/1984-hairsalon
[2026-08-25 12:43:33] [83/115] 1984 HAIR SALON | https://1984hairsalon.wixsite.com/1984-hairsalon
[2026-08-25 12:43:33]   ↳ 已存在，跳過 (1984-HAIR-SALON.html)
[2026-08-25 12:43:33]   ↳ 已存在，跳過 (1984-HAIR-SALON.html)
[2026-08-25 12:43:33] [84/115] Bulls PPF 専門店 | https://www.ppf.com.hk/
[2026-08-25 12:43:33] [84/115] Bulls PPF 専門店 | https://www.ppf.com.hk/
[2026-08-25 12:43:33]   ↳ 已存在，跳過 (Bulls-PPF-専門店.html)
[2026-08-25 12:43:33]   ↳ 已存在，跳過 (Bulls-PPF-専門店.html)
[2026-08-25 12:43:33] [85/115] LEEKAJA X AMONG Hair Salon Cen | https://www.leekaja.hk/
[2026-08-25 12:43:33] [85/115] LEEKAJA X AMONG Hair Salon Cen | https://www.leekaja.hk/
[2026-08-25 12:43:33]   ↳ 已存在，跳過 (LEEKAJA-X-AMONG-Hair-Salon-Century-Square-in-Hongkong-한국-미용실.html)
[2026-08-25 12:43:33]   ↳ 已存在，跳過 (LEEKAJA-X-AMONG-Hair-Salon-Century-Square-in-Hongkong-한국-미용실.html)
[2026-08-25 12:43:33] [86/115] MEGAPET (Kowloon City Shop) | http://www.megapet.com.hk/
[2026-08-25 12:43:33] [86/115] MEGAPET (Kowloon City Shop) | http://www.megapet.com.hk/
[2026-08-25 12:43:33]   ↳ 已存在，跳過 (MEGAPET-Kowloon-City-Shop.html)
[2026-08-25 12:43:33]   ↳ 已存在，跳過 (MEGAPET-Kowloon-City-Shop.html)
[2026-08-25 12:43:33] [87/115] 仁健牙科 Nixon Dental (太子牙醫/旺角牙醫/洗 | http://www.nixondental.com/
[2026-08-25 12:43:33] [87/115] 仁健牙科 Nixon Dental (太子牙醫/旺角牙醫/洗 | http://www.nixondental.com/
[2026-08-25 12:43:33]   ↳ 已存在，跳過 (仁健牙科-Nixon-Dental-太子牙醫-旺角牙醫-洗牙-補牙-種牙-植牙-杜牙根-智慧齒-箍牙-Invisalig.html)
[2026-08-25 12:43:33]   ↳ 已存在，跳過 (仁健牙科-Nixon-Dental-太子牙醫-旺角牙醫-洗牙-補牙-種牙-植牙-杜牙根-智慧齒-箍牙-Invisalig.html)
[2026-08-25 12:43:33] [88/115] 香港車房及汽車維修 | CarService.hk | https://www.carservice.hk/zh-hk
[2026-08-25 12:43:33] [88/115] 香港車房及汽車維修 | CarService.hk | https://www.carservice.hk/zh-hk
[2026-08-25 12:43:33]   ↳ 已存在，跳過 (香港車房及汽車維修-CarService.hk.html)
[2026-08-25 12:43:33]   ↳ 已存在，跳過 (香港車房及汽車維修-CarService.hk.html)
[2026-08-25 12:43:33] [89/115] 24小時 上門汽車維修保養服務 | https://garage-hk.com/onsite.php
[2026-08-25 12:43:33] [89/115] 24小時 上門汽車維修保養服務 | https://garage-hk.com/onsite.php
[2026-08-25 12:43:33]   ↳ 已存在，跳過 (24小時-上門汽車維修保養服務.html)
[2026-08-25 12:43:33]   ↳ 已存在，跳過 (24小時-上門汽車維修保養服務.html)
[2026-08-25 12:43:33] [90/115] 保養及維修服務 - Dchmsc | https://www.dchmsc.com/zh/maintenance-repair
[2026-08-25 12:43:33] [90/115] 保養及維修服務 - Dchmsc | https://www.dchmsc.com/zh/maintenance-repair
[2026-08-25 12:43:33]   ↳ 已存在，跳過 (保養及維修服務---Dchmsc.html)
[2026-08-25 12:43:33]   ↳ 已存在，跳過 (保養及維修服務---Dchmsc.html)
[2026-08-25 12:43:33] [91/115] Carro Care | https://carro.co/hk/zh-hant-hk/carro-care
[2026-08-25 12:43:33] [91/115] Carro Care | https://carro.co/hk/zh-hant-hk/carro-care
[2026-08-25 12:43:33]   ↳ 已存在，跳過 (Carro-Care.html)
[2026-08-25 12:43:33]   ↳ 已存在，跳過 (Carro-Care.html)
[2026-08-25 12:43:33] [92/115] 車師傅 - 全港認證車師傅總匯 | https://www.mastercar.hk/
[2026-08-25 12:43:33] [92/115] 車師傅 - 全港認證車師傅總匯 | https://www.mastercar.hk/
[2026-08-25 12:43:33]   ↳ 已存在，跳過 (車師傅---全港認證車師傅總匯.html)
[2026-08-25 12:43:33]   ↳ 已存在，跳過 (車師傅---全港認證車師傅總匯.html)
[2026-08-25 12:43:33] [93/115] 堅記車房平台 | https://www.kinkeecar.com/
[2026-08-25 12:43:33] [93/115] 堅記車房平台 | https://www.kinkeecar.com/
[2026-08-25 12:43:33]   ↳ 已存在，跳過 (堅記車房平台.html)
[2026-08-25 12:43:33]   ↳ 已存在，跳過 (堅記車房平台.html)
[2026-08-25 12:43:33] [94/115] 汽車保養及汽車維修 | CarService.hk | https://www.carservice.hk/zh-hk/services/car-servicing
[2026-08-25 12:43:33] [94/115] 汽車保養及汽車維修 | CarService.hk | https://www.carservice.hk/zh-hk/services/car-servicing
[2026-08-25 12:43:33]   ↳ 已存在，跳過 (汽車保養及汽車維修-CarService.hk.html)
[2026-08-25 12:43:33]   ↳ 已存在，跳過 (汽車保養及汽車維修-CarService.hk.html)
[2026-08-25 12:43:33] [95/115] 汽車維修 - Anyone | https://www.anyonehk.com/%E6%B1%BD%E8%BB%8A%E7%B6%AD%E4%BF%AE/
[2026-08-25 12:43:33] [95/115] 汽車維修 - Anyone | https://www.anyonehk.com/%E6%B1%BD%E8%BB%8A%E7%B6%AD%E4%BF%AE/
[2026-08-25 12:43:33]   ↳ 已存在，跳過 (汽車維修---Anyone.html)
[2026-08-25 12:43:33]   ↳ 已存在，跳過 (汽車維修---Anyone.html)
[2026-08-25 12:43:33] [96/115] 香港汽車維修公司名錄 - 新成立/注册及已更改名称的公司名单 | https://hkg.databasesets.com/zh-hant/gongsimingdan/type/Motor_Service
[2026-08-25 12:43:33] [96/115] 香港汽車維修公司名錄 - 新成立/注册及已更改名称的公司名单 | https://hkg.databasesets.com/zh-hant/gongsimingdan/type/Motor_Service
[2026-08-25 12:43:33]   ↳ 已存在，跳過 (香港汽車維修公司名錄---新成立-注册及已更改名称的公司名单.html)
[2026-08-25 12:43:33]   ↳ 已存在，跳過 (香港汽車維修公司名錄---新成立-注册及已更改名称的公司名单.html)
[2026-08-25 12:43:33] [97/115] 汽車服務公司 - Driver.com.hk | https://www.driver.com.hk/service
[2026-08-25 12:43:33] [97/115] 汽車服務公司 - Driver.com.hk | https://www.driver.com.hk/service
[2026-08-25 12:43:33]   ↳ 已存在，跳過 (汽車服務公司---Driver.com.hk.html)
[2026-08-25 12:43:33]   ↳ 已存在，跳過 (汽車服務公司---Driver.com.hk.html)
[2026-08-25 12:43:33] [98/115] 最佳香港花店推介 送花訂花好去處/網上買花 | https://www.timeout.com.hk/hong-kong/hk/%E8%B3%BC%E7%89%A9/%E6%9C%80%E4%BD%B3%E9%A6%99%E6%B8%AF%E8%8A%B1%E5%BA%97%E6%8E%A8%E4%BB%8B-%E9%80%81%E8%8A%B1%E8%A8%82%E8%8A%B1%E5%A5%BD%E5%8E%BB%E8%99%95-%E7%B6%B2%E4%B8%8A%E8%B2%B7%E8%8A%B1
[2026-08-25 12:43:33] [98/115] 最佳香港花店推介 送花訂花好去處/網上買花 | https://www.timeout.com.hk/hong-kong/hk/%E8%B3%BC%E7%89%A9/%E6%9C%80%E4%BD%B3%E9%A6%99%E6%B8%AF%E8%8A%B1%E5%BA%97%E6%8E%A8%E4%BB%8B-%E9%80%81%E8%8A%B1%E8%A8%82%E8%8A%B1%E5%A5%BD%E5%8E%BB%E8%99%95-%E7%B6%B2%E4%B8%8A%E8%B2%B7%E8%8A%B1
[2026-08-25 12:43:33]   ↳ 已存在，跳過 (最佳香港花店推介-送花訂花好去處-網上買花.html)
[2026-08-25 12:43:33]   ↳ 已存在，跳過 (最佳香港花店推介-送花訂花好去處-網上買花.html)
[2026-08-25 12:43:33] [99/115] HK Florist Directory | https://zh-hk.hk-florist.org/hk-florist-directory/
[2026-08-25 12:43:33] [99/115] HK Florist Directory | https://zh-hk.hk-florist.org/hk-florist-directory/
[2026-08-25 12:43:33]   ↳ 已存在，跳過 (HK-Florist-Directory.html)
[2026-08-25 12:43:33]   ↳ 已存在，跳過 (HK-Florist-Directory.html)
[2026-08-25 12:43:33] [100/115] 主頁 | https://shunkeeflowers.com.hk/
[2026-08-25 12:43:33] [100/115] 主頁 | https://shunkeeflowers.com.hk/
[2026-08-25 12:43:33]   ↳ 已存在，跳過 (主頁.html)
[2026-08-25 12:43:33]   ↳ 已存在，跳過 (主頁.html)
[2026-08-25 12:43:33] [101/115] Kushiro | http://www.kushiro.com.hk/
[2026-08-25 12:43:33] [101/115] Kushiro | http://www.kushiro.com.hk/
[2026-08-25 12:43:33]   ↳ 已存在，跳過 (Kushiro.html)
[2026-08-25 12:43:33]   ↳ 已存在，跳過 (Kushiro.html)
[2026-08-25 12:43:33] [102/115] PETNAR LIVING 裝修工程 室內設計 傢俬訂製 | https://petnar-living.com/interior-design/
[2026-08-25 12:43:33] [102/115] PETNAR LIVING 裝修工程 室內設計 傢俬訂製 | https://petnar-living.com/interior-design/
[2026-08-25 12:43:33]   ↳ 已存在，跳過 (PETNAR-LIVING-裝修工程-室內設計-傢俬訂製.html)
[2026-08-25 12:43:33]   ↳ 已存在，跳過 (PETNAR-LIVING-裝修工程-室內設計-傢俬訂製.html)
[2026-08-25 12:43:33] [103/115] 太子中学補習社 - 立方教育 | https://www.ilearndse.com/
[2026-08-25 12:43:33] [103/115] 太子中学補習社 - 立方教育 | https://www.ilearndse.com/
[2026-08-25 12:43:33]   ↳ 已存在，跳過 (太子中学補習社---立方教育.html)
[2026-08-25 12:43:33]   ↳ 已存在，跳過 (太子中学補習社---立方教育.html)
[2026-08-25 12:43:33] [104/115] Speedycat Photo Studio | https://www.speedycat.com.hk/
[2026-08-25 12:43:33] [104/115] Speedycat Photo Studio | https://www.speedycat.com.hk/
[2026-08-25 12:43:33]   ↳ 已存在，跳過 (Speedycat-Photo-Studio.html)
[2026-08-25 12:43:33]   ↳ 已存在，跳過 (Speedycat-Photo-Studio.html)
[2026-08-25 12:43:33] [105/115] 進研教育 - 英文中文數學補習社 (北角分校) | https://www.joinin-education.com/
[2026-08-25 12:43:33] [105/115] 進研教育 - 英文中文數學補習社 (北角分校) | https://www.joinin-education.com/
[2026-08-25 12:43:33]   ↳ 已存在，跳過 (進研教育---英文中文數學補習社-北角分校.html)
[2026-08-25 12:43:33]   ↳ 已存在，跳過 (進研教育---英文中文數學補習社-北角分校.html)
[2026-08-25 12:43:33] [106/115] 聚萌 | https://www.dogatherhk.com/
[2026-08-25 12:43:33] [106/115] 聚萌 | https://www.dogatherhk.com/
[2026-08-25 12:43:33]   ↳ 已存在，跳過 (聚萌.html)
[2026-08-25 12:43:33]   ↳ 已存在，跳過 (聚萌.html)
[2026-08-25 12:43:33] [107/115] The Factory Hair剪髮染髮電髮專門店 | http://haircuthk.com/
[2026-08-25 12:43:33] [107/115] The Factory Hair剪髮染髮電髮專門店 | http://haircuthk.com/
[2026-08-25 12:43:33]   ↳ 已存在，跳過 (The-Factory-Hair剪髮染髮電髮專門店.html)
[2026-08-25 12:43:33]   ↳ 已存在，跳過 (The-Factory-Hair剪髮染髮電髮專門店.html)
[2026-08-25 12:43:33] [108/115] EcHouse 装修配対平台 | 装修報価 | 室内設計 | | https://www.echouse.com.hk/
[2026-08-25 12:43:33] [108/115] EcHouse 装修配対平台 | 装修報価 | 室内設計 | | https://www.echouse.com.hk/
[2026-08-25 12:43:33]   ↳ 已存在，跳過 (EcHouse-装修配対平台-装修報価-室内設計-装修設計.html)
[2026-08-25 12:43:33]   ↳ 已存在，跳過 (EcHouse-装修配対平台-装修報価-室内設計-装修設計.html)
[2026-08-25 12:43:33] [109/115] Element Dental Centre 弘悅牙科 | https://www.elementdentalhk.com/
[2026-08-25 12:43:33] [109/115] Element Dental Centre 弘悅牙科 | https://www.elementdentalhk.com/
[2026-08-25 12:43:33]   ↳ 已存在，跳過 (Element-Dental-Centre-弘悅牙科.html)
[2026-08-25 12:43:33]   ↳ 已存在，跳過 (Element-Dental-Centre-弘悅牙科.html)
[2026-08-25 12:43:33] [110/115] 皆一空間 室内設計 装修工程 | http://arone-space.com/
[2026-08-25 12:43:33] [110/115] 皆一空間 室内設計 装修工程 | http://arone-space.com/
[2026-08-25 12:43:33]   ↳ 已存在，跳過 (皆一空間-室内設計-装修工程.html)
[2026-08-25 12:43:33]   ↳ 已存在，跳過 (皆一空間-室内設計-装修工程.html)
[2026-08-25 12:43:33] [111/115] The Vault Fitness | http://thevault-fitness.com/
[2026-08-25 12:43:33] [111/115] The Vault Fitness | http://thevault-fitness.com/
[2026-08-25 12:43:33]   ↳ 已存在，跳過 (The-Vault-Fitness.html)
[2026-08-25 12:43:33]   ↳ 已存在，跳過 (The-Vault-Fitness.html)
[2026-08-25 12:43:33] [112/115] 電髮 染髮 焗油 GH Haircut Salon | https://haircuthk.com/%E4%B8%AD%E7%92%B0%E6%9F%93%E9%AB%AE/
[2026-08-25 12:43:33] [112/115] 電髮 染髮 焗油 GH Haircut Salon | https://haircuthk.com/%E4%B8%AD%E7%92%B0%E6%9F%93%E9%AB%AE/
[2026-08-25 12:43:33]   ↳ 已存在，跳過 (電髮-染髮-焗油-GH-Haircut-Salon.html)
[2026-08-25 12:43:33]   ↳ 已存在，跳過 (電髮-染髮-焗油-GH-Haircut-Salon.html)
[2026-08-25 12:43:33] [113/115] METEOR HK 摂影器材精品店 | http://www.meteor.com.hk/
[2026-08-25 12:43:33] [113/115] METEOR HK 摂影器材精品店 | http://www.meteor.com.hk/
[2026-08-25 12:43:33]   ↳ 已存在，跳過 (METEOR-HK-摂影器材精品店.html)
[2026-08-25 12:43:33]   ↳ 已存在，跳過 (METEOR-HK-摂影器材精品店.html)
[2026-08-25 12:43:33] [114/115] Goood Car Wrap | https://gooodcarwrap.wixsite.com/goood-car-wrap
[2026-08-25 12:43:33] [114/115] Goood Car Wrap | https://gooodcarwrap.wixsite.com/goood-car-wrap
[2026-08-25 12:43:33]   ↳ 已存在，跳過 (Goood-Car-Wrap.html)
[2026-08-25 12:43:33]   ↳ 已存在，跳過 (Goood-Car-Wrap.html)
[2026-08-25 12:43:33] [115/115] 中環Salon Goody | https://haircuthk.com/%E4%B8%AD%E7%92%B0salon/
[2026-08-25 12:43:33] [115/115] 中環Salon Goody | https://haircuthk.com/%E4%B8%AD%E7%92%B0salon/
[2026-08-25 12:43:33]   ↳ 已存在，跳過 (中環Salon-Goody.html)
[2026-08-25 12:43:33]   ↳ 已存在，跳過 (中環Salon-Goody.html)
[2026-08-25 12:43:33] == 完成 ==
[2026-08-25 12:43:33] == 完成 ==
[2026-08-25 12:43:33] 成功 115 個，失敗 0 個
[2026-08-25 12:43:33] 成功 115 個，失敗 0 個

── 失敗清單 ──
[2026-08-25 12:43:33] == 開始為 0 間「沒網站但有聯絡」的商家建立一頁式網頁 → /home/ubuntu/.mok/html/project/MokCs ==
[2026-08-25 12:43:33] == 開始為 0 間「沒網站但有聯絡」的商家建立一頁式網頁 → /home/ubuntu/.mok/html/project/MokCs ==
[2026-08-25 12:43:33] == 一頁式網頁完成：0/0 ==
[2026-08-25 12:43:33] == 一頁式網頁完成：0/0 ==
[2026-08-25 13:13:42]   過濾：115 間 → 保留 115 間有 WhatsApp/Email 的商家
[2026-08-25 13:13:42]   過濾：115 間 → 保留 115 間有 WhatsApp/Email 的商家
[2026-08-25 13:13:42] == 開始克隆 115 個商家首頁 → /home/ubuntu/.mok/html/project/MokCs ==
[2026-08-25 13:13:42] == 開始克隆 115 個商家首頁 → /home/ubuntu/.mok/html/project/MokCs ==
[2026-08-25 13:13:42] [1/115] Hutong | https://hutong.com.hk/
[2026-08-25 13:13:42] [1/115] Hutong | https://hutong.com.hk/
[2026-08-25 13:13:42]   ↳ 已存在，跳過 (Hutong.html)
[2026-08-25 13:13:42]   ↳ 已存在，跳過 (Hutong.html)
[2026-08-25 13:13:42] [2/115] The Chairman Restaurant | https://www.thechairmangroup.com/
[2026-08-25 13:13:42] [2/115] The Chairman Restaurant | https://www.thechairmangroup.com/
[2026-08-25 13:13:42]   ↳ 已存在，跳過 (The-Chairman-Restaurant.html)
[2026-08-25 13:13:42]   ↳ 已存在，跳過 (The-Chairman-Restaurant.html)
[2026-08-25 13:13:42] [3/115] 南蛮亭香港店 | http://nanbantei.com.hk/
[2026-08-25 13:13:42] [3/115] 南蛮亭香港店 | http://nanbantei.com.hk/
[2026-08-25 13:13:42]   ↳ 已存在，跳過 (南蛮亭香港店.html)
[2026-08-25 13:13:42]   ↳ 已存在，跳過 (南蛮亭香港店.html)
[2026-08-25 13:13:42] [4/115] 添好運點心專賣店 | https://www.timhowan.com.hk/
[2026-08-25 13:13:42] [4/115] 添好運點心專賣店 | https://www.timhowan.com.hk/
[2026-08-25 13:13:42]   ↳ 已存在，跳過 (添好運點心專賣店.html)
[2026-08-25 13:13:42]   ↳ 已存在，跳過 (添好運點心專賣店.html)
[2026-08-25 13:13:42] [5/115] La Petite Maison (LPM) Hong Ko | https://lpmrestaurants.com/hongkong/
[2026-08-25 13:13:42] [5/115] La Petite Maison (LPM) Hong Ko | https://lpmrestaurants.com/hongkong/
[2026-08-25 13:13:42]   ↳ 已存在，跳過 (La-Petite-Maison-LPM-Hong-Kong.html)
[2026-08-25 13:13:42]   ↳ 已存在，跳過 (La-Petite-Maison-LPM-Hong-Kong.html)
[2026-08-25 13:13:42] [6/115] Glow Hong Kong | https://www.glowspa.hk/
[2026-08-25 13:13:42] [6/115] Glow Hong Kong | https://www.glowspa.hk/
[2026-08-25 13:13:42]   ↳ 已存在，跳過 (Glow-Hong-Kong.html)
[2026-08-25 13:13:42]   ↳ 已存在，跳過 (Glow-Hong-Kong.html)
[2026-08-25 13:13:42] [7/115] Mó The Slow Bloom | https://www.mo-hk.com/
[2026-08-25 13:13:42] [7/115] Mó The Slow Bloom | https://www.mo-hk.com/
[2026-08-25 13:13:42]   ↳ 已存在，跳過 (Mó-The-Slow-Bloom.html)
[2026-08-25 13:13:42]   ↳ 已存在，跳過 (Mó-The-Slow-Bloom.html)
[2026-08-25 13:13:42] [8/115] Lux Medical 医繊美 | https://www.luxbeauty.hk/
[2026-08-25 13:13:42] [8/115] Lux Medical 医繊美 | https://www.luxbeauty.hk/
[2026-08-25 13:13:42]   ↳ 已存在，跳過 (Lux-Medical-医繊美.html)
[2026-08-25 13:13:42]   ↳ 已存在，跳過 (Lux-Medical-医繊美.html)
[2026-08-25 13:13:42] [9/115] 114HAIR | http://www.114hair.com/
[2026-08-25 13:13:42] [9/115] 114HAIR | http://www.114hair.com/
[2026-08-25 13:13:42]   ↳ 已存在，跳過 (114HAIR.html)
[2026-08-25 13:13:42]   ↳ 已存在，跳過 (114HAIR.html)
[2026-08-25 13:13:42] [10/115] Love Hair | http://www.lovehairhk.com/
[2026-08-25 13:13:42] [10/115] Love Hair | http://www.lovehairhk.com/
[2026-08-25 13:13:42]   ↳ 已存在，跳過 (Love-Hair.html)
[2026-08-25 13:13:42]   ↳ 已存在，跳過 (Love-Hair.html)
[2026-08-25 13:13:42] [11/115] TONI&GUY HK | http://www.toniandguyhk.com/
[2026-08-25 13:13:42] [11/115] TONI&GUY HK | http://www.toniandguyhk.com/
[2026-08-25 13:13:42]   ↳ 已存在，跳過 (TONIGUY-HK.html)
[2026-08-25 13:13:42]   ↳ 已存在，跳過 (TONIGUY-HK.html)
[2026-08-25 13:13:42] [12/115] iMPROVE HAiR-尖沙咀salon 尖沙咀剪髮 尖沙 | http://www.ihair.com.hk/
[2026-08-25 13:13:42] [12/115] iMPROVE HAiR-尖沙咀salon 尖沙咀剪髮 尖沙 | http://www.ihair.com.hk/
[2026-08-25 13:13:42]   ↳ 已存在，跳過 (iMPROVE-HAiR-尖沙咀salon-尖沙咀剪髮-尖沙咀髮廊-尖沙咀中藥染髮-尖沙咀假髮-尖沙咀頭皮護理.html)
[2026-08-25 13:13:42]   ↳ 已存在，跳過 (iMPROVE-HAiR-尖沙咀salon-尖沙咀剪髮-尖沙咀髮廊-尖沙咀中藥染髮-尖沙咀假髮-尖沙咀頭皮護理.html)
[2026-08-25 13:13:42] [13/115] 金澱装修工程有限公司 | https://www.palaceengineeringltd.com/
[2026-08-25 13:13:42] [13/115] 金澱装修工程有限公司 | https://www.palaceengineeringltd.com/
[2026-08-25 13:13:42]   ↳ 已存在，跳過 (金澱装修工程有限公司.html)
[2026-08-25 13:13:42]   ↳ 已存在，跳過 (金澱装修工程有限公司.html)
[2026-08-25 13:13:42] [14/115] 鋒主義 - 室內設計公司 | 室內裝修工程 | 工期 報價  | https://www.fungstyle.com.hk/
[2026-08-25 13:13:42] [14/115] 鋒主義 - 室內設計公司 | 室內裝修工程 | 工期 報價  | https://www.fungstyle.com.hk/
[2026-08-25 13:13:42]   ↳ 已存在，跳過 (鋒主義---室內設計公司-室內裝修工程-工期-報價-服務-三大保證.html)
[2026-08-25 13:13:42]   ↳ 已存在，跳過 (鋒主義---室內設計公司-室內裝修工程-工期-報價-服務-三大保證.html)
[2026-08-25 13:13:42] [15/115] 装修兄弟 | http://www.renobro.com.hk/
[2026-08-25 13:13:42] [15/115] 装修兄弟 | http://www.renobro.com.hk/
[2026-08-25 13:13:42]   ↳ 已存在，跳過 (装修兄弟.html)
[2026-08-25 13:13:42]   ↳ 已存在，跳過 (装修兄弟.html)
[2026-08-25 13:13:42] [16/115] 居屋皇 House king | 香港室内設計及装修公司 | http://housekinghk.com/
[2026-08-25 13:13:42] [16/115] 居屋皇 House king | 香港室内設計及装修公司 | http://housekinghk.com/
[2026-08-25 13:13:42]   ↳ 已存在，跳過 (居屋皇-House-king-香港室内設計及装修公司.html)
[2026-08-25 13:13:42]   ↳ 已存在，跳過 (居屋皇-House-king-香港室内設計及装修公司.html)
[2026-08-25 13:13:42] [17/115] Toby 裝修設計平台｜免費裝修報價｜香港裝修公司及室內設計 | https://www.hellotoby.com/zh-hk/id
[2026-08-25 13:13:42] [17/115] Toby 裝修設計平台｜免費裝修報價｜香港裝修公司及室內設計 | https://www.hellotoby.com/zh-hk/id
[2026-08-25 13:13:42]   ↳ 已存在，跳過 (Toby-裝修設計平台免費裝修報價香港裝修公司及室內設計公司.html)
[2026-08-25 13:13:42]   ↳ 已存在，跳過 (Toby-裝修設計平台免費裝修報價香港裝修公司及室內設計公司.html)
[2026-08-25 13:13:42] [18/115] PET HK - Mid Levels Edition | http://pethk.com/
[2026-08-25 13:13:42] [18/115] PET HK - Mid Levels Edition | http://pethk.com/
[2026-08-25 13:13:42]   ↳ 已存在，跳過 (PET-HK---Mid-Levels-Edition.html)
[2026-08-25 13:13:42]   ↳ 已存在，跳過 (PET-HK---Mid-Levels-Edition.html)
[2026-08-25 13:13:42] [19/115] Ruff & Fetch 拉夫寵物生活 (佐敦 Jordan | http://www.ruffandfetch.com/
[2026-08-25 13:13:42] [19/115] Ruff & Fetch 拉夫寵物生活 (佐敦 Jordan | http://www.ruffandfetch.com/
[2026-08-25 13:13:42]   ↳ 已存在，跳過 (Ruff--Fetch-拉夫寵物生活-佐敦-Jordan.html)
[2026-08-25 13:13:42]   ↳ 已存在，跳過 (Ruff--Fetch-拉夫寵物生活-佐敦-Jordan.html)
[2026-08-25 13:13:42] [20/115] HKTA香港導師会 | https://www.hkta.edu.hk/
[2026-08-25 13:13:42] [20/115] HKTA香港導師会 | https://www.hkta.edu.hk/
[2026-08-25 13:13:42]   ↳ 已存在，跳過 (HKTA香港導師会.html)
[2026-08-25 13:13:42]   ↳ 已存在，跳過 (HKTA香港導師会.html)
[2026-08-25 13:13:42] [21/115] 騎士数学 Knight Mathematics - Band | https://knightmaths.edu.hk/
[2026-08-25 13:13:42] [21/115] 騎士数学 Knight Mathematics - Band | https://knightmaths.edu.hk/
[2026-08-25 13:13:42]   ↳ 已存在，跳過 (騎士数学-Knight-Mathematics---Band-1-DSE-数学補習社.html)
[2026-08-25 13:13:42]   ↳ 已存在，跳過 (騎士数学-Knight-Mathematics---Band-1-DSE-数学補習社.html)
[2026-08-25 13:13:42] [22/115] 香港文化教育中心 | https://docs.google.com/forms/d/e/1FAIpQLSdjgsQlR4w8ZgKgE9RgAUPsPwrZzAZpo5SCULDDOgygEdeDnQ/viewform
[2026-08-25 13:13:42] [22/115] 香港文化教育中心 | https://docs.google.com/forms/d/e/1FAIpQLSdjgsQlR4w8ZgKgE9RgAUPsPwrZzAZpo5SCULDDOgygEdeDnQ/viewform
[2026-08-25 13:13:42]   ↳ 已存在，跳過 (香港文化教育中心.html)
[2026-08-25 13:13:42]   ↳ 已存在，跳過 (香港文化教育中心.html)
[2026-08-25 13:13:42] [23/115] GETUTOR 香港導師総会｜上門補習中介平台｜私補導師推介 | https://www.getutor.com.hk/
[2026-08-25 13:13:42] [23/115] GETUTOR 香港導師総会｜上門補習中介平台｜私補導師推介 | https://www.getutor.com.hk/
[2026-08-25 13:13:42]   ↳ 已存在，跳過 (GETUTOR-香港導師総会上門補習中介平台私補導師推介Private-Tutors-AgencyIB-IGCSE-A.html)
[2026-08-25 13:13:42]   ↳ 已存在，跳過 (GETUTOR-香港導師総会上門補習中介平台私補導師推介Private-Tutors-AgencyIB-IGCSE-A.html)
[2026-08-25 13:13:42] [24/115] 英博教学中心 - 数学中文英文補習 - 中小学補習社 | https://eplc.edu.hk/
[2026-08-25 13:13:42] [24/115] 英博教学中心 - 数学中文英文補習 - 中小学補習社 | https://eplc.edu.hk/
[2026-08-25 13:13:42]   ↳ 已存在，跳過 (英博教学中心---数学中文英文補習---中小学補習社.html)
[2026-08-25 13:13:42]   ↳ 已存在，跳過 (英博教学中心---数学中文英文補習---中小学補習社.html)
[2026-08-25 13:13:42] [25/115] 進研教育 - 英文中文数学補習社 | https://joinin-education.com/
[2026-08-25 13:13:42] [25/115] 進研教育 - 英文中文数学補習社 | https://joinin-education.com/
[2026-08-25 13:13:42]   ↳ 已存在，跳過 (進研教育---英文中文数学補習社.html)
[2026-08-25 13:13:42]   ↳ 已存在，跳過 (進研教育---英文中文数学補習社.html)
[2026-08-25 13:13:42] [26/115] 學斯教育(灣仔) | http://hoksi-edu.com/
[2026-08-25 13:13:42] [26/115] 學斯教育(灣仔) | http://hoksi-edu.com/
[2026-08-25 13:13:42]   ↳ 已存在，跳過 (學斯教育灣仔.html)
[2026-08-25 13:13:42]   ↳ 已存在，跳過 (學斯教育灣仔.html)
[2026-08-25 13:13:42] [27/115] 補習社｜学博教育 Learn Smart Education | https://learnsmart.edu.hk/
[2026-08-25 13:13:42] [27/115] 補習社｜学博教育 Learn Smart Education | https://learnsmart.edu.hk/
[2026-08-25 13:13:42]   ↳ 已存在，跳過 (補習社学博教育-Learn-Smart-Education.html)
[2026-08-25 13:13:42]   ↳ 已存在，跳過 (補習社学博教育-Learn-Smart-Education.html)
[2026-08-25 13:13:42] [28/115] 24/7 Fitness Central | http://247.fitness/
[2026-08-25 13:13:42] [28/115] 24/7 Fitness Central | http://247.fitness/
[2026-08-25 13:13:42]   ↳ 已存在，跳過 (24-7-Fitness-Central.html)
[2026-08-25 13:13:42]   ↳ 已存在，跳過 (24-7-Fitness-Central.html)
[2026-08-25 13:13:42] [29/115] 啓弘牙科（旺角店）丨九龍/旺角牙医/智慧歯/箍牙/隠式美/全 | https://omnesdental.com/
[2026-08-25 13:13:42] [29/115] 啓弘牙科（旺角店）丨九龍/旺角牙医/智慧歯/箍牙/隠式美/全 | https://omnesdental.com/
[2026-08-25 13:13:42]   ↳ 已存在，跳過 (啓弘牙科旺角店丨九龍-旺角牙医-智慧歯-箍牙-隠式美-全方位牙科服務-専業治療牙痛-種植牙-補牙-剥牙-洗牙.html)
[2026-08-25 13:13:42]   ↳ 已存在，跳過 (啓弘牙科旺角店丨九龍-旺角牙医-智慧歯-箍牙-隠式美-全方位牙科服務-専業治療牙痛-種植牙-補牙-剥牙-洗牙.html)
[2026-08-25 13:13:42] [30/115] Smith & Jain Dentists 史密夫和鄭牙醫診 | https://smithandjaindentists.com/
[2026-08-25 13:13:42] [30/115] Smith & Jain Dentists 史密夫和鄭牙醫診 | https://smithandjaindentists.com/
[2026-08-25 13:13:42]   ↳ 已存在，跳過 (Smith--Jain-Dentists-史密夫和鄭牙醫診所.html)
[2026-08-25 13:13:42]   ↳ 已存在，跳過 (Smith--Jain-Dentists-史密夫和鄭牙醫診所.html)
[2026-08-25 13:13:42] [31/115] Home Dental (Tsim Sha Tsui Bra | https://homedentalhk.com/cn/contact-us/tst
[2026-08-25 13:13:42] [31/115] Home Dental (Tsim Sha Tsui Bra | https://homedentalhk.com/cn/contact-us/tst
[2026-08-25 13:13:42]   ↳ 已存在，跳過 (Home-Dental-Tsim-Sha-Tsui-Branch.html)
[2026-08-25 13:13:42]   ↳ 已存在，跳過 (Home-Dental-Tsim-Sha-Tsui-Branch.html)
[2026-08-25 13:13:42] [32/115] 伍裕彤牙医 | https://trucaredental.hk/
[2026-08-25 13:13:42] [32/115] 伍裕彤牙医 | https://trucaredental.hk/
[2026-08-25 13:13:42]   ↳ 已存在，跳過 (伍裕彤牙医.html)
[2026-08-25 13:13:42]   ↳ 已存在，跳過 (伍裕彤牙医.html)
[2026-08-25 13:13:42] [33/115] Home Dental | https://homedentalhk.com/cn/contact-us/cwb
[2026-08-25 13:13:42] [33/115] Home Dental | https://homedentalhk.com/cn/contact-us/cwb
[2026-08-25 13:13:42]   ↳ 已存在，跳過 (Home-Dental.html)
[2026-08-25 13:13:42]   ↳ 已存在，跳過 (Home-Dental.html)
[2026-08-25 13:13:42] [34/115] T.O.P Dental by Family Smile L | http://www.topdental.hk/
[2026-08-25 13:13:42] [34/115] T.O.P Dental by Family Smile L | http://www.topdental.hk/
[2026-08-25 13:13:42]   ↳ 已存在，跳過 (T.O.P-Dental-by-Family-Smile-Ltd-香港牙科醫療集團-旺角太子牙醫中心.html)
[2026-08-25 13:13:42]   ↳ 已存在，跳過 (T.O.P-Dental-by-Family-Smile-Ltd-香港牙科醫療集團-旺角太子牙醫中心.html)
[2026-08-25 13:13:42] [35/115] Metro Dental 城健総合牙科医療中心 | https://www.metrodental.com.hk/
[2026-08-25 13:13:42] [35/115] Metro Dental 城健総合牙科医療中心 | https://www.metrodental.com.hk/
[2026-08-25 13:13:42]   ↳ 已存在，跳過 (Metro-Dental-城健総合牙科医療中心.html)
[2026-08-25 13:13:42]   ↳ 已存在，跳過 (Metro-Dental-城健総合牙科医療中心.html)
[2026-08-25 13:13:42] [36/115] 大国手 汽車車身維修 Grand Tycoon Automo | http://grandtycoon.com/
[2026-08-25 13:13:42] [36/115] 大国手 汽車車身維修 Grand Tycoon Automo | http://grandtycoon.com/
[2026-08-25 13:13:42]   ↳ 已存在，跳過 (大国手-汽車車身維修-Grand-Tycoon-Automotive-Repair-Shop.html)
[2026-08-25 13:13:42]   ↳ 已存在，跳過 (大国手-汽車車身維修-Grand-Tycoon-Automotive-Repair-Shop.html)
[2026-08-25 13:13:42] [37/115] AutoMate | Sham Shui Po Shop | https://www.automate-app.com/auto-shop
[2026-08-25 13:13:42] [37/115] AutoMate | Sham Shui Po Shop | https://www.automate-app.com/auto-shop
[2026-08-25 13:13:42]   ↳ 已存在，跳過 (AutoMate-Sham-Shui-Po-Shop.html)
[2026-08-25 13:13:42]   ↳ 已存在，跳過 (AutoMate-Sham-Shui-Po-Shop.html)
[2026-08-25 13:13:42] [38/115] Carol Garage Limited | http://www.carolgarage.com.hk/
[2026-08-25 13:13:42] [38/115] Carol Garage Limited | http://www.carolgarage.com.hk/
[2026-08-25 13:13:42]   ↳ 已存在，跳過 (Carol-Garage-Limited.html)
[2026-08-25 13:13:42]   ↳ 已存在，跳過 (Carol-Garage-Limited.html)
[2026-08-25 13:13:42] [39/115] 八方汽車 | Power Moto Limited | http://www.power-moto.hk/
[2026-08-25 13:13:42] [39/115] 八方汽車 | Power Moto Limited | http://www.power-moto.hk/
[2026-08-25 13:13:42]   ↳ 已存在，跳過 (八方汽車-Power-Moto-Limited.html)
[2026-08-25 13:13:42]   ↳ 已存在，跳過 (八方汽車-Power-Moto-Limited.html)
[2026-08-25 13:13:42] [40/115] Flow & Roll Laundry 自助洗衣 (中環 C | https://flowandroll.com/
[2026-08-25 13:13:42] [40/115] Flow & Roll Laundry 自助洗衣 (中環 C | https://flowandroll.com/
[2026-08-25 13:13:42]   ↳ 已存在，跳過 (Flow--Roll-Laundry-自助洗衣-中環-Central.html)
[2026-08-25 13:13:42]   ↳ 已存在，跳過 (Flow--Roll-Laundry-自助洗衣-中環-Central.html)
[2026-08-25 13:13:42] [41/115] 初洗 First Laundry 觀塘24小時自助洗衣店 | https://wa.me/85268716550
[2026-08-25 13:13:42] [41/115] 初洗 First Laundry 觀塘24小時自助洗衣店 | https://wa.me/85268716550
[2026-08-25 13:13:42]   ↳ 已存在，跳過 (初洗-First-Laundry-觀塘24小時自助洗衣店.html)
[2026-08-25 13:13:42]   ↳ 已存在，跳過 (初洗-First-Laundry-觀塘24小時自助洗衣店.html)
[2026-08-25 13:13:42] [42/115] 水漾衣坊 water laundry | https://whalewashmk.hk/
[2026-08-25 13:13:42] [42/115] 水漾衣坊 water laundry | https://whalewashmk.hk/
[2026-08-25 13:13:42]   ↳ 已存在，跳過 (水漾衣坊-water-laundry.html)
[2026-08-25 13:13:42]   ↳ 已存在，跳過 (水漾衣坊-water-laundry.html)
[2026-08-25 13:13:42] [43/115] FLORISTRY by ART OF LIVING | http://www.floristrybyartofliving.com/
[2026-08-25 13:13:42] [43/115] FLORISTRY by ART OF LIVING | http://www.floristrybyartofliving.com/
[2026-08-25 13:13:42]   ↳ 已存在，跳過 (FLORISTRY-by-ART-OF-LIVING.html)
[2026-08-25 13:13:42]   ↳ 已存在，跳過 (FLORISTRY-by-ART-OF-LIVING.html)
[2026-08-25 13:13:42] [44/115] 花籃 450 - Flower 450 | https://flower450.com/
[2026-08-25 13:13:42] [44/115] 花籃 450 - Flower 450 | https://flower450.com/
[2026-08-25 13:13:42]   ↳ 已存在，跳過 (花籃-450---Flower-450.html)
[2026-08-25 13:13:42]   ↳ 已存在，跳過 (花籃-450---Flower-450.html)
[2026-08-25 13:13:42] [45/115] 優之花鋪-U Flower Shop | https://www.uflowershop.com/
[2026-08-25 13:13:42] [45/115] 優之花鋪-U Flower Shop | https://www.uflowershop.com/
[2026-08-25 13:13:42]   ↳ 已存在，跳過 (優之花鋪-U-Flower-Shop.html)
[2026-08-25 13:13:42]   ↳ 已存在，跳過 (優之花鋪-U-Flower-Shop.html)
[2026-08-25 13:13:42] [46/115] Eternal Flora hk | https://www.eternalflorahk.com/
[2026-08-25 13:13:42] [46/115] Eternal Flora hk | https://www.eternalflorahk.com/
[2026-08-25 13:13:42]   ↳ 已存在，跳過 (Eternal-Flora-hk.html)
[2026-08-25 13:13:42]   ↳ 已存在，跳過 (Eternal-Flora-hk.html)
[2026-08-25 13:13:42] [47/115] FDHK - Flower Delivery Hong Ko | https://flowerdeliveryhongkong.com/
[2026-08-25 13:13:42] [47/115] FDHK - Flower Delivery Hong Ko | https://flowerdeliveryhongkong.com/
[2026-08-25 13:13:42]   ↳ 已存在，跳過 (FDHK---Flower-Delivery-Hong-Kong.html)
[2026-08-25 13:13:42]   ↳ 已存在，跳過 (FDHK---Flower-Delivery-Hong-Kong.html)
[2026-08-25 13:13:42] [48/115] Joseph Photo 香港專業攝影工作室 | https://josephphoto.hk/
[2026-08-25 13:13:42] [48/115] Joseph Photo 香港專業攝影工作室 | https://josephphoto.hk/
[2026-08-25 13:13:42]   ↳ 已存在，跳過 (Joseph-Photo-香港專業攝影工作室.html)
[2026-08-25 13:13:42]   ↳ 已存在，跳過 (Joseph-Photo-香港專業攝影工作室.html)
[2026-08-25 13:13:42] [49/115] Majesty Professional Photo殿堂館- | https://www.majestyprofessional.com/
[2026-08-25 13:13:42] [49/115] Majesty Professional Photo殿堂館- | https://www.majestyprofessional.com/
[2026-08-25 13:13:42]   ↳ 已存在，跳過 (Majesty-Professional-Photo殿堂館-專業照首選.html)
[2026-08-25 13:13:42]   ↳ 已存在，跳過 (Majesty-Professional-Photo殿堂館-專業照首選.html)
[2026-08-25 13:13:42] [50/115] Owl Photo Studio 貓頭鷹照相館 | https://www.owlphoto.hk/
[2026-08-25 13:13:42] [50/115] Owl Photo Studio 貓頭鷹照相館 | https://www.owlphoto.hk/
[2026-08-25 13:13:42]   ↳ 已存在，跳過 (Owl-Photo-Studio-貓頭鷹照相館.html)
[2026-08-25 13:13:42]   ↳ 已存在，跳過 (Owl-Photo-Studio-貓頭鷹照相館.html)
[2026-08-25 13:13:42] [51/115] Yat Tung Heen - Eaton HK | https://www.yattungheen.com/
[2026-08-25 13:13:42] [51/115] Yat Tung Heen - Eaton HK | https://www.yattungheen.com/
[2026-08-25 13:13:42]   ↳ 已存在，跳過 (Yat-Tung-Heen---Eaton-HK.html)
[2026-08-25 13:13:42]   ↳ 已存在，跳過 (Yat-Tung-Heen---Eaton-HK.html)
[2026-08-25 13:13:42] [52/115] Hair Quest Hair salon Central | https://www.hairquest-hk.com/
[2026-08-25 13:13:42] [52/115] Hair Quest Hair salon Central | https://www.hairquest-hk.com/
[2026-08-25 13:13:42]   ↳ 已存在，跳過 (Hair-Quest-Hair-salon-Central.html)
[2026-08-25 13:13:42]   ↳ 已存在，跳過 (Hair-Quest-Hair-salon-Central.html)
[2026-08-25 13:13:42] [53/115] 天下猫猫一様猫 | https://www.catiscat.com.hk/
[2026-08-25 13:13:42] [53/115] 天下猫猫一様猫 | https://www.catiscat.com.hk/
[2026-08-25 13:13:42]   ↳ 已存在，跳過 (天下猫猫一様猫.html)
[2026-08-25 13:13:42]   ↳ 已存在，跳過 (天下猫猫一様猫.html)
[2026-08-25 13:13:42] [54/115] Bora beauty | https://bora.hk/
[2026-08-25 13:13:42] [54/115] Bora beauty | https://bora.hk/
[2026-08-25 13:13:42]   ↳ 已存在，跳過 (Bora-beauty.html)
[2026-08-25 13:13:42]   ↳ 已存在，跳過 (Bora-beauty.html)
[2026-08-25 13:13:42] [55/115] Dream Scenes Studio | http://dreamscenesstudio.com/
[2026-08-25 13:13:42] [55/115] Dream Scenes Studio | http://dreamscenesstudio.com/
[2026-08-25 13:13:42]   ↳ 已存在，跳過 (Dream-Scenes-Studio.html)
[2026-08-25 13:13:42]   ↳ 已存在，跳過 (Dream-Scenes-Studio.html)
[2026-08-25 13:13:42] [56/115] Dazzling Smile Dental Clinic 瑩 | https://dazzlingsmiledentalclinic.com/
[2026-08-25 13:13:42] [56/115] Dazzling Smile Dental Clinic 瑩 | https://dazzlingsmiledentalclinic.com/
[2026-08-25 13:13:42]   ↳ 已存在，跳過 (Dazzling-Smile-Dental-Clinic-瑩恩牙科診所.html)
[2026-08-25 13:13:42]   ↳ 已存在，跳過 (Dazzling-Smile-Dental-Clinic-瑩恩牙科診所.html)
[2026-08-25 13:13:42] [57/115] Family Smile Limited | http://www.familysmile.hk/
[2026-08-25 13:13:42] [57/115] Family Smile Limited | http://www.familysmile.hk/
[2026-08-25 13:13:42]   ↳ 已存在，跳過 (Family-Smile-Limited.html)
[2026-08-25 13:13:42]   ↳ 已存在，跳過 (Family-Smile-Limited.html)
[2026-08-25 13:13:42] [58/115] INDULGENCE hair & beauty salon | http://www.indulgence.hk/
[2026-08-25 13:13:42] [58/115] INDULGENCE hair & beauty salon | http://www.indulgence.hk/
[2026-08-25 13:13:42]   ↳ 已存在，跳過 (INDULGENCE-hair--beauty-salon.html)
[2026-08-25 13:13:42]   ↳ 已存在，跳過 (INDULGENCE-hair--beauty-salon.html)
[2026-08-25 13:13:42] [59/115] 花店 | 花束專家 | https://www.flowerbouquet.com.hk/
[2026-08-25 13:13:42] [59/115] 花店 | 花束專家 | https://www.flowerbouquet.com.hk/
[2026-08-25 13:13:42]   ↳ 已存在，跳過 (花店-花束專家.html)
[2026-08-25 13:13:42]   ↳ 已存在，跳過 (花店-花束專家.html)
[2026-08-25 13:13:42] [60/115] 網上訂花 ‧ 送花香港 | Fdhk 最高評分即日網上花店 | https://flowerdeliveryhongkong.com/zh
[2026-08-25 13:13:42] [60/115] 網上訂花 ‧ 送花香港 | Fdhk 最高評分即日網上花店 | https://flowerdeliveryhongkong.com/zh
[2026-08-25 13:13:42]   ↳ 已存在，跳過 (網上訂花--送花香港-Fdhk-最高評分即日網上花店.html)
[2026-08-25 13:13:42]   ↳ 已存在，跳過 (網上訂花--送花香港-Fdhk-最高評分即日網上花店.html)
[2026-08-25 13:13:42] [61/115] Rhine Flowers | https://rhineflowers.com/
[2026-08-25 13:13:42] [61/115] Rhine Flowers | https://rhineflowers.com/
[2026-08-25 13:13:42]   ↳ 已存在，跳過 (Rhine-Flowers.html)
[2026-08-25 13:13:42]   ↳ 已存在，跳過 (Rhine-Flowers.html)
[2026-08-25 13:13:42] [62/115] 香港花店｜網上訂花及送花｜Gift Flowers HK | https://giftflowers.com.hk/cn/
[2026-08-25 13:13:42] [62/115] 香港花店｜網上訂花及送花｜Gift Flowers HK | https://giftflowers.com.hk/cn/
[2026-08-25 13:13:42]   ↳ 已存在，跳過 (香港花店網上訂花及送花Gift-Flowers-HK.html)
[2026-08-25 13:13:42]   ↳ 已存在，跳過 (香港花店網上訂花及送花Gift-Flowers-HK.html)
[2026-08-25 13:13:42] [63/115] Flora Floriculture - 花店 | https://www.floraf.com.hk/
[2026-08-25 13:13:42] [63/115] Flora Floriculture - 花店 | https://www.floraf.com.hk/
[2026-08-25 13:13:42]   ↳ 已存在，跳過 (Flora-Floriculture---花店.html)
[2026-08-25 13:13:42]   ↳ 已存在，跳過 (Flora-Floriculture---花店.html)
[2026-08-25 13:13:42] [64/115] 香港花店 | https://www.mrsliuflorist.com/
[2026-08-25 13:13:42] [64/115] 香港花店 | https://www.mrsliuflorist.com/
[2026-08-25 13:13:42]   ↳ 已存在，跳過 (香港花店.html)
[2026-08-25 13:13:42]   ↳ 已存在，跳過 (香港花店.html)
[2026-08-25 13:13:42] [65/115] 網上花店| 網上訂花 | 即日送花 | HKfashop | https://hkfashop.com/
[2026-08-25 13:13:42] [65/115] 網上花店| 網上訂花 | 即日送花 | HKfashop | https://hkfashop.com/
[2026-08-25 13:13:42]   ↳ 已存在，跳過 (網上花店-網上訂花-即日送花-HKfashop.html)
[2026-08-25 13:13:42]   ↳ 已存在，跳過 (網上花店-網上訂花-即日送花-HKfashop.html)
[2026-08-25 13:13:42] [66/115] 【 送花】 ｜訂花｜Flowerbee Florist訂花束 | https://flowerbee-hk.com/zh
[2026-08-25 13:13:42] [66/115] 【 送花】 ｜訂花｜Flowerbee Florist訂花束 | https://flowerbee-hk.com/zh
[2026-08-25 13:13:42]   ↳ 已存在，跳過 (送花-訂花Flowerbee-Florist訂花束---Flowerbee-HK-Florist.html)
[2026-08-25 13:13:42]   ↳ 已存在，跳過 (送花-訂花Flowerbee-Florist訂花束---Flowerbee-HK-Florist.html)
[2026-08-25 13:13:42] [67/115] 花點時間｜香港旺角花墟實體花店：24小時訂花、鮮花花束、開張 | https://www.reflower.com.hk/
[2026-08-25 13:13:42] [67/115] 花點時間｜香港旺角花墟實體花店：24小時訂花、鮮花花束、開張 | https://www.reflower.com.hk/
[2026-08-25 13:13:42]   ↳ 已存在，跳過 (花點時間香港旺角花墟實體花店24小時訂花鮮花花束開張花籃鮮花批發---花點時間-Reflower.html)
[2026-08-25 13:13:42]   ↳ 已存在，跳過 (花點時間香港旺角花墟實體花店24小時訂花鮮花花束開張花籃鮮花批發---花點時間-Reflower.html)
[2026-08-25 13:13:42] [68/115] 香港花店- 首頁花店推薦 - 我們代表和倡導位於香港島、九龍 | https://zh-hk.hk-florist.org/
[2026-08-25 13:13:42] [68/115] 香港花店- 首頁花店推薦 - 我們代表和倡導位於香港島、九龍 | https://zh-hk.hk-florist.org/
[2026-08-25 13:13:42]   ↳ 已存在，跳過 (香港花店--首頁花店推薦---我們代表和倡導位於香港島九龍和新界的花店以及在線花店和鮮花配送公司.html)
[2026-08-25 13:13:42]   ↳ 已存在，跳過 (香港花店--首頁花店推薦---我們代表和倡導位於香港島九龍和新界的花店以及在線花店和鮮花配送公司.html)
[2026-08-25 13:13:42] [69/115] 有花漾 ZH Flowers | https://www.zh-flowers.com/
[2026-08-25 13:13:42] [69/115] 有花漾 ZH Flowers | https://www.zh-flowers.com/
[2026-08-25 13:13:42]   ↳ 已存在，跳過 (有花漾-ZH-Flowers.html)
[2026-08-25 13:13:42]   ↳ 已存在，跳過 (有花漾-ZH-Flowers.html)
[2026-08-25 13:13:42] [70/115] 花店花生花華 | FaSunflower Florist | https://www.fasunflower.com/
[2026-08-25 13:13:42] [70/115] 花店花生花華 | FaSunflower Florist | https://www.fasunflower.com/
[2026-08-25 13:13:42]   ↳ 已存在，跳過 (花店花生花華-FaSunflower-Florist.html)
[2026-08-25 13:13:42]   ↳ 已存在，跳過 (花店花生花華-FaSunflower-Florist.html)
[2026-08-25 13:13:42] [71/115] 格蘭花店 Grand Floral & Gift Shop | https://grand.com.hk/
[2026-08-25 13:13:42] [71/115] 格蘭花店 Grand Floral & Gift Shop | https://grand.com.hk/
[2026-08-25 13:13:42]   ↳ 已存在，跳過 (格蘭花店-Grand-Floral--Gift-Shop.html)
[2026-08-25 13:13:42]   ↳ 已存在，跳過 (格蘭花店-Grand-Floral--Gift-Shop.html)
[2026-08-25 13:13:42] [72/115] WHY Studio - 上環證件相｜學生相｜專業形象照 | https://www.whystudiohk.com/
[2026-08-25 13:13:42] [72/115] WHY Studio - 上環證件相｜學生相｜專業形象照 | https://www.whystudiohk.com/
[2026-08-25 13:13:42]   ↳ 已存在，跳過 (WHY-Studio---上環證件相學生相專業形象照.html)
[2026-08-25 13:13:42]   ↳ 已存在，跳過 (WHY-Studio---上環證件相學生相專業形象照.html)
[2026-08-25 13:13:42] [73/115] Cat Watt 晴珊猫舎 | http://www.catwatt.com/
[2026-08-25 13:13:42] [73/115] Cat Watt 晴珊猫舎 | http://www.catwatt.com/
[2026-08-25 13:13:42]   ↳ 已存在，跳過 (Cat-Watt-晴珊猫舎.html)
[2026-08-25 13:13:42]   ↳ 已存在，跳過 (Cat-Watt-晴珊猫舎.html)
[2026-08-25 13:13:42] [74/115] 牙齒矯正及兒童齒科中心 (旺角朗豪坊) | Orthodon | https://www.ortho-center.com/
[2026-08-25 13:13:42] [74/115] 牙齒矯正及兒童齒科中心 (旺角朗豪坊) | Orthodon | https://www.ortho-center.com/
[2026-08-25 13:13:42]   ↳ 已存在，跳過 (牙齒矯正及兒童齒科中心-旺角朗豪坊-Orthodontic--Childrens-Dental-Center-Langh.html)
[2026-08-25 13:13:42]   ↳ 已存在，跳過 (牙齒矯正及兒童齒科中心-旺角朗豪坊-Orthodontic--Childrens-Dental-Center-Langh.html)
[2026-08-25 13:13:42] [75/115] HALO Flowers | https://haloflowers.com.hk/zh-hant/
[2026-08-25 13:13:42] [75/115] HALO Flowers | https://haloflowers.com.hk/zh-hant/
[2026-08-25 13:13:42]   ↳ 已存在，跳過 (HALO-Flowers.html)
[2026-08-25 13:13:42]   ↳ 已存在，跳過 (HALO-Flowers.html)
[2026-08-25 13:13:42] [76/115] Pettington 柏靈頓獸醫寵物用品 | https://www.pettington.com/
[2026-08-25 13:13:42] [76/115] Pettington 柏靈頓獸醫寵物用品 | https://www.pettington.com/
[2026-08-25 13:13:42]   ↳ 已存在，跳過 (Pettington-柏靈頓獸醫寵物用品.html)
[2026-08-25 13:13:42]   ↳ 已存在，跳過 (Pettington-柏靈頓獸醫寵物用品.html)
[2026-08-25 13:13:42] [77/115] 皓保牙科診所 Craft Smile Dental Cent | https://zh.drchrischeung.com/
[2026-08-25 13:13:42] [77/115] 皓保牙科診所 Craft Smile Dental Cent | https://zh.drchrischeung.com/
[2026-08-25 13:13:42]   ↳ 已存在，跳過 (皓保牙科診所-Craft-Smile-Dental-Center.html)
[2026-08-25 13:13:42]   ↳ 已存在，跳過 (皓保牙科診所-Craft-Smile-Dental-Center.html)
[2026-08-25 13:13:42] [78/115] Toyota Kowloon Bay Service Cen | https://www.toyota.com.hk/?utm_campaign=gmb&utm_medium=organic&utm_source=local
[2026-08-25 13:13:42] [78/115] Toyota Kowloon Bay Service Cen | https://www.toyota.com.hk/?utm_campaign=gmb&utm_medium=organic&utm_source=local
[2026-08-25 13:13:42]   ↳ 已存在，跳過 (Toyota-Kowloon-Bay-Service-Centre-Mechanical.html)
[2026-08-25 13:13:42]   ↳ 已存在，跳過 (Toyota-Kowloon-Bay-Service-Centre-Mechanical.html)
[2026-08-25 13:13:42] [79/115] Anglo Chinese Florist | http://www.anglochinese.com/
[2026-08-25 13:13:42] [79/115] Anglo Chinese Florist | http://www.anglochinese.com/
[2026-08-25 13:13:42]   ↳ 已存在，跳過 (Anglo-Chinese-Florist.html)
[2026-08-25 13:13:42]   ↳ 已存在，跳過 (Anglo-Chinese-Florist.html)
[2026-08-25 13:13:42] [80/115] Photobi HK 韓式 証件相拍摂工作室 - 湾仔店 | https://photobi.hk/
[2026-08-25 13:13:42] [80/115] Photobi HK 韓式 証件相拍摂工作室 - 湾仔店 | https://photobi.hk/
[2026-08-25 13:13:42]   ↳ 已存在，跳過 (Photobi-HK-韓式-証件相拍摂工作室---湾仔店.html)
[2026-08-25 13:13:42]   ↳ 已存在，跳過 (Photobi-HK-韓式-証件相拍摂工作室---湾仔店.html)
[2026-08-25 13:13:42] [81/115] Advance Pet Food | http://advancepetfood.com/
[2026-08-25 13:13:42] [81/115] Advance Pet Food | http://advancepetfood.com/
[2026-08-25 13:13:42]   ↳ 已存在，跳過 (Advance-Pet-Food.html)
[2026-08-25 13:13:42]   ↳ 已存在，跳過 (Advance-Pet-Food.html)
[2026-08-25 13:13:42] [82/115] Anna Maria Studio | http://annamstudio.com/
[2026-08-25 13:13:42] [82/115] Anna Maria Studio | http://annamstudio.com/
[2026-08-25 13:13:42]   ↳ 已存在，跳過 (Anna-Maria-Studio.html)
[2026-08-25 13:13:42]   ↳ 已存在，跳過 (Anna-Maria-Studio.html)
[2026-08-25 13:13:42] [83/115] 1984 HAIR SALON | https://1984hairsalon.wixsite.com/1984-hairsalon
[2026-08-25 13:13:42] [83/115] 1984 HAIR SALON | https://1984hairsalon.wixsite.com/1984-hairsalon
[2026-08-25 13:13:42]   ↳ 已存在，跳過 (1984-HAIR-SALON.html)
[2026-08-25 13:13:42]   ↳ 已存在，跳過 (1984-HAIR-SALON.html)
[2026-08-25 13:13:42] [84/115] Bulls PPF 専門店 | https://www.ppf.com.hk/
[2026-08-25 13:13:42] [84/115] Bulls PPF 専門店 | https://www.ppf.com.hk/
[2026-08-25 13:13:42]   ↳ 已存在，跳過 (Bulls-PPF-専門店.html)
[2026-08-25 13:13:42]   ↳ 已存在，跳過 (Bulls-PPF-専門店.html)
[2026-08-25 13:13:42] [85/115] LEEKAJA X AMONG Hair Salon Cen | https://www.leekaja.hk/
[2026-08-25 13:13:42] [85/115] LEEKAJA X AMONG Hair Salon Cen | https://www.leekaja.hk/
[2026-08-25 13:13:42]   ↳ 已存在，跳過 (LEEKAJA-X-AMONG-Hair-Salon-Century-Square-in-Hongkong-한국-미용실.html)
[2026-08-25 13:13:42]   ↳ 已存在，跳過 (LEEKAJA-X-AMONG-Hair-Salon-Century-Square-in-Hongkong-한국-미용실.html)
[2026-08-25 13:13:42] [86/115] MEGAPET (Kowloon City Shop) | http://www.megapet.com.hk/
[2026-08-25 13:13:42] [86/115] MEGAPET (Kowloon City Shop) | http://www.megapet.com.hk/
[2026-08-25 13:13:42]   ↳ 已存在，跳過 (MEGAPET-Kowloon-City-Shop.html)
[2026-08-25 13:13:42]   ↳ 已存在，跳過 (MEGAPET-Kowloon-City-Shop.html)
[2026-08-25 13:13:42] [87/115] 仁健牙科 Nixon Dental (太子牙醫/旺角牙醫/洗 | http://www.nixondental.com/
[2026-08-25 13:13:42] [87/115] 仁健牙科 Nixon Dental (太子牙醫/旺角牙醫/洗 | http://www.nixondental.com/
[2026-08-25 13:13:42]   ↳ 已存在，跳過 (仁健牙科-Nixon-Dental-太子牙醫-旺角牙醫-洗牙-補牙-種牙-植牙-杜牙根-智慧齒-箍牙-Invisalig.html)
[2026-08-25 13:13:42]   ↳ 已存在，跳過 (仁健牙科-Nixon-Dental-太子牙醫-旺角牙醫-洗牙-補牙-種牙-植牙-杜牙根-智慧齒-箍牙-Invisalig.html)
[2026-08-25 13:13:42] [88/115] 香港車房及汽車維修 | CarService.hk | https://www.carservice.hk/zh-hk
[2026-08-25 13:13:42] [88/115] 香港車房及汽車維修 | CarService.hk | https://www.carservice.hk/zh-hk
[2026-08-25 13:13:42]   ↳ 已存在，跳過 (香港車房及汽車維修-CarService.hk.html)
[2026-08-25 13:13:42]   ↳ 已存在，跳過 (香港車房及汽車維修-CarService.hk.html)
[2026-08-25 13:13:42] [89/115] 24小時 上門汽車維修保養服務 | https://garage-hk.com/onsite.php
[2026-08-25 13:13:42] [89/115] 24小時 上門汽車維修保養服務 | https://garage-hk.com/onsite.php
[2026-08-25 13:13:42]   ↳ 已存在，跳過 (24小時-上門汽車維修保養服務.html)
[2026-08-25 13:13:42]   ↳ 已存在，跳過 (24小時-上門汽車維修保養服務.html)
[2026-08-25 13:13:42] [90/115] 保養及維修服務 - Dchmsc | https://www.dchmsc.com/zh/maintenance-repair
[2026-08-25 13:13:42] [90/115] 保養及維修服務 - Dchmsc | https://www.dchmsc.com/zh/maintenance-repair
[2026-08-25 13:13:42]   ↳ 已存在，跳過 (保養及維修服務---Dchmsc.html)
[2026-08-25 13:13:42]   ↳ 已存在，跳過 (保養及維修服務---Dchmsc.html)
[2026-08-25 13:13:42] [91/115] Carro Care | https://carro.co/hk/zh-hant-hk/carro-care
[2026-08-25 13:13:42] [91/115] Carro Care | https://carro.co/hk/zh-hant-hk/carro-care
[2026-08-25 13:13:42]   ↳ 已存在，跳過 (Carro-Care.html)
[2026-08-25 13:13:42]   ↳ 已存在，跳過 (Carro-Care.html)
[2026-08-25 13:13:42] [92/115] 車師傅 - 全港認證車師傅總匯 | https://www.mastercar.hk/
[2026-08-25 13:13:42] [92/115] 車師傅 - 全港認證車師傅總匯 | https://www.mastercar.hk/
[2026-08-25 13:13:42]   ↳ 已存在，跳過 (車師傅---全港認證車師傅總匯.html)
[2026-08-25 13:13:42]   ↳ 已存在，跳過 (車師傅---全港認證車師傅總匯.html)
[2026-08-25 13:13:42] [93/115] 堅記車房平台 | https://www.kinkeecar.com/
[2026-08-25 13:13:42] [93/115] 堅記車房平台 | https://www.kinkeecar.com/
[2026-08-25 13:13:42]   ↳ 已存在，跳過 (堅記車房平台.html)
[2026-08-25 13:13:42]   ↳ 已存在，跳過 (堅記車房平台.html)
[2026-08-25 13:13:42] [94/115] 汽車保養及汽車維修 | CarService.hk | https://www.carservice.hk/zh-hk/services/car-servicing
[2026-08-25 13:13:42] [94/115] 汽車保養及汽車維修 | CarService.hk | https://www.carservice.hk/zh-hk/services/car-servicing
[2026-08-25 13:13:42]   ↳ 已存在，跳過 (汽車保養及汽車維修-CarService.hk.html)
[2026-08-25 13:13:42]   ↳ 已存在，跳過 (汽車保養及汽車維修-CarService.hk.html)
[2026-08-25 13:13:42] [95/115] 汽車維修 - Anyone | https://www.anyonehk.com/%E6%B1%BD%E8%BB%8A%E7%B6%AD%E4%BF%AE/
[2026-08-25 13:13:42] [95/115] 汽車維修 - Anyone | https://www.anyonehk.com/%E6%B1%BD%E8%BB%8A%E7%B6%AD%E4%BF%AE/
[2026-08-25 13:13:42]   ↳ 已存在，跳過 (汽車維修---Anyone.html)
[2026-08-25 13:13:42]   ↳ 已存在，跳過 (汽車維修---Anyone.html)
[2026-08-25 13:13:42] [96/115] 香港汽車維修公司名錄 - 新成立/注册及已更改名称的公司名单 | https://hkg.databasesets.com/zh-hant/gongsimingdan/type/Motor_Service
[2026-08-25 13:13:42] [96/115] 香港汽車維修公司名錄 - 新成立/注册及已更改名称的公司名单 | https://hkg.databasesets.com/zh-hant/gongsimingdan/type/Motor_Service
[2026-08-25 13:13:42]   ↳ 已存在，跳過 (香港汽車維修公司名錄---新成立-注册及已更改名称的公司名单.html)
[2026-08-25 13:13:42]   ↳ 已存在，跳過 (香港汽車維修公司名錄---新成立-注册及已更改名称的公司名单.html)
[2026-08-25 13:13:42] [97/115] 汽車服務公司 - Driver.com.hk | https://www.driver.com.hk/service
[2026-08-25 13:13:42] [97/115] 汽車服務公司 - Driver.com.hk | https://www.driver.com.hk/service
[2026-08-25 13:13:42]   ↳ 已存在，跳過 (汽車服務公司---Driver.com.hk.html)
[2026-08-25 13:13:42]   ↳ 已存在，跳過 (汽車服務公司---Driver.com.hk.html)
[2026-08-25 13:13:42] [98/115] 最佳香港花店推介 送花訂花好去處/網上買花 | https://www.timeout.com.hk/hong-kong/hk/%E8%B3%BC%E7%89%A9/%E6%9C%80%E4%BD%B3%E9%A6%99%E6%B8%AF%E8%8A%B1%E5%BA%97%E6%8E%A8%E4%BB%8B-%E9%80%81%E8%8A%B1%E8%A8%82%E8%8A%B1%E5%A5%BD%E5%8E%BB%E8%99%95-%E7%B6%B2%E4%B8%8A%E8%B2%B7%E8%8A%B1
[2026-08-25 13:13:42] [98/115] 最佳香港花店推介 送花訂花好去處/網上買花 | https://www.timeout.com.hk/hong-kong/hk/%E8%B3%BC%E7%89%A9/%E6%9C%80%E4%BD%B3%E9%A6%99%E6%B8%AF%E8%8A%B1%E5%BA%97%E6%8E%A8%E4%BB%8B-%E9%80%81%E8%8A%B1%E8%A8%82%E8%8A%B1%E5%A5%BD%E5%8E%BB%E8%99%95-%E7%B6%B2%E4%B8%8A%E8%B2%B7%E8%8A%B1
[2026-08-25 13:13:42]   ↳ 已存在，跳過 (最佳香港花店推介-送花訂花好去處-網上買花.html)
[2026-08-25 13:13:42]   ↳ 已存在，跳過 (最佳香港花店推介-送花訂花好去處-網上買花.html)
[2026-08-25 13:13:42] [99/115] HK Florist Directory | https://zh-hk.hk-florist.org/hk-florist-directory/
[2026-08-25 13:13:42] [99/115] HK Florist Directory | https://zh-hk.hk-florist.org/hk-florist-directory/
[2026-08-25 13:13:42]   ↳ 已存在，跳過 (HK-Florist-Directory.html)
[2026-08-25 13:13:42]   ↳ 已存在，跳過 (HK-Florist-Directory.html)
[2026-08-25 13:13:42] [100/115] 主頁 | https://shunkeeflowers.com.hk/
[2026-08-25 13:13:42] [100/115] 主頁 | https://shunkeeflowers.com.hk/
[2026-08-25 13:13:42]   ↳ 已存在，跳過 (主頁.html)
[2026-08-25 13:13:42]   ↳ 已存在，跳過 (主頁.html)
[2026-08-25 13:13:42] [101/115] Kushiro | http://www.kushiro.com.hk/
[2026-08-25 13:13:42] [101/115] Kushiro | http://www.kushiro.com.hk/
[2026-08-25 13:13:42]   ↳ 已存在，跳過 (Kushiro.html)
[2026-08-25 13:13:42]   ↳ 已存在，跳過 (Kushiro.html)
[2026-08-25 13:13:42] [102/115] PETNAR LIVING 裝修工程 室內設計 傢俬訂製 | https://petnar-living.com/interior-design/
[2026-08-25 13:13:42] [102/115] PETNAR LIVING 裝修工程 室內設計 傢俬訂製 | https://petnar-living.com/interior-design/
[2026-08-25 13:13:42]   ↳ 已存在，跳過 (PETNAR-LIVING-裝修工程-室內設計-傢俬訂製.html)
[2026-08-25 13:13:42]   ↳ 已存在，跳過 (PETNAR-LIVING-裝修工程-室內設計-傢俬訂製.html)
[2026-08-25 13:13:42] [103/115] 太子中学補習社 - 立方教育 | https://www.ilearndse.com/
[2026-08-25 13:13:42] [103/115] 太子中学補習社 - 立方教育 | https://www.ilearndse.com/
[2026-08-25 13:13:42]   ↳ 已存在，跳過 (太子中学補習社---立方教育.html)
[2026-08-25 13:13:42]   ↳ 已存在，跳過 (太子中学補習社---立方教育.html)
[2026-08-25 13:13:42] [104/115] Speedycat Photo Studio | https://www.speedycat.com.hk/
[2026-08-25 13:13:42] [104/115] Speedycat Photo Studio | https://www.speedycat.com.hk/
[2026-08-25 13:13:42]   ↳ 已存在，跳過 (Speedycat-Photo-Studio.html)
[2026-08-25 13:13:42]   ↳ 已存在，跳過 (Speedycat-Photo-Studio.html)
[2026-08-25 13:13:42] [105/115] 進研教育 - 英文中文數學補習社 (北角分校) | https://www.joinin-education.com/
[2026-08-25 13:13:42] [105/115] 進研教育 - 英文中文數學補習社 (北角分校) | https://www.joinin-education.com/
[2026-08-25 13:13:42]   ↳ 已存在，跳過 (進研教育---英文中文數學補習社-北角分校.html)
[2026-08-25 13:13:42]   ↳ 已存在，跳過 (進研教育---英文中文數學補習社-北角分校.html)
[2026-08-25 13:13:42] [106/115] 聚萌 | https://www.dogatherhk.com/
[2026-08-25 13:13:42] [106/115] 聚萌 | https://www.dogatherhk.com/
[2026-08-25 13:13:42]   ↳ 已存在，跳過 (聚萌.html)
[2026-08-25 13:13:42]   ↳ 已存在，跳過 (聚萌.html)
[2026-08-25 13:13:42] [107/115] The Factory Hair剪髮染髮電髮專門店 | http://haircuthk.com/
[2026-08-25 13:13:42] [107/115] The Factory Hair剪髮染髮電髮專門店 | http://haircuthk.com/
[2026-08-25 13:13:42]   ↳ 已存在，跳過 (The-Factory-Hair剪髮染髮電髮專門店.html)
[2026-08-25 13:13:42]   ↳ 已存在，跳過 (The-Factory-Hair剪髮染髮電髮專門店.html)
[2026-08-25 13:13:42] [108/115] EcHouse 装修配対平台 | 装修報価 | 室内設計 | | https://www.echouse.com.hk/
[2026-08-25 13:13:42] [108/115] EcHouse 装修配対平台 | 装修報価 | 室内設計 | | https://www.echouse.com.hk/
[2026-08-25 13:13:42]   ↳ 已存在，跳過 (EcHouse-装修配対平台-装修報価-室内設計-装修設計.html)
[2026-08-25 13:13:42]   ↳ 已存在，跳過 (EcHouse-装修配対平台-装修報価-室内設計-装修設計.html)
[2026-08-25 13:13:42] [109/115] Element Dental Centre 弘悅牙科 | https://www.elementdentalhk.com/
[2026-08-25 13:13:42] [109/115] Element Dental Centre 弘悅牙科 | https://www.elementdentalhk.com/
[2026-08-25 13:13:42]   ↳ 已存在，跳過 (Element-Dental-Centre-弘悅牙科.html)
[2026-08-25 13:13:42]   ↳ 已存在，跳過 (Element-Dental-Centre-弘悅牙科.html)
[2026-08-25 13:13:42] [110/115] 皆一空間 室内設計 装修工程 | http://arone-space.com/
[2026-08-25 13:13:42] [110/115] 皆一空間 室内設計 装修工程 | http://arone-space.com/
[2026-08-25 13:13:42]   ↳ 已存在，跳過 (皆一空間-室内設計-装修工程.html)
[2026-08-25 13:13:42]   ↳ 已存在，跳過 (皆一空間-室内設計-装修工程.html)
[2026-08-25 13:13:42] [111/115] The Vault Fitness | http://thevault-fitness.com/
[2026-08-25 13:13:42] [111/115] The Vault Fitness | http://thevault-fitness.com/
[2026-08-25 13:13:42]   ↳ 已存在，跳過 (The-Vault-Fitness.html)
[2026-08-25 13:13:42]   ↳ 已存在，跳過 (The-Vault-Fitness.html)
[2026-08-25 13:13:42] [112/115] 電髮 染髮 焗油 GH Haircut Salon | https://haircuthk.com/%E4%B8%AD%E7%92%B0%E6%9F%93%E9%AB%AE/
[2026-08-25 13:13:42] [112/115] 電髮 染髮 焗油 GH Haircut Salon | https://haircuthk.com/%E4%B8%AD%E7%92%B0%E6%9F%93%E9%AB%AE/
[2026-08-25 13:13:42]   ↳ 已存在，跳過 (電髮-染髮-焗油-GH-Haircut-Salon.html)
[2026-08-25 13:13:42]   ↳ 已存在，跳過 (電髮-染髮-焗油-GH-Haircut-Salon.html)
[2026-08-25 13:13:42] [113/115] METEOR HK 摂影器材精品店 | http://www.meteor.com.hk/
[2026-08-25 13:13:42] [113/115] METEOR HK 摂影器材精品店 | http://www.meteor.com.hk/
[2026-08-25 13:13:42]   ↳ 已存在，跳過 (METEOR-HK-摂影器材精品店.html)
[2026-08-25 13:13:42]   ↳ 已存在，跳過 (METEOR-HK-摂影器材精品店.html)
[2026-08-25 13:13:42] [114/115] Goood Car Wrap | https://gooodcarwrap.wixsite.com/goood-car-wrap
[2026-08-25 13:13:42] [114/115] Goood Car Wrap | https://gooodcarwrap.wixsite.com/goood-car-wrap
[2026-08-25 13:13:42]   ↳ 已存在，跳過 (Goood-Car-Wrap.html)
[2026-08-25 13:13:42]   ↳ 已存在，跳過 (Goood-Car-Wrap.html)
[2026-08-25 13:13:42] [115/115] 中環Salon Goody | https://haircuthk.com/%E4%B8%AD%E7%92%B0salon/
[2026-08-25 13:13:42] [115/115] 中環Salon Goody | https://haircuthk.com/%E4%B8%AD%E7%92%B0salon/
[2026-08-25 13:13:42]   ↳ 已存在，跳過 (中環Salon-Goody.html)
[2026-08-25 13:13:42]   ↳ 已存在，跳過 (中環Salon-Goody.html)
[2026-08-25 13:13:42] == 完成 ==
[2026-08-25 13:13:42] == 完成 ==
[2026-08-25 13:13:42] 成功 115 個，失敗 0 個
[2026-08-25 13:13:42] 成功 115 個，失敗 0 個

── 失敗清單 ──
[2026-08-25 13:13:42] == 開始為 0 間「沒網站但有聯絡」的商家建立一頁式網頁 → /home/ubuntu/.mok/html/project/MokCs ==
[2026-08-25 13:13:42] == 開始為 0 間「沒網站但有聯絡」的商家建立一頁式網頁 → /home/ubuntu/.mok/html/project/MokCs ==
[2026-08-25 13:13:42] == 一頁式網頁完成：0/0 ==
[2026-08-25 13:13:42] == 一頁式網頁完成：0/0 ==
[2026-08-25 13:45:18]   過濾：115 間 → 保留 115 間有 WhatsApp/Email 的商家
[2026-08-25 13:45:18]   過濾：115 間 → 保留 115 間有 WhatsApp/Email 的商家
[2026-08-25 13:45:18] == 開始克隆 115 個商家首頁 → /home/ubuntu/.mok/html/project/MokCs ==
[2026-08-25 13:45:18] == 開始克隆 115 個商家首頁 → /home/ubuntu/.mok/html/project/MokCs ==
[2026-08-25 13:45:18] [1/115] Hutong | https://hutong.com.hk/
[2026-08-25 13:45:18] [1/115] Hutong | https://hutong.com.hk/
[2026-08-25 13:45:18]   ↳ 已存在，跳過 (Hutong.html)
[2026-08-25 13:45:18]   ↳ 已存在，跳過 (Hutong.html)
[2026-08-25 13:45:18] [2/115] The Chairman Restaurant | https://www.thechairmangroup.com/
[2026-08-25 13:45:18] [2/115] The Chairman Restaurant | https://www.thechairmangroup.com/
[2026-08-25 13:45:18]   ↳ 已存在，跳過 (The-Chairman-Restaurant.html)
[2026-08-25 13:45:18]   ↳ 已存在，跳過 (The-Chairman-Restaurant.html)
[2026-08-25 13:45:18] [3/115] 南蛮亭香港店 | http://nanbantei.com.hk/
[2026-08-25 13:45:18] [3/115] 南蛮亭香港店 | http://nanbantei.com.hk/
[2026-08-25 13:45:18]   ↳ 已存在，跳過 (南蛮亭香港店.html)
[2026-08-25 13:45:18]   ↳ 已存在，跳過 (南蛮亭香港店.html)
[2026-08-25 13:45:18] [4/115] 添好運點心專賣店 | https://www.timhowan.com.hk/
[2026-08-25 13:45:18] [4/115] 添好運點心專賣店 | https://www.timhowan.com.hk/
[2026-08-25 13:45:18]   ↳ 已存在，跳過 (添好運點心專賣店.html)
[2026-08-25 13:45:18]   ↳ 已存在，跳過 (添好運點心專賣店.html)
[2026-08-25 13:45:18] [5/115] La Petite Maison (LPM) Hong Ko | https://lpmrestaurants.com/hongkong/
[2026-08-25 13:45:18] [5/115] La Petite Maison (LPM) Hong Ko | https://lpmrestaurants.com/hongkong/
[2026-08-25 13:45:18]   ↳ 已存在，跳過 (La-Petite-Maison-LPM-Hong-Kong.html)
[2026-08-25 13:45:18]   ↳ 已存在，跳過 (La-Petite-Maison-LPM-Hong-Kong.html)
[2026-08-25 13:45:18] [6/115] Glow Hong Kong | https://www.glowspa.hk/
[2026-08-25 13:45:18] [6/115] Glow Hong Kong | https://www.glowspa.hk/
[2026-08-25 13:45:18]   ↳ 已存在，跳過 (Glow-Hong-Kong.html)
[2026-08-25 13:45:18]   ↳ 已存在，跳過 (Glow-Hong-Kong.html)
[2026-08-25 13:45:18] [7/115] Mó The Slow Bloom | https://www.mo-hk.com/
[2026-08-25 13:45:18] [7/115] Mó The Slow Bloom | https://www.mo-hk.com/
[2026-08-25 13:45:18]   ↳ 已存在，跳過 (Mó-The-Slow-Bloom.html)
[2026-08-25 13:45:18]   ↳ 已存在，跳過 (Mó-The-Slow-Bloom.html)
[2026-08-25 13:45:18] [8/115] Lux Medical 医繊美 | https://www.luxbeauty.hk/
[2026-08-25 13:45:18] [8/115] Lux Medical 医繊美 | https://www.luxbeauty.hk/
[2026-08-25 13:45:18]   ↳ 已存在，跳過 (Lux-Medical-医繊美.html)
[2026-08-25 13:45:18]   ↳ 已存在，跳過 (Lux-Medical-医繊美.html)
[2026-08-25 13:45:18] [9/115] 114HAIR | http://www.114hair.com/
[2026-08-25 13:45:18] [9/115] 114HAIR | http://www.114hair.com/
[2026-08-25 13:45:18]   ↳ 已存在，跳過 (114HAIR.html)
[2026-08-25 13:45:18]   ↳ 已存在，跳過 (114HAIR.html)
[2026-08-25 13:45:18] [10/115] Love Hair | http://www.lovehairhk.com/
[2026-08-25 13:45:18] [10/115] Love Hair | http://www.lovehairhk.com/
[2026-08-25 13:45:18]   ↳ 已存在，跳過 (Love-Hair.html)
[2026-08-25 13:45:18]   ↳ 已存在，跳過 (Love-Hair.html)
[2026-08-25 13:45:18] [11/115] TONI&GUY HK | http://www.toniandguyhk.com/
[2026-08-25 13:45:18] [11/115] TONI&GUY HK | http://www.toniandguyhk.com/
[2026-08-25 13:45:18]   ↳ 已存在，跳過 (TONIGUY-HK.html)
[2026-08-25 13:45:18]   ↳ 已存在，跳過 (TONIGUY-HK.html)
[2026-08-25 13:45:18] [12/115] iMPROVE HAiR-尖沙咀salon 尖沙咀剪髮 尖沙 | http://www.ihair.com.hk/
[2026-08-25 13:45:18] [12/115] iMPROVE HAiR-尖沙咀salon 尖沙咀剪髮 尖沙 | http://www.ihair.com.hk/
[2026-08-25 13:45:18]   ↳ 已存在，跳過 (iMPROVE-HAiR-尖沙咀salon-尖沙咀剪髮-尖沙咀髮廊-尖沙咀中藥染髮-尖沙咀假髮-尖沙咀頭皮護理.html)
[2026-08-25 13:45:18]   ↳ 已存在，跳過 (iMPROVE-HAiR-尖沙咀salon-尖沙咀剪髮-尖沙咀髮廊-尖沙咀中藥染髮-尖沙咀假髮-尖沙咀頭皮護理.html)
[2026-08-25 13:45:18] [13/115] 金澱装修工程有限公司 | https://www.palaceengineeringltd.com/
[2026-08-25 13:45:18] [13/115] 金澱装修工程有限公司 | https://www.palaceengineeringltd.com/
[2026-08-25 13:45:18]   ↳ 已存在，跳過 (金澱装修工程有限公司.html)
[2026-08-25 13:45:18]   ↳ 已存在，跳過 (金澱装修工程有限公司.html)
[2026-08-25 13:45:18] [14/115] 鋒主義 - 室內設計公司 | 室內裝修工程 | 工期 報價  | https://www.fungstyle.com.hk/
[2026-08-25 13:45:18] [14/115] 鋒主義 - 室內設計公司 | 室內裝修工程 | 工期 報價  | https://www.fungstyle.com.hk/
[2026-08-25 13:45:18]   ↳ 已存在，跳過 (鋒主義---室內設計公司-室內裝修工程-工期-報價-服務-三大保證.html)
[2026-08-25 13:45:18]   ↳ 已存在，跳過 (鋒主義---室內設計公司-室內裝修工程-工期-報價-服務-三大保證.html)
[2026-08-25 13:45:18] [15/115] 装修兄弟 | http://www.renobro.com.hk/
[2026-08-25 13:45:18] [15/115] 装修兄弟 | http://www.renobro.com.hk/
[2026-08-25 13:45:18]   ↳ 已存在，跳過 (装修兄弟.html)
[2026-08-25 13:45:18]   ↳ 已存在，跳過 (装修兄弟.html)
[2026-08-25 13:45:18] [16/115] 居屋皇 House king | 香港室内設計及装修公司 | http://housekinghk.com/
[2026-08-25 13:45:18] [16/115] 居屋皇 House king | 香港室内設計及装修公司 | http://housekinghk.com/
[2026-08-25 13:45:18]   ↳ 已存在，跳過 (居屋皇-House-king-香港室内設計及装修公司.html)
[2026-08-25 13:45:18]   ↳ 已存在，跳過 (居屋皇-House-king-香港室内設計及装修公司.html)
[2026-08-25 13:45:18] [17/115] Toby 裝修設計平台｜免費裝修報價｜香港裝修公司及室內設計 | https://www.hellotoby.com/zh-hk/id
[2026-08-25 13:45:18] [17/115] Toby 裝修設計平台｜免費裝修報價｜香港裝修公司及室內設計 | https://www.hellotoby.com/zh-hk/id
[2026-08-25 13:45:18]   ↳ 已存在，跳過 (Toby-裝修設計平台免費裝修報價香港裝修公司及室內設計公司.html)
[2026-08-25 13:45:18]   ↳ 已存在，跳過 (Toby-裝修設計平台免費裝修報價香港裝修公司及室內設計公司.html)
[2026-08-25 13:45:18] [18/115] PET HK - Mid Levels Edition | http://pethk.com/
[2026-08-25 13:45:18] [18/115] PET HK - Mid Levels Edition | http://pethk.com/
[2026-08-25 13:45:18]   ↳ 已存在，跳過 (PET-HK---Mid-Levels-Edition.html)
[2026-08-25 13:45:18]   ↳ 已存在，跳過 (PET-HK---Mid-Levels-Edition.html)
[2026-08-25 13:45:18] [19/115] Ruff & Fetch 拉夫寵物生活 (佐敦 Jordan | http://www.ruffandfetch.com/
[2026-08-25 13:45:18] [19/115] Ruff & Fetch 拉夫寵物生活 (佐敦 Jordan | http://www.ruffandfetch.com/
[2026-08-25 13:45:18]   ↳ 已存在，跳過 (Ruff--Fetch-拉夫寵物生活-佐敦-Jordan.html)
[2026-08-25 13:45:18]   ↳ 已存在，跳過 (Ruff--Fetch-拉夫寵物生活-佐敦-Jordan.html)
[2026-08-25 13:45:18] [20/115] HKTA香港導師会 | https://www.hkta.edu.hk/
[2026-08-25 13:45:18] [20/115] HKTA香港導師会 | https://www.hkta.edu.hk/
[2026-08-25 13:45:18]   ↳ 已存在，跳過 (HKTA香港導師会.html)
[2026-08-25 13:45:18]   ↳ 已存在，跳過 (HKTA香港導師会.html)
[2026-08-25 13:45:18] [21/115] 騎士数学 Knight Mathematics - Band | https://knightmaths.edu.hk/
[2026-08-25 13:45:18] [21/115] 騎士数学 Knight Mathematics - Band | https://knightmaths.edu.hk/
[2026-08-25 13:45:18]   ↳ 已存在，跳過 (騎士数学-Knight-Mathematics---Band-1-DSE-数学補習社.html)
[2026-08-25 13:45:18]   ↳ 已存在，跳過 (騎士数学-Knight-Mathematics---Band-1-DSE-数学補習社.html)
[2026-08-25 13:45:18] [22/115] 香港文化教育中心 | https://docs.google.com/forms/d/e/1FAIpQLSdjgsQlR4w8ZgKgE9RgAUPsPwrZzAZpo5SCULDDOgygEdeDnQ/viewform
[2026-08-25 13:45:18] [22/115] 香港文化教育中心 | https://docs.google.com/forms/d/e/1FAIpQLSdjgsQlR4w8ZgKgE9RgAUPsPwrZzAZpo5SCULDDOgygEdeDnQ/viewform
[2026-08-25 13:45:18]   ↳ 已存在，跳過 (香港文化教育中心.html)
[2026-08-25 13:45:18]   ↳ 已存在，跳過 (香港文化教育中心.html)
[2026-08-25 13:45:18] [23/115] GETUTOR 香港導師総会｜上門補習中介平台｜私補導師推介 | https://www.getutor.com.hk/
[2026-08-25 13:45:18] [23/115] GETUTOR 香港導師総会｜上門補習中介平台｜私補導師推介 | https://www.getutor.com.hk/
[2026-08-25 13:45:18]   ↳ 已存在，跳過 (GETUTOR-香港導師総会上門補習中介平台私補導師推介Private-Tutors-AgencyIB-IGCSE-A.html)
[2026-08-25 13:45:18]   ↳ 已存在，跳過 (GETUTOR-香港導師総会上門補習中介平台私補導師推介Private-Tutors-AgencyIB-IGCSE-A.html)
[2026-08-25 13:45:18] [24/115] 英博教学中心 - 数学中文英文補習 - 中小学補習社 | https://eplc.edu.hk/
[2026-08-25 13:45:18] [24/115] 英博教学中心 - 数学中文英文補習 - 中小学補習社 | https://eplc.edu.hk/
[2026-08-25 13:45:18]   ↳ 已存在，跳過 (英博教学中心---数学中文英文補習---中小学補習社.html)
[2026-08-25 13:45:18]   ↳ 已存在，跳過 (英博教学中心---数学中文英文補習---中小学補習社.html)
[2026-08-25 13:45:18] [25/115] 進研教育 - 英文中文数学補習社 | https://joinin-education.com/
[2026-08-25 13:45:18] [25/115] 進研教育 - 英文中文数学補習社 | https://joinin-education.com/
[2026-08-25 13:45:18]   ↳ 已存在，跳過 (進研教育---英文中文数学補習社.html)
[2026-08-25 13:45:18]   ↳ 已存在，跳過 (進研教育---英文中文数学補習社.html)
[2026-08-25 13:45:18] [26/115] 學斯教育(灣仔) | http://hoksi-edu.com/
[2026-08-25 13:45:18] [26/115] 學斯教育(灣仔) | http://hoksi-edu.com/
[2026-08-25 13:45:18]   ↳ 已存在，跳過 (學斯教育灣仔.html)
[2026-08-25 13:45:18]   ↳ 已存在，跳過 (學斯教育灣仔.html)
[2026-08-25 13:45:18] [27/115] 補習社｜学博教育 Learn Smart Education | https://learnsmart.edu.hk/
[2026-08-25 13:45:18] [27/115] 補習社｜学博教育 Learn Smart Education | https://learnsmart.edu.hk/
[2026-08-25 13:45:18]   ↳ 已存在，跳過 (補習社学博教育-Learn-Smart-Education.html)
[2026-08-25 13:45:18]   ↳ 已存在，跳過 (補習社学博教育-Learn-Smart-Education.html)
[2026-08-25 13:45:18] [28/115] 24/7 Fitness Central | http://247.fitness/
[2026-08-25 13:45:18] [28/115] 24/7 Fitness Central | http://247.fitness/
[2026-08-25 13:45:18]   ↳ 已存在，跳過 (24-7-Fitness-Central.html)
[2026-08-25 13:45:18]   ↳ 已存在，跳過 (24-7-Fitness-Central.html)
[2026-08-25 13:45:18] [29/115] 啓弘牙科（旺角店）丨九龍/旺角牙医/智慧歯/箍牙/隠式美/全 | https://omnesdental.com/
[2026-08-25 13:45:18] [29/115] 啓弘牙科（旺角店）丨九龍/旺角牙医/智慧歯/箍牙/隠式美/全 | https://omnesdental.com/
[2026-08-25 13:45:18]   ↳ 已存在，跳過 (啓弘牙科旺角店丨九龍-旺角牙医-智慧歯-箍牙-隠式美-全方位牙科服務-専業治療牙痛-種植牙-補牙-剥牙-洗牙.html)
[2026-08-25 13:45:18]   ↳ 已存在，跳過 (啓弘牙科旺角店丨九龍-旺角牙医-智慧歯-箍牙-隠式美-全方位牙科服務-専業治療牙痛-種植牙-補牙-剥牙-洗牙.html)
[2026-08-25 13:45:18] [30/115] Smith & Jain Dentists 史密夫和鄭牙醫診 | https://smithandjaindentists.com/
[2026-08-25 13:45:18] [30/115] Smith & Jain Dentists 史密夫和鄭牙醫診 | https://smithandjaindentists.com/
[2026-08-25 13:45:18]   ↳ 已存在，跳過 (Smith--Jain-Dentists-史密夫和鄭牙醫診所.html)
[2026-08-25 13:45:18]   ↳ 已存在，跳過 (Smith--Jain-Dentists-史密夫和鄭牙醫診所.html)
[2026-08-25 13:45:18] [31/115] Home Dental (Tsim Sha Tsui Bra | https://homedentalhk.com/cn/contact-us/tst
[2026-08-25 13:45:18] [31/115] Home Dental (Tsim Sha Tsui Bra | https://homedentalhk.com/cn/contact-us/tst
[2026-08-25 13:45:18]   ↳ 已存在，跳過 (Home-Dental-Tsim-Sha-Tsui-Branch.html)
[2026-08-25 13:45:18]   ↳ 已存在，跳過 (Home-Dental-Tsim-Sha-Tsui-Branch.html)
[2026-08-25 13:45:18] [32/115] 伍裕彤牙医 | https://trucaredental.hk/
[2026-08-25 13:45:18] [32/115] 伍裕彤牙医 | https://trucaredental.hk/
[2026-08-25 13:45:18]   ↳ 已存在，跳過 (伍裕彤牙医.html)
[2026-08-25 13:45:18]   ↳ 已存在，跳過 (伍裕彤牙医.html)
[2026-08-25 13:45:18] [33/115] Home Dental | https://homedentalhk.com/cn/contact-us/cwb
[2026-08-25 13:45:18] [33/115] Home Dental | https://homedentalhk.com/cn/contact-us/cwb
[2026-08-25 13:45:18]   ↳ 已存在，跳過 (Home-Dental.html)
[2026-08-25 13:45:18]   ↳ 已存在，跳過 (Home-Dental.html)
[2026-08-25 13:45:18] [34/115] T.O.P Dental by Family Smile L | http://www.topdental.hk/
[2026-08-25 13:45:18] [34/115] T.O.P Dental by Family Smile L | http://www.topdental.hk/
[2026-08-25 13:45:18]   ↳ 已存在，跳過 (T.O.P-Dental-by-Family-Smile-Ltd-香港牙科醫療集團-旺角太子牙醫中心.html)
[2026-08-25 13:45:18]   ↳ 已存在，跳過 (T.O.P-Dental-by-Family-Smile-Ltd-香港牙科醫療集團-旺角太子牙醫中心.html)
[2026-08-25 13:45:18] [35/115] Metro Dental 城健総合牙科医療中心 | https://www.metrodental.com.hk/
[2026-08-25 13:45:18] [35/115] Metro Dental 城健総合牙科医療中心 | https://www.metrodental.com.hk/
[2026-08-25 13:45:18]   ↳ 已存在，跳過 (Metro-Dental-城健総合牙科医療中心.html)
[2026-08-25 13:45:18]   ↳ 已存在，跳過 (Metro-Dental-城健総合牙科医療中心.html)
[2026-08-25 13:45:18] [36/115] 大国手 汽車車身維修 Grand Tycoon Automo | http://grandtycoon.com/
[2026-08-25 13:45:18] [36/115] 大国手 汽車車身維修 Grand Tycoon Automo | http://grandtycoon.com/
[2026-08-25 13:45:18]   ↳ 已存在，跳過 (大国手-汽車車身維修-Grand-Tycoon-Automotive-Repair-Shop.html)
[2026-08-25 13:45:18]   ↳ 已存在，跳過 (大国手-汽車車身維修-Grand-Tycoon-Automotive-Repair-Shop.html)
[2026-08-25 13:45:18] [37/115] AutoMate | Sham Shui Po Shop | https://www.automate-app.com/auto-shop
[2026-08-25 13:45:18] [37/115] AutoMate | Sham Shui Po Shop | https://www.automate-app.com/auto-shop
[2026-08-25 13:45:18]   ↳ 已存在，跳過 (AutoMate-Sham-Shui-Po-Shop.html)
[2026-08-25 13:45:18]   ↳ 已存在，跳過 (AutoMate-Sham-Shui-Po-Shop.html)
[2026-08-25 13:45:18] [38/115] Carol Garage Limited | http://www.carolgarage.com.hk/
[2026-08-25 13:45:18] [38/115] Carol Garage Limited | http://www.carolgarage.com.hk/
[2026-08-25 13:45:18]   ↳ 已存在，跳過 (Carol-Garage-Limited.html)
[2026-08-25 13:45:18]   ↳ 已存在，跳過 (Carol-Garage-Limited.html)
[2026-08-25 13:45:18] [39/115] 八方汽車 | Power Moto Limited | http://www.power-moto.hk/
[2026-08-25 13:45:18] [39/115] 八方汽車 | Power Moto Limited | http://www.power-moto.hk/
[2026-08-25 13:45:18]   ↳ 已存在，跳過 (八方汽車-Power-Moto-Limited.html)
[2026-08-25 13:45:18]   ↳ 已存在，跳過 (八方汽車-Power-Moto-Limited.html)
[2026-08-25 13:45:18] [40/115] Flow & Roll Laundry 自助洗衣 (中環 C | https://flowandroll.com/
[2026-08-25 13:45:18] [40/115] Flow & Roll Laundry 自助洗衣 (中環 C | https://flowandroll.com/
[2026-08-25 13:45:18]   ↳ 已存在，跳過 (Flow--Roll-Laundry-自助洗衣-中環-Central.html)
[2026-08-25 13:45:18]   ↳ 已存在，跳過 (Flow--Roll-Laundry-自助洗衣-中環-Central.html)
[2026-08-25 13:45:18] [41/115] 初洗 First Laundry 觀塘24小時自助洗衣店 | https://wa.me/85268716550
[2026-08-25 13:45:18] [41/115] 初洗 First Laundry 觀塘24小時自助洗衣店 | https://wa.me/85268716550
[2026-08-25 13:45:18]   ↳ 已存在，跳過 (初洗-First-Laundry-觀塘24小時自助洗衣店.html)
[2026-08-25 13:45:18]   ↳ 已存在，跳過 (初洗-First-Laundry-觀塘24小時自助洗衣店.html)
[2026-08-25 13:45:18] [42/115] 水漾衣坊 water laundry | https://whalewashmk.hk/
[2026-08-25 13:45:18] [42/115] 水漾衣坊 water laundry | https://whalewashmk.hk/
[2026-08-25 13:45:18]   ↳ 已存在，跳過 (水漾衣坊-water-laundry.html)
[2026-08-25 13:45:18]   ↳ 已存在，跳過 (水漾衣坊-water-laundry.html)
[2026-08-25 13:45:18] [43/115] FLORISTRY by ART OF LIVING | http://www.floristrybyartofliving.com/
[2026-08-25 13:45:18] [43/115] FLORISTRY by ART OF LIVING | http://www.floristrybyartofliving.com/
[2026-08-25 13:45:18]   ↳ 已存在，跳過 (FLORISTRY-by-ART-OF-LIVING.html)
[2026-08-25 13:45:18]   ↳ 已存在，跳過 (FLORISTRY-by-ART-OF-LIVING.html)
[2026-08-25 13:45:18] [44/115] 花籃 450 - Flower 450 | https://flower450.com/
[2026-08-25 13:45:18] [44/115] 花籃 450 - Flower 450 | https://flower450.com/
[2026-08-25 13:45:18]   ↳ 已存在，跳過 (花籃-450---Flower-450.html)
[2026-08-25 13:45:18]   ↳ 已存在，跳過 (花籃-450---Flower-450.html)
[2026-08-25 13:45:18] [45/115] 優之花鋪-U Flower Shop | https://www.uflowershop.com/
[2026-08-25 13:45:18] [45/115] 優之花鋪-U Flower Shop | https://www.uflowershop.com/
[2026-08-25 13:45:18]   ↳ 已存在，跳過 (優之花鋪-U-Flower-Shop.html)
[2026-08-25 13:45:18]   ↳ 已存在，跳過 (優之花鋪-U-Flower-Shop.html)
[2026-08-25 13:45:18] [46/115] Eternal Flora hk | https://www.eternalflorahk.com/
[2026-08-25 13:45:18] [46/115] Eternal Flora hk | https://www.eternalflorahk.com/
[2026-08-25 13:45:18]   ↳ 已存在，跳過 (Eternal-Flora-hk.html)
[2026-08-25 13:45:18]   ↳ 已存在，跳過 (Eternal-Flora-hk.html)
[2026-08-25 13:45:18] [47/115] FDHK - Flower Delivery Hong Ko | https://flowerdeliveryhongkong.com/
[2026-08-25 13:45:18] [47/115] FDHK - Flower Delivery Hong Ko | https://flowerdeliveryhongkong.com/
[2026-08-25 13:45:18]   ↳ 已存在，跳過 (FDHK---Flower-Delivery-Hong-Kong.html)
[2026-08-25 13:45:18]   ↳ 已存在，跳過 (FDHK---Flower-Delivery-Hong-Kong.html)
[2026-08-25 13:45:18] [48/115] Joseph Photo 香港專業攝影工作室 | https://josephphoto.hk/
[2026-08-25 13:45:18] [48/115] Joseph Photo 香港專業攝影工作室 | https://josephphoto.hk/
[2026-08-25 13:45:18]   ↳ 已存在，跳過 (Joseph-Photo-香港專業攝影工作室.html)
[2026-08-25 13:45:18]   ↳ 已存在，跳過 (Joseph-Photo-香港專業攝影工作室.html)
[2026-08-25 13:45:18] [49/115] Majesty Professional Photo殿堂館- | https://www.majestyprofessional.com/
[2026-08-25 13:45:18] [49/115] Majesty Professional Photo殿堂館- | https://www.majestyprofessional.com/
[2026-08-25 13:45:18]   ↳ 已存在，跳過 (Majesty-Professional-Photo殿堂館-專業照首選.html)
[2026-08-25 13:45:18]   ↳ 已存在，跳過 (Majesty-Professional-Photo殿堂館-專業照首選.html)
[2026-08-25 13:45:18] [50/115] Owl Photo Studio 貓頭鷹照相館 | https://www.owlphoto.hk/
[2026-08-25 13:45:18] [50/115] Owl Photo Studio 貓頭鷹照相館 | https://www.owlphoto.hk/
[2026-08-25 13:45:18]   ↳ 已存在，跳過 (Owl-Photo-Studio-貓頭鷹照相館.html)
[2026-08-25 13:45:18]   ↳ 已存在，跳過 (Owl-Photo-Studio-貓頭鷹照相館.html)
[2026-08-25 13:45:18] [51/115] Yat Tung Heen - Eaton HK | https://www.yattungheen.com/
[2026-08-25 13:45:18] [51/115] Yat Tung Heen - Eaton HK | https://www.yattungheen.com/
[2026-08-25 13:45:18]   ↳ 已存在，跳過 (Yat-Tung-Heen---Eaton-HK.html)
[2026-08-25 13:45:18]   ↳ 已存在，跳過 (Yat-Tung-Heen---Eaton-HK.html)
[2026-08-25 13:45:18] [52/115] Hair Quest Hair salon Central | https://www.hairquest-hk.com/
[2026-08-25 13:45:18] [52/115] Hair Quest Hair salon Central | https://www.hairquest-hk.com/
[2026-08-25 13:45:18]   ↳ 已存在，跳過 (Hair-Quest-Hair-salon-Central.html)
[2026-08-25 13:45:18]   ↳ 已存在，跳過 (Hair-Quest-Hair-salon-Central.html)
[2026-08-25 13:45:18] [53/115] 天下猫猫一様猫 | https://www.catiscat.com.hk/
[2026-08-25 13:45:18] [53/115] 天下猫猫一様猫 | https://www.catiscat.com.hk/
[2026-08-25 13:45:18]   ↳ 已存在，跳過 (天下猫猫一様猫.html)
[2026-08-25 13:45:18]   ↳ 已存在，跳過 (天下猫猫一様猫.html)
[2026-08-25 13:45:18] [54/115] Bora beauty | https://bora.hk/
[2026-08-25 13:45:18] [54/115] Bora beauty | https://bora.hk/
[2026-08-25 13:45:18]   ↳ 已存在，跳過 (Bora-beauty.html)
[2026-08-25 13:45:18]   ↳ 已存在，跳過 (Bora-beauty.html)
[2026-08-25 13:45:18] [55/115] Dream Scenes Studio | http://dreamscenesstudio.com/
[2026-08-25 13:45:18] [55/115] Dream Scenes Studio | http://dreamscenesstudio.com/
[2026-08-25 13:45:18]   ↳ 已存在，跳過 (Dream-Scenes-Studio.html)
[2026-08-25 13:45:18]   ↳ 已存在，跳過 (Dream-Scenes-Studio.html)
[2026-08-25 13:45:18] [56/115] Dazzling Smile Dental Clinic 瑩 | https://dazzlingsmiledentalclinic.com/
[2026-08-25 13:45:18] [56/115] Dazzling Smile Dental Clinic 瑩 | https://dazzlingsmiledentalclinic.com/
[2026-08-25 13:45:18]   ↳ 已存在，跳過 (Dazzling-Smile-Dental-Clinic-瑩恩牙科診所.html)
[2026-08-25 13:45:18]   ↳ 已存在，跳過 (Dazzling-Smile-Dental-Clinic-瑩恩牙科診所.html)
[2026-08-25 13:45:18] [57/115] Family Smile Limited | http://www.familysmile.hk/
[2026-08-25 13:45:18] [57/115] Family Smile Limited | http://www.familysmile.hk/
[2026-08-25 13:45:18]   ↳ 已存在，跳過 (Family-Smile-Limited.html)
[2026-08-25 13:45:18]   ↳ 已存在，跳過 (Family-Smile-Limited.html)
[2026-08-25 13:45:18] [58/115] INDULGENCE hair & beauty salon | http://www.indulgence.hk/
[2026-08-25 13:45:18] [58/115] INDULGENCE hair & beauty salon | http://www.indulgence.hk/
[2026-08-25 13:45:18]   ↳ 已存在，跳過 (INDULGENCE-hair--beauty-salon.html)
[2026-08-25 13:45:18]   ↳ 已存在，跳過 (INDULGENCE-hair--beauty-salon.html)
[2026-08-25 13:45:18] [59/115] 花店 | 花束專家 | https://www.flowerbouquet.com.hk/
[2026-08-25 13:45:18] [59/115] 花店 | 花束專家 | https://www.flowerbouquet.com.hk/
[2026-08-25 13:45:18]   ↳ 已存在，跳過 (花店-花束專家.html)
[2026-08-25 13:45:18]   ↳ 已存在，跳過 (花店-花束專家.html)
[2026-08-25 13:45:18] [60/115] 網上訂花 ‧ 送花香港 | Fdhk 最高評分即日網上花店 | https://flowerdeliveryhongkong.com/zh
[2026-08-25 13:45:18] [60/115] 網上訂花 ‧ 送花香港 | Fdhk 最高評分即日網上花店 | https://flowerdeliveryhongkong.com/zh
[2026-08-25 13:45:18]   ↳ 已存在，跳過 (網上訂花--送花香港-Fdhk-最高評分即日網上花店.html)
[2026-08-25 13:45:18]   ↳ 已存在，跳過 (網上訂花--送花香港-Fdhk-最高評分即日網上花店.html)
[2026-08-25 13:45:18] [61/115] Rhine Flowers | https://rhineflowers.com/
[2026-08-25 13:45:18] [61/115] Rhine Flowers | https://rhineflowers.com/
[2026-08-25 13:45:18]   ↳ 已存在，跳過 (Rhine-Flowers.html)
[2026-08-25 13:45:18]   ↳ 已存在，跳過 (Rhine-Flowers.html)
[2026-08-25 13:45:18] [62/115] 香港花店｜網上訂花及送花｜Gift Flowers HK | https://giftflowers.com.hk/cn/
[2026-08-25 13:45:18] [62/115] 香港花店｜網上訂花及送花｜Gift Flowers HK | https://giftflowers.com.hk/cn/
[2026-08-25 13:45:18]   ↳ 已存在，跳過 (香港花店網上訂花及送花Gift-Flowers-HK.html)
[2026-08-25 13:45:18]   ↳ 已存在，跳過 (香港花店網上訂花及送花Gift-Flowers-HK.html)
[2026-08-25 13:45:18] [63/115] Flora Floriculture - 花店 | https://www.floraf.com.hk/
[2026-08-25 13:45:18] [63/115] Flora Floriculture - 花店 | https://www.floraf.com.hk/
[2026-08-25 13:45:18]   ↳ 已存在，跳過 (Flora-Floriculture---花店.html)
[2026-08-25 13:45:18]   ↳ 已存在，跳過 (Flora-Floriculture---花店.html)
[2026-08-25 13:45:18] [64/115] 香港花店 | https://www.mrsliuflorist.com/
[2026-08-25 13:45:18] [64/115] 香港花店 | https://www.mrsliuflorist.com/
[2026-08-25 13:45:18]   ↳ 已存在，跳過 (香港花店.html)
[2026-08-25 13:45:18]   ↳ 已存在，跳過 (香港花店.html)
[2026-08-25 13:45:18] [65/115] 網上花店| 網上訂花 | 即日送花 | HKfashop | https://hkfashop.com/
[2026-08-25 13:45:18] [65/115] 網上花店| 網上訂花 | 即日送花 | HKfashop | https://hkfashop.com/
[2026-08-25 13:45:18]   ↳ 已存在，跳過 (網上花店-網上訂花-即日送花-HKfashop.html)
[2026-08-25 13:45:18]   ↳ 已存在，跳過 (網上花店-網上訂花-即日送花-HKfashop.html)
[2026-08-25 13:45:18] [66/115] 【 送花】 ｜訂花｜Flowerbee Florist訂花束 | https://flowerbee-hk.com/zh
[2026-08-25 13:45:18] [66/115] 【 送花】 ｜訂花｜Flowerbee Florist訂花束 | https://flowerbee-hk.com/zh
[2026-08-25 13:45:18]   ↳ 已存在，跳過 (送花-訂花Flowerbee-Florist訂花束---Flowerbee-HK-Florist.html)
[2026-08-25 13:45:18]   ↳ 已存在，跳過 (送花-訂花Flowerbee-Florist訂花束---Flowerbee-HK-Florist.html)
[2026-08-25 13:45:18] [67/115] 花點時間｜香港旺角花墟實體花店：24小時訂花、鮮花花束、開張 | https://www.reflower.com.hk/
[2026-08-25 13:45:18] [67/115] 花點時間｜香港旺角花墟實體花店：24小時訂花、鮮花花束、開張 | https://www.reflower.com.hk/
[2026-08-25 13:45:18]   ↳ 已存在，跳過 (花點時間香港旺角花墟實體花店24小時訂花鮮花花束開張花籃鮮花批發---花點時間-Reflower.html)
[2026-08-25 13:45:18]   ↳ 已存在，跳過 (花點時間香港旺角花墟實體花店24小時訂花鮮花花束開張花籃鮮花批發---花點時間-Reflower.html)
[2026-08-25 13:45:18] [68/115] 香港花店- 首頁花店推薦 - 我們代表和倡導位於香港島、九龍 | https://zh-hk.hk-florist.org/
[2026-08-25 13:45:18] [68/115] 香港花店- 首頁花店推薦 - 我們代表和倡導位於香港島、九龍 | https://zh-hk.hk-florist.org/
[2026-08-25 13:45:18]   ↳ 已存在，跳過 (香港花店--首頁花店推薦---我們代表和倡導位於香港島九龍和新界的花店以及在線花店和鮮花配送公司.html)
[2026-08-25 13:45:18]   ↳ 已存在，跳過 (香港花店--首頁花店推薦---我們代表和倡導位於香港島九龍和新界的花店以及在線花店和鮮花配送公司.html)
[2026-08-25 13:45:18] [69/115] 有花漾 ZH Flowers | https://www.zh-flowers.com/
[2026-08-25 13:45:18] [69/115] 有花漾 ZH Flowers | https://www.zh-flowers.com/
[2026-08-25 13:45:18]   ↳ 已存在，跳過 (有花漾-ZH-Flowers.html)
[2026-08-25 13:45:18]   ↳ 已存在，跳過 (有花漾-ZH-Flowers.html)
[2026-08-25 13:45:18] [70/115] 花店花生花華 | FaSunflower Florist | https://www.fasunflower.com/
[2026-08-25 13:45:18] [70/115] 花店花生花華 | FaSunflower Florist | https://www.fasunflower.com/
[2026-08-25 13:45:18]   ↳ 已存在，跳過 (花店花生花華-FaSunflower-Florist.html)
[2026-08-25 13:45:18]   ↳ 已存在，跳過 (花店花生花華-FaSunflower-Florist.html)
[2026-08-25 13:45:18] [71/115] 格蘭花店 Grand Floral & Gift Shop | https://grand.com.hk/
[2026-08-25 13:45:18] [71/115] 格蘭花店 Grand Floral & Gift Shop | https://grand.com.hk/
[2026-08-25 13:45:18]   ↳ 已存在，跳過 (格蘭花店-Grand-Floral--Gift-Shop.html)
[2026-08-25 13:45:18]   ↳ 已存在，跳過 (格蘭花店-Grand-Floral--Gift-Shop.html)
[2026-08-25 13:45:18] [72/115] WHY Studio - 上環證件相｜學生相｜專業形象照 | https://www.whystudiohk.com/
[2026-08-25 13:45:18] [72/115] WHY Studio - 上環證件相｜學生相｜專業形象照 | https://www.whystudiohk.com/
[2026-08-25 13:45:18]   ↳ 已存在，跳過 (WHY-Studio---上環證件相學生相專業形象照.html)
[2026-08-25 13:45:18]   ↳ 已存在，跳過 (WHY-Studio---上環證件相學生相專業形象照.html)
[2026-08-25 13:45:18] [73/115] Cat Watt 晴珊猫舎 | http://www.catwatt.com/
[2026-08-25 13:45:18] [73/115] Cat Watt 晴珊猫舎 | http://www.catwatt.com/
[2026-08-25 13:45:18]   ↳ 已存在，跳過 (Cat-Watt-晴珊猫舎.html)
[2026-08-25 13:45:18]   ↳ 已存在，跳過 (Cat-Watt-晴珊猫舎.html)
[2026-08-25 13:45:18] [74/115] 牙齒矯正及兒童齒科中心 (旺角朗豪坊) | Orthodon | https://www.ortho-center.com/
[2026-08-25 13:45:18] [74/115] 牙齒矯正及兒童齒科中心 (旺角朗豪坊) | Orthodon | https://www.ortho-center.com/
[2026-08-25 13:45:18]   ↳ 已存在，跳過 (牙齒矯正及兒童齒科中心-旺角朗豪坊-Orthodontic--Childrens-Dental-Center-Langh.html)
[2026-08-25 13:45:18]   ↳ 已存在，跳過 (牙齒矯正及兒童齒科中心-旺角朗豪坊-Orthodontic--Childrens-Dental-Center-Langh.html)
[2026-08-25 13:45:18] [75/115] HALO Flowers | https://haloflowers.com.hk/zh-hant/
[2026-08-25 13:45:18] [75/115] HALO Flowers | https://haloflowers.com.hk/zh-hant/
[2026-08-25 13:45:18]   ↳ 已存在，跳過 (HALO-Flowers.html)
[2026-08-25 13:45:18]   ↳ 已存在，跳過 (HALO-Flowers.html)
[2026-08-25 13:45:18] [76/115] Pettington 柏靈頓獸醫寵物用品 | https://www.pettington.com/
[2026-08-25 13:45:18] [76/115] Pettington 柏靈頓獸醫寵物用品 | https://www.pettington.com/
[2026-08-25 13:45:18]   ↳ 已存在，跳過 (Pettington-柏靈頓獸醫寵物用品.html)
[2026-08-25 13:45:18]   ↳ 已存在，跳過 (Pettington-柏靈頓獸醫寵物用品.html)
[2026-08-25 13:45:18] [77/115] 皓保牙科診所 Craft Smile Dental Cent | https://zh.drchrischeung.com/
[2026-08-25 13:45:18] [77/115] 皓保牙科診所 Craft Smile Dental Cent | https://zh.drchrischeung.com/
[2026-08-25 13:45:18]   ↳ 已存在，跳過 (皓保牙科診所-Craft-Smile-Dental-Center.html)
[2026-08-25 13:45:18]   ↳ 已存在，跳過 (皓保牙科診所-Craft-Smile-Dental-Center.html)
[2026-08-25 13:45:18] [78/115] Toyota Kowloon Bay Service Cen | https://www.toyota.com.hk/?utm_campaign=gmb&utm_medium=organic&utm_source=local
[2026-08-25 13:45:18] [78/115] Toyota Kowloon Bay Service Cen | https://www.toyota.com.hk/?utm_campaign=gmb&utm_medium=organic&utm_source=local
[2026-08-25 13:45:18]   ↳ 已存在，跳過 (Toyota-Kowloon-Bay-Service-Centre-Mechanical.html)
[2026-08-25 13:45:18]   ↳ 已存在，跳過 (Toyota-Kowloon-Bay-Service-Centre-Mechanical.html)
[2026-08-25 13:45:18] [79/115] Anglo Chinese Florist | http://www.anglochinese.com/
[2026-08-25 13:45:18] [79/115] Anglo Chinese Florist | http://www.anglochinese.com/
[2026-08-25 13:45:18]   ↳ 已存在，跳過 (Anglo-Chinese-Florist.html)
[2026-08-25 13:45:18]   ↳ 已存在，跳過 (Anglo-Chinese-Florist.html)
[2026-08-25 13:45:18] [80/115] Photobi HK 韓式 証件相拍摂工作室 - 湾仔店 | https://photobi.hk/
[2026-08-25 13:45:18] [80/115] Photobi HK 韓式 証件相拍摂工作室 - 湾仔店 | https://photobi.hk/
[2026-08-25 13:45:18]   ↳ 已存在，跳過 (Photobi-HK-韓式-証件相拍摂工作室---湾仔店.html)
[2026-08-25 13:45:18]   ↳ 已存在，跳過 (Photobi-HK-韓式-証件相拍摂工作室---湾仔店.html)
[2026-08-25 13:45:18] [81/115] Advance Pet Food | http://advancepetfood.com/
[2026-08-25 13:45:18] [81/115] Advance Pet Food | http://advancepetfood.com/
[2026-08-25 13:45:18]   ↳ 已存在，跳過 (Advance-Pet-Food.html)
[2026-08-25 13:45:18]   ↳ 已存在，跳過 (Advance-Pet-Food.html)
[2026-08-25 13:45:18] [82/115] Anna Maria Studio | http://annamstudio.com/
[2026-08-25 13:45:18] [82/115] Anna Maria Studio | http://annamstudio.com/
[2026-08-25 13:45:18]   ↳ 已存在，跳過 (Anna-Maria-Studio.html)
[2026-08-25 13:45:18]   ↳ 已存在，跳過 (Anna-Maria-Studio.html)
[2026-08-25 13:45:18] [83/115] 1984 HAIR SALON | https://1984hairsalon.wixsite.com/1984-hairsalon
[2026-08-25 13:45:18] [83/115] 1984 HAIR SALON | https://1984hairsalon.wixsite.com/1984-hairsalon
[2026-08-25 13:45:18]   ↳ 已存在，跳過 (1984-HAIR-SALON.html)
[2026-08-25 13:45:18]   ↳ 已存在，跳過 (1984-HAIR-SALON.html)
[2026-08-25 13:45:18] [84/115] Bulls PPF 専門店 | https://www.ppf.com.hk/
[2026-08-25 13:45:18] [84/115] Bulls PPF 専門店 | https://www.ppf.com.hk/
[2026-08-25 13:45:18]   ↳ 已存在，跳過 (Bulls-PPF-専門店.html)
[2026-08-25 13:45:18]   ↳ 已存在，跳過 (Bulls-PPF-専門店.html)
[2026-08-25 13:45:18] [85/115] LEEKAJA X AMONG Hair Salon Cen | https://www.leekaja.hk/
[2026-08-25 13:45:18] [85/115] LEEKAJA X AMONG Hair Salon Cen | https://www.leekaja.hk/
[2026-08-25 13:45:18]   ↳ 已存在，跳過 (LEEKAJA-X-AMONG-Hair-Salon-Century-Square-in-Hongkong-한국-미용실.html)
[2026-08-25 13:45:18]   ↳ 已存在，跳過 (LEEKAJA-X-AMONG-Hair-Salon-Century-Square-in-Hongkong-한국-미용실.html)
[2026-08-25 13:45:18] [86/115] MEGAPET (Kowloon City Shop) | http://www.megapet.com.hk/
[2026-08-25 13:45:18] [86/115] MEGAPET (Kowloon City Shop) | http://www.megapet.com.hk/
[2026-08-25 13:45:18]   ↳ 已存在，跳過 (MEGAPET-Kowloon-City-Shop.html)
[2026-08-25 13:45:18]   ↳ 已存在，跳過 (MEGAPET-Kowloon-City-Shop.html)
[2026-08-25 13:45:18] [87/115] 仁健牙科 Nixon Dental (太子牙醫/旺角牙醫/洗 | http://www.nixondental.com/
[2026-08-25 13:45:18] [87/115] 仁健牙科 Nixon Dental (太子牙醫/旺角牙醫/洗 | http://www.nixondental.com/
[2026-08-25 13:45:18]   ↳ 已存在，跳過 (仁健牙科-Nixon-Dental-太子牙醫-旺角牙醫-洗牙-補牙-種牙-植牙-杜牙根-智慧齒-箍牙-Invisalig.html)
[2026-08-25 13:45:18]   ↳ 已存在，跳過 (仁健牙科-Nixon-Dental-太子牙醫-旺角牙醫-洗牙-補牙-種牙-植牙-杜牙根-智慧齒-箍牙-Invisalig.html)
[2026-08-25 13:45:18] [88/115] 香港車房及汽車維修 | CarService.hk | https://www.carservice.hk/zh-hk
[2026-08-25 13:45:18] [88/115] 香港車房及汽車維修 | CarService.hk | https://www.carservice.hk/zh-hk
[2026-08-25 13:45:18]   ↳ 已存在，跳過 (香港車房及汽車維修-CarService.hk.html)
[2026-08-25 13:45:18]   ↳ 已存在，跳過 (香港車房及汽車維修-CarService.hk.html)
[2026-08-25 13:45:18] [89/115] 24小時 上門汽車維修保養服務 | https://garage-hk.com/onsite.php
[2026-08-25 13:45:18] [89/115] 24小時 上門汽車維修保養服務 | https://garage-hk.com/onsite.php
[2026-08-25 13:45:18]   ↳ 已存在，跳過 (24小時-上門汽車維修保養服務.html)
[2026-08-25 13:45:18]   ↳ 已存在，跳過 (24小時-上門汽車維修保養服務.html)
[2026-08-25 13:45:18] [90/115] 保養及維修服務 - Dchmsc | https://www.dchmsc.com/zh/maintenance-repair
[2026-08-25 13:45:18] [90/115] 保養及維修服務 - Dchmsc | https://www.dchmsc.com/zh/maintenance-repair
[2026-08-25 13:45:18]   ↳ 已存在，跳過 (保養及維修服務---Dchmsc.html)
[2026-08-25 13:45:18]   ↳ 已存在，跳過 (保養及維修服務---Dchmsc.html)
[2026-08-25 13:45:18] [91/115] Carro Care | https://carro.co/hk/zh-hant-hk/carro-care
[2026-08-25 13:45:18] [91/115] Carro Care | https://carro.co/hk/zh-hant-hk/carro-care
[2026-08-25 13:45:18]   ↳ 已存在，跳過 (Carro-Care.html)
[2026-08-25 13:45:18]   ↳ 已存在，跳過 (Carro-Care.html)
[2026-08-25 13:45:18] [92/115] 車師傅 - 全港認證車師傅總匯 | https://www.mastercar.hk/
[2026-08-25 13:45:18] [92/115] 車師傅 - 全港認證車師傅總匯 | https://www.mastercar.hk/
[2026-08-25 13:45:18]   ↳ 已存在，跳過 (車師傅---全港認證車師傅總匯.html)
[2026-08-25 13:45:18]   ↳ 已存在，跳過 (車師傅---全港認證車師傅總匯.html)
[2026-08-25 13:45:18] [93/115] 堅記車房平台 | https://www.kinkeecar.com/
[2026-08-25 13:45:18] [93/115] 堅記車房平台 | https://www.kinkeecar.com/
[2026-08-25 13:45:18]   ↳ 已存在，跳過 (堅記車房平台.html)
[2026-08-25 13:45:18]   ↳ 已存在，跳過 (堅記車房平台.html)
[2026-08-25 13:45:18] [94/115] 汽車保養及汽車維修 | CarService.hk | https://www.carservice.hk/zh-hk/services/car-servicing
[2026-08-25 13:45:18] [94/115] 汽車保養及汽車維修 | CarService.hk | https://www.carservice.hk/zh-hk/services/car-servicing
[2026-08-25 13:45:18]   ↳ 已存在，跳過 (汽車保養及汽車維修-CarService.hk.html)
[2026-08-25 13:45:18]   ↳ 已存在，跳過 (汽車保養及汽車維修-CarService.hk.html)
[2026-08-25 13:45:18] [95/115] 汽車維修 - Anyone | https://www.anyonehk.com/%E6%B1%BD%E8%BB%8A%E7%B6%AD%E4%BF%AE/
[2026-08-25 13:45:18] [95/115] 汽車維修 - Anyone | https://www.anyonehk.com/%E6%B1%BD%E8%BB%8A%E7%B6%AD%E4%BF%AE/
[2026-08-25 13:45:18]   ↳ 已存在，跳過 (汽車維修---Anyone.html)
[2026-08-25 13:45:18]   ↳ 已存在，跳過 (汽車維修---Anyone.html)
[2026-08-25 13:45:18] [96/115] 香港汽車維修公司名錄 - 新成立/注册及已更改名称的公司名单 | https://hkg.databasesets.com/zh-hant/gongsimingdan/type/Motor_Service
[2026-08-25 13:45:18] [96/115] 香港汽車維修公司名錄 - 新成立/注册及已更改名称的公司名单 | https://hkg.databasesets.com/zh-hant/gongsimingdan/type/Motor_Service
[2026-08-25 13:45:18]   ↳ 已存在，跳過 (香港汽車維修公司名錄---新成立-注册及已更改名称的公司名单.html)
[2026-08-25 13:45:18]   ↳ 已存在，跳過 (香港汽車維修公司名錄---新成立-注册及已更改名称的公司名单.html)
[2026-08-25 13:45:18] [97/115] 汽車服務公司 - Driver.com.hk | https://www.driver.com.hk/service
[2026-08-25 13:45:18] [97/115] 汽車服務公司 - Driver.com.hk | https://www.driver.com.hk/service
[2026-08-25 13:45:18]   ↳ 已存在，跳過 (汽車服務公司---Driver.com.hk.html)
[2026-08-25 13:45:18]   ↳ 已存在，跳過 (汽車服務公司---Driver.com.hk.html)
[2026-08-25 13:45:18] [98/115] 最佳香港花店推介 送花訂花好去處/網上買花 | https://www.timeout.com.hk/hong-kong/hk/%E8%B3%BC%E7%89%A9/%E6%9C%80%E4%BD%B3%E9%A6%99%E6%B8%AF%E8%8A%B1%E5%BA%97%E6%8E%A8%E4%BB%8B-%E9%80%81%E8%8A%B1%E8%A8%82%E8%8A%B1%E5%A5%BD%E5%8E%BB%E8%99%95-%E7%B6%B2%E4%B8%8A%E8%B2%B7%E8%8A%B1
[2026-08-25 13:45:18] [98/115] 最佳香港花店推介 送花訂花好去處/網上買花 | https://www.timeout.com.hk/hong-kong/hk/%E8%B3%BC%E7%89%A9/%E6%9C%80%E4%BD%B3%E9%A6%99%E6%B8%AF%E8%8A%B1%E5%BA%97%E6%8E%A8%E4%BB%8B-%E9%80%81%E8%8A%B1%E8%A8%82%E8%8A%B1%E5%A5%BD%E5%8E%BB%E8%99%95-%E7%B6%B2%E4%B8%8A%E8%B2%B7%E8%8A%B1
[2026-08-25 13:45:18]   ↳ 已存在，跳過 (最佳香港花店推介-送花訂花好去處-網上買花.html)
[2026-08-25 13:45:18]   ↳ 已存在，跳過 (最佳香港花店推介-送花訂花好去處-網上買花.html)
[2026-08-25 13:45:18] [99/115] HK Florist Directory | https://zh-hk.hk-florist.org/hk-florist-directory/
[2026-08-25 13:45:18] [99/115] HK Florist Directory | https://zh-hk.hk-florist.org/hk-florist-directory/
[2026-08-25 13:45:18]   ↳ 已存在，跳過 (HK-Florist-Directory.html)
[2026-08-25 13:45:18]   ↳ 已存在，跳過 (HK-Florist-Directory.html)
[2026-08-25 13:45:18] [100/115] 主頁 | https://shunkeeflowers.com.hk/
[2026-08-25 13:45:18] [100/115] 主頁 | https://shunkeeflowers.com.hk/
[2026-08-25 13:45:18]   ↳ 已存在，跳過 (主頁.html)
[2026-08-25 13:45:18]   ↳ 已存在，跳過 (主頁.html)
[2026-08-25 13:45:18] [101/115] Kushiro | http://www.kushiro.com.hk/
[2026-08-25 13:45:18] [101/115] Kushiro | http://www.kushiro.com.hk/
[2026-08-25 13:45:18]   ↳ 已存在，跳過 (Kushiro.html)
[2026-08-25 13:45:18]   ↳ 已存在，跳過 (Kushiro.html)
[2026-08-25 13:45:18] [102/115] PETNAR LIVING 裝修工程 室內設計 傢俬訂製 | https://petnar-living.com/interior-design/
[2026-08-25 13:45:18] [102/115] PETNAR LIVING 裝修工程 室內設計 傢俬訂製 | https://petnar-living.com/interior-design/
[2026-08-25 13:45:18]   ↳ 已存在，跳過 (PETNAR-LIVING-裝修工程-室內設計-傢俬訂製.html)
[2026-08-25 13:45:18]   ↳ 已存在，跳過 (PETNAR-LIVING-裝修工程-室內設計-傢俬訂製.html)
[2026-08-25 13:45:18] [103/115] 太子中学補習社 - 立方教育 | https://www.ilearndse.com/
[2026-08-25 13:45:18] [103/115] 太子中学補習社 - 立方教育 | https://www.ilearndse.com/
[2026-08-25 13:45:18]   ↳ 已存在，跳過 (太子中学補習社---立方教育.html)
[2026-08-25 13:45:18]   ↳ 已存在，跳過 (太子中学補習社---立方教育.html)
[2026-08-25 13:45:18] [104/115] Speedycat Photo Studio | https://www.speedycat.com.hk/
[2026-08-25 13:45:18] [104/115] Speedycat Photo Studio | https://www.speedycat.com.hk/
[2026-08-25 13:45:18]   ↳ 已存在，跳過 (Speedycat-Photo-Studio.html)
[2026-08-25 13:45:18]   ↳ 已存在，跳過 (Speedycat-Photo-Studio.html)
[2026-08-25 13:45:18] [105/115] 進研教育 - 英文中文數學補習社 (北角分校) | https://www.joinin-education.com/
[2026-08-25 13:45:18] [105/115] 進研教育 - 英文中文數學補習社 (北角分校) | https://www.joinin-education.com/
[2026-08-25 13:45:18]   ↳ 已存在，跳過 (進研教育---英文中文數學補習社-北角分校.html)
[2026-08-25 13:45:18]   ↳ 已存在，跳過 (進研教育---英文中文數學補習社-北角分校.html)
[2026-08-25 13:45:18] [106/115] 聚萌 | https://www.dogatherhk.com/
[2026-08-25 13:45:18] [106/115] 聚萌 | https://www.dogatherhk.com/
[2026-08-25 13:45:18]   ↳ 已存在，跳過 (聚萌.html)
[2026-08-25 13:45:18]   ↳ 已存在，跳過 (聚萌.html)
[2026-08-25 13:45:18] [107/115] The Factory Hair剪髮染髮電髮專門店 | http://haircuthk.com/
[2026-08-25 13:45:18] [107/115] The Factory Hair剪髮染髮電髮專門店 | http://haircuthk.com/
[2026-08-25 13:45:18]   ↳ 已存在，跳過 (The-Factory-Hair剪髮染髮電髮專門店.html)
[2026-08-25 13:45:18]   ↳ 已存在，跳過 (The-Factory-Hair剪髮染髮電髮專門店.html)
[2026-08-25 13:45:18] [108/115] EcHouse 装修配対平台 | 装修報価 | 室内設計 | | https://www.echouse.com.hk/
[2026-08-25 13:45:18] [108/115] EcHouse 装修配対平台 | 装修報価 | 室内設計 | | https://www.echouse.com.hk/
[2026-08-25 13:45:18]   ↳ 已存在，跳過 (EcHouse-装修配対平台-装修報価-室内設計-装修設計.html)
[2026-08-25 13:45:18]   ↳ 已存在，跳過 (EcHouse-装修配対平台-装修報価-室内設計-装修設計.html)
[2026-08-25 13:45:18] [109/115] Element Dental Centre 弘悅牙科 | https://www.elementdentalhk.com/
[2026-08-25 13:45:18] [109/115] Element Dental Centre 弘悅牙科 | https://www.elementdentalhk.com/
[2026-08-25 13:45:18]   ↳ 已存在，跳過 (Element-Dental-Centre-弘悅牙科.html)
[2026-08-25 13:45:18]   ↳ 已存在，跳過 (Element-Dental-Centre-弘悅牙科.html)
[2026-08-25 13:45:18] [110/115] 皆一空間 室内設計 装修工程 | http://arone-space.com/
[2026-08-25 13:45:18] [110/115] 皆一空間 室内設計 装修工程 | http://arone-space.com/
[2026-08-25 13:45:18]   ↳ 已存在，跳過 (皆一空間-室内設計-装修工程.html)
[2026-08-25 13:45:18]   ↳ 已存在，跳過 (皆一空間-室内設計-装修工程.html)
[2026-08-25 13:45:18] [111/115] The Vault Fitness | http://thevault-fitness.com/
[2026-08-25 13:45:18] [111/115] The Vault Fitness | http://thevault-fitness.com/
[2026-08-25 13:45:18]   ↳ 已存在，跳過 (The-Vault-Fitness.html)
[2026-08-25 13:45:18]   ↳ 已存在，跳過 (The-Vault-Fitness.html)
[2026-08-25 13:45:18] [112/115] 電髮 染髮 焗油 GH Haircut Salon | https://haircuthk.com/%E4%B8%AD%E7%92%B0%E6%9F%93%E9%AB%AE/
[2026-08-25 13:45:18] [112/115] 電髮 染髮 焗油 GH Haircut Salon | https://haircuthk.com/%E4%B8%AD%E7%92%B0%E6%9F%93%E9%AB%AE/
[2026-08-25 13:45:18]   ↳ 已存在，跳過 (電髮-染髮-焗油-GH-Haircut-Salon.html)
[2026-08-25 13:45:18]   ↳ 已存在，跳過 (電髮-染髮-焗油-GH-Haircut-Salon.html)
[2026-08-25 13:45:18] [113/115] METEOR HK 摂影器材精品店 | http://www.meteor.com.hk/
[2026-08-25 13:45:18] [113/115] METEOR HK 摂影器材精品店 | http://www.meteor.com.hk/
[2026-08-25 13:45:18]   ↳ 已存在，跳過 (METEOR-HK-摂影器材精品店.html)
[2026-08-25 13:45:18]   ↳ 已存在，跳過 (METEOR-HK-摂影器材精品店.html)
[2026-08-25 13:45:18] [114/115] Goood Car Wrap | https://gooodcarwrap.wixsite.com/goood-car-wrap
[2026-08-25 13:45:18] [114/115] Goood Car Wrap | https://gooodcarwrap.wixsite.com/goood-car-wrap
[2026-08-25 13:45:18]   ↳ 已存在，跳過 (Goood-Car-Wrap.html)
[2026-08-25 13:45:18]   ↳ 已存在，跳過 (Goood-Car-Wrap.html)
[2026-08-25 13:45:18] [115/115] 中環Salon Goody | https://haircuthk.com/%E4%B8%AD%E7%92%B0salon/
[2026-08-25 13:45:18] [115/115] 中環Salon Goody | https://haircuthk.com/%E4%B8%AD%E7%92%B0salon/
[2026-08-25 13:45:18]   ↳ 已存在，跳過 (中環Salon-Goody.html)
[2026-08-25 13:45:18]   ↳ 已存在，跳過 (中環Salon-Goody.html)
[2026-08-25 13:45:18] == 完成 ==
[2026-08-25 13:45:18] == 完成 ==
[2026-08-25 13:45:18] 成功 115 個，失敗 0 個
[2026-08-25 13:45:18] 成功 115 個，失敗 0 個

── 失敗清單 ──
[2026-08-25 13:45:18] == 開始為 0 間「沒網站但有聯絡」的商家建立一頁式網頁 → /home/ubuntu/.mok/html/project/MokCs ==
[2026-08-25 13:45:18] == 開始為 0 間「沒網站但有聯絡」的商家建立一頁式網頁 → /home/ubuntu/.mok/html/project/MokCs ==
[2026-08-25 13:45:18] == 一頁式網頁完成：0/0 ==
[2026-08-25 13:45:18] == 一頁式網頁完成：0/0 ==
